:020000022000DC
:1070000000000420FD0603003D0703003F070300C6
:107010004107030043070300450703000000000089
:1070200000000000000000000000000079060300DE
:107030004907030000000000990603004D07030004
:10704000890803004F0703004F0703004F070300A1
:107050004F0703004F0703003DE402004F07030002
:107060004F0703004F0703004F0703004F070300BC
:107070004F0703004F0703004F0703004F070300AC
:107080004F070300C90303004F0703004F07030026
:107090004F0703004F0703004F0703004F0703008C
:1070A0004F0703004F0703004F0703004F0703007C
:1070B0004F0703004F07030000000000000000001E
:1070C0004F0703004F0703004F0703007509030034
:1070D0004F0703004F0703004F0703006D8E0200A8
:1070E0004F0703004F0703004F0703000000000095
:1070F000000000004F07030000000000ED0903003E
:10710000000000000000000000000000000000007F
:10711000000000000000000000000000000000006F
:10712000000000000000000000000000000000005F
:10713000000000000000000000000000000000004F
:10714000000000000000000000000000000000003F
:10715000000000000000000000000000000000002F
:10716000000000000000000000000000000000001F
:10717000000000000000000000000000000000000F
:1071800000000000000000000000000000000000FF
:1071900000000000000000000000000000000000EF
:1071A00000000000000000000000000000000000DF
:1071B00000000000000000000000000000000000CF
:1071C00000000000000000000000000000000000BF
:1071D00000000000000000000000000000000000AF
:1071E000000000000000000000000000000000009F
:1071F000000000000000000000000000000000008F
:10720000F1EE103A43F08073E1EE103A704700BFA0
:1072100010B5054C237833B9044B13B10448AFF3D0
:1072200000800123237010BD0863002000000000CF
:10723000B840030008B5034B1BB103490348AFF343
:10724000008008BD000000000C630020B84003006F
:10725000154B002B08BF134B9D46A3F5803A002128
:107260008B460F461348144A121A0AF0F3F90F4BD3
:10727000002B00D098470E4B002B00D098470020E1
:10728000002104000D000D48002802D00C48AFF387
:1072900000800AF083F92000290009F087FA0AF03B
:1072A00069F900BF00000800000004200000000091
:1072B0000000000008630020D485002000000000CA
:1072C0000000000008B519484FF4E13101F088FAD8
:1072D000174800F0E1F820B91649144806F0EAFF13
:1072E000FEE713480122002101F05EF80022104859
:1072F000072100F083FF0E48002100F087FF0C48B3
:10730000012100F0A7FF0C4A0948012100F0C4FF49
:107310000748012100F024FF0849044806F0CAFF8D
:10732000BDE808400649014806F0C4BFC069002016
:1073300028630020403B030000600020683B0300FE
:10734000843B030000B583B00F480DF1060100F047
:10735000ABFC10B903B05DF804FB002301220DF172
:10736000070109488DF8073000F03AF90749084845
:1073700006F072FF9DF8071005480A2207F02EF864
:1073800003B05DF804FB00BF286300209C3B0300B2
:10739000C0690020014800F047B800BF2863002002
:1073A0001E4B0021012270B5C3F810111A61054669
:1073B00007F086F81A4E044604E007F081F8031B34
:1073C000FA2B10D83368002BF7D0144B062100227B
:1073D000C3F81021C3F80012D3F85015082903D9B7
:1073E000002385F8253470BD0121C3F854211960AC
:1073F00007F066F80B4E044604E007F061F8031B43
:10740000FA2BF0D83368002BF7D0044B0022C3F8D6
:107410005421002385F82534E5E700BF0010004023
:107420001011004054110040F0B41A4940F20555C3
:1074300020224FF416747326A0F81A5280F82624DE
:10744000A0F844440022A0F8066100F2474500F588
:10745000847400F5CD6680F8282480F82324A0F8F1
:10746000242480F8432480F846240027C1F80C55D2
:10747000C1F8104500F5AA65C1F8086500F5CF64AC
:1074800043F23906C1F81455C4E90067F0BC80F82E
:107490001122704700F000404FF08043002101228C
:1074A00070B5C3F800111A60044607F009F8454E9C
:1074B000054604E007F004F8431BFA2B7FD8336835
:1074C000002BF7D04FF0804300210122C3F80411B4
:1074D0009A6006F0F5FF3C4E054604E006F0F0FF2A
:1074E000431BFA2B6BD83368002BF7D0374B384A45
:1074F000384E394D0120C3F8FC0FC3F8142594F819
:10750000262442EA022242F08272C3F818254FF084
:10751000E732C3F81C2500214FF04332C3F8202581
:10752000C3F82465C3F82855C3F83005C3F82C15F3
:10753000D3F81C25C4F83424D3F82425C4F83824FF
:10754000D3F81C25C4F82C24D3F82425C4F83024FF
:107550000222C3F83425214D4FF6FF72C3F83C25B3
:10756000C3F8385540F201220825C3F80445C3F892
:107570001015C3F85026C3F80C554C224FF00135B6
:10758000C3F80825C4F8125294F8126284F8231440
:10759000320442EA0622C4F81652C3F81425D3F87E
:1075A0001825120C1204C3F8182594F82624D3F8D1
:1075B000181542EA02220A43C3F8182570BD0020BC
:1075C00070BD00BF000100400401004000100040F9
:1075D00000010100E743C323A363E313211001006B
:1075E00010B50446084604F21D210AF00BF80023EA
:1075F00084F83C3484F8463410BD00BF2DE9F04FC8
:107600002DED028B044689B090F8230494F827549A
:107610009DF85060059508EE101A079602920493A3
:10762000002800F051822A46C14B0132D2B2A3FB9E
:107630000213D11A03EB51039B08C3EBC303D31A04
:107640005B00DBB2059394F8113284F827241BB158
:10765000079A002A40F0C881002200920692009A00
:10766000DFF8E892B34DDFF8E88284F8432400287D
:1076700040F05281059A60702270002B00F09181D9
:10768000079B002B00F08D8194F81232002B40F004
:107690004B81224608200523B4F8786694F87A16C0
:1076A000E652234420449970D4F88136136094F84C
:1076B00085361371029B04F20B11A3F1080209F045
:1076C000A1FF9D4B00210122C3F80C119A6006F026
:1076D000F7FE064605E006F0F3FE801BFA2800F2EE
:1076E0004681D9F80030002BF5D0934B0022C3F827
:1076F0000C21049A002A40F0EA81D3F82C25224478
:1077000092F812220392002A00F0E181D3F830258A
:10771000D3F82C05019294F8231401228240C3F877
:107720003025E9B994F81212049884F823040A0465
:1077300042EA012294F82614069184F82604C3F83C
:107740001425D3F81825120C1204C3F8182594F840
:107750002624D3F8181542EA02220A43C3F8182552
:10776000754B00210122C3F810111A6106F0A8FE22
:10777000064604E006F0A4FE801BFA2820D82B68F9
:10778000002BF7D06C4B00220121C3F81021C3F865
:107790000022C3F85821C3F83021596006F090FE4A
:1077A000064604E006F08CFE801BFA2808D8634BDE
:1077B0001B68002BF6D0604A0123936084F82534BF
:1077C00094F82334B4F84464002B40F0D8805A4B2A
:1077D000D3F81025002A00F0ED80D3F81035022BE5
:1077E00000F0E880873ED8F80C30DF0126EAE67624
:1077F00040F1B080524B1A68D00740F1AB805F680F
:10780000BF09DFF834B1DFF840A107E01368DB07F8
:107810000FD553689B09DB1BB34214D8DBF830311A
:10782000474A83B9DBF834316BB9D8F80C30D90149
:10783000ECD407F099FFA0FB0A01830A43EA8153C5
:10784000DB1BB342EAD93C4BD3F83021002A40F08D
:107850005481D3F8341109B1C3F8342194F81B02D0
:1078600010EBC01004D0374BC00143F00103984720
:10787000314B00210122C3F810111A6106F020FEDD
:10788000064604E006F01CFE801BFA2811D82B687F
:10789000002BF7D0284B06210022C3F81021C3F893
:1078A0000012D3F85015082940F28780002384F88D
:1078B000253494F8230400286AD194F81212069A09
:1078C00084F826241C4B84F823040A0442EA01228B
:1078D000C3F81425D3F81825120C1204C3F8182580
:1078E00094F82624D3F8181542EA02220A43C3F872
:1078F0001825019AC3F83025009A94F81A320132FB
:1079000093420092C0F2EF80009A94F8113284F80A
:10791000432400283FF4AEAE059A6270029A2270AA
:10792000002B37D0079BABB3A21C0A200723B3E67A
:1079300025499224101100400010004058110040C9
:10794000001000E0D03B030040420F000C1100404B
:10795000F0ED00E007F008FFC74BA0FB0301870A2A
:1079600047EA81574DE7C549C54806F0A3FC002307
:107970001846039309B0BDEC028BBDE8F08F94F874
:107980002434A3B194F82634202B10D8C8362AE723
:10799000BC4BAEE7A01C029A18EE101A09F032FE9A
:1079A0008FE694F81232002BF4D12046F3E706F26A
:1079B000EE2618E7A6F5967615E70121C3F85421BF
:1079C000196006F07DFD064605E006F079FD801B96
:1079D000FA283FF66EAFAC4B1B68002BF5D0A94BD5
:1079E0000022C3F8542161E7029B002B79D0A74EF7
:1079F000DFF8B08204F2816704F2866A4FF0000972
:107A000006F05EFD054604E006F05AFD401B6428C2
:107A1000ADD83368002BF7D0C8F80091D8F80835F6
:107A200007F8013B5745EBD1994DD4F89026C4F89F
:107A300078269848029AC4F87C9618EE101AC5F871
:107A4000040584F8482404F24A4084F8479484F8F2
:107A5000499409F0D7FD40F20912002104F5847021
:107A600009F0F8FD0123C5F80091C5F804912B60D9
:107A700006F026FD884E054605E006F021FD401B78
:107A8000FA283FF674AF3368002BF6D0804BD3F85A
:107A90000821002A7FF46BAF94F80931002B3FF4E2
:107AA00066AFD4F8903602987C4901330C30C0B2EE
:107AB0008B42C4F89036029094F8113294F8230463
:107AC00088BFC4F89026C7E56A1CD2B2BBE5012383
:107AD000184684F82934039309B0BDEC028BBDE845
:107AE000F08F1346B8E50023184684F82934039331
:107AF00009B0BDEC028BBDE8F08F94F82434002B64
:107B000079D02578002D76D094F81132002B00F032
:107B1000AB80079B04F21D26002B00F09E80A5F190
:107B20000802304622EAE27204F10A0109F06AFD15
:107B3000A71C3B68C4F881363B7984F88536234618
:107B4000DFF84C8133F8072F55499B7884F87A3653
:107B50000027A4F8782604F24A402A46C8F80415FB
:107B6000314609F04FFD394684F8485484F847748B
:107B700084F8497440F2091204F5847009F06AFD32
:107B80000123C8F80071C8F80471C8F8003006F085
:107B900097FC414F054605E006F092FC401BFA2891
:107BA0003FF6E1AE3B68002BF6D0394BD3F8082105
:107BB000002A7FF4D8AED3F80034002B3FF4D3AEC4
:107BC00094F80931002B3FF4CEAE25780B2D02D965
:107BD0000C3DEDB2257030462A4604F20B1109F037
:107BE00011FD284B84F81C52D3F8083484F83D3436
:107BF000012384F83C34234D0023C5F8303120465E
:107C0000FFF7CEFB94F82334D3B994F81212069AF6
:107C100084F826240A0442EA012284F82334C5F8B1
:107C20001425D5F818351B0C1B04C5F8183594F825
:107C30002634D5F8182543EA03231343C5F818352D
:107C4000104A01990398C2F83015012384F82934A9
:107C500009B0BDEC028BBDE8F08FA71C3046394659
:107C60002A4609F0CFFC64E72A46A11C04F21D2035
:107C700009F0C8FCB5E700BF40420F00C03B03005D
:107C8000C0690020001000405411004000D10040A5
:107C900000F000400000010104F10040400D03002D
:107CA0000100010100D000402DE9F04F90F846544A
:107CB00083B00F46002D40F0F68090F8252404464E
:107CC00022B990F83C34002B40F00581BD4BD3F82D
:107CD0003011002900F0DA8094F823140020C3F852
:107CE0003001002940F0E780B64BD3F808343B70F0
:107CF00094F823242ABB54FA83F393F81232002B0E
:107D000040F0CB8194F81132002B00F0B28194F84E
:107D1000262404F21D2A083A504604F1080109F00D
:107D200071FC2368C4F88136227984F885262346BD
:107D3000267833F8052F9B7884F87A36A4F87826CD
:107D40000CE094F81132002B40F0C881267804F240
:107D50001D2A32465046A11C09F054FC94F82324F5
:107D6000012384F82234002A00F0C180334666786B
:107D7000DFF8509284F81C3284F82764D9F80C1488
:107D8000D9F8083454FA83F31FFA81F893F81232C1
:107D9000002B40F0AF8094F81132002B61D0002A04
:107DA00040F00B8194F82674083FFFB2DFF81C9274
:107DB000854BC9F80435002F00F065814FF0000BAA
:107DC0003A46514604F24A4009F01CFC84F84874D3
:107DD000594640F2091284F847B484F849B404F5CE
:107DE000847009F037FC0123C9F800B1C9F804B167
:107DF000C9F8003006F064FBDFF8D891074605E0CB
:107E000006F05EFBC01BFA2800F23D81D9F8003075
:107E1000002BF5D06D4BD3F80811002940F03381C9
:107E2000D3F80034002B00F02E8194F80931002B98
:107E300000F029814FF48172504609F00BFC94F850
:107E40002334002B00F0628194F81C220C3AD2B249
:107E500084F81C22504604F20B1109F0D3FB94F86D
:107E6000232494F8253484F83E64A4F840844BB16C
:107E70005449D1F8083454FA83F393F812320BB909
:107E800001238B607AB394F81C3263BB4D4BD3F85B
:107E9000342122B100210122C3F834119A6028460E
:107EA00003B0BDE8F08F474BD3F808340B70284679
:107EB00003B0BDE8F08FD3F834352178C3F5807373
:107EC000994202D800297FF40FAF002AE7D03D4B3A
:107ED00001229A60E3E790F83D240A701D46284687
:107EE00003B0BDE8F08F012584F84654D7E794F835
:107EF00026343DE72046FFF753FA354BD9F82CB529
:107F0000D9F80824C9F82C2543F001034FF4965002
:107F1000984794F82434002B62D03A7894F82834A7
:107F20009A4200F00B810022009211460123204664
:107F3000FFF764FB234BDFF8A090C3F82CB50022B9
:107F4000C3F8102101221A6106F0BAFA074604E0CC
:107F500006F0B6FAC01BFA2823D8D9F80030002B57
:107F6000F6D0184BDFF874900022C3F81021C3F844
:107F70000022C3F85821C3F8302101225A6006F0CC
:107F80009FFA074604E006F09BFAC01BFA2808D8BF
:107F9000D9F80030002BF6D00A4A0123936084F808
:107FA0002534084BD3F8342522B194F83E24B2424C
:107FB00000F0B98094F82324EDE694F81C72083F91
:107FC000FFB2F3E6001000400100010100F00040A4
:107FD000D03B030004F10040101100405811004054
:107FE00094F82324002A40F09C8094F8121294F80C
:107FF000267484F823240B0443EA012384F82624FE
:10800000C9F81435D9F818351B0C1B04C9F81835F4
:1080100094F82634D9F8182543EA03231343C9F802
:10802000183500220123009211462046FFF7E6FA98
:1080300094F82334002B7FF47DAF94F81202454A64
:1080400084F82674010441EA002184F82334C2F83C
:108050001415D2F818351B0C1B04C2F8183594F807
:108060002634D2F8181543EA03230B43C2F8183517
:1080700060E704F21D2A94F826245046214609F0B0
:10808000C1FA26786AE63449344806F013F994F8C0
:108090002534002B7FF41BAF01E794F811325BB35A
:1080A00094F9262404F21D2A083A22EAE272504684
:1080B00004F1080109F0A6FA26782246234652F870
:1080C000021FC4F88116127984F8852633F8072F29
:1080D0009B7884F87A36A4F878263FE694F9002055
:1080E000267804F21D2A083A22EAE272504604F188
:1080F0000A0109F087FAE0E704F21D2A94F8262421
:108100005046A11C09F07EFA267827E694F826242A
:108110005046043204F20B1109F074FA94F8232447
:108120009FE61F467DE7B4F8402442457FF442AF06
:1081300094F82524002A3FF4B2AEC9E60023009348
:1081400094F81F23012304F548712046FFF756FADF
:10815000F0E600BF00100040C03B0300C0690020F3
:10816000F8B5234B234E00240122C3F810411A61B5
:1081700004460F4606F0A4F9054604E006F0A0F90F
:10818000401BFA2823D83368002BF7D0184B002265
:10819000C3F81021E7B9164B174E00220121C3F88E
:1081A0000022C3F85821C3F83021596006F088F93D
:1081B000054604E006F084F9431BFA2B07D8336820
:1081C000002BF7D00A4A0123936084F82534F8BDC8
:1081D000D4F82C14C3F81C15D4F83014C3F82415A3
:1081E00040F20121C3F85016C3F84425D3E700BF7D
:1081F000001000401011004058110040024B41EAAD
:108200000222C3F8082570470010004010B504464C
:10821000082200F2122009F01DFA94F82334B3B9B1
:1082200094F812120A4A0B0443EA0123C2F81435E7
:10823000D2F818351B0C1B04C2F8183594F82634F4
:10824000D2F8181543EA03230B43C2F8183510BDC2
:108250000010004010B490F812420E4A80F8261424
:10826000230443EA0423002480F82344C2F814358D
:10827000D2F818355DF8044B1B0C1B04C2F81835F6
:1082800090F82634D2F8181543EA03230B43C2F8BA
:10829000183570470010004070B41468D2F80130EF
:1082A0002509240104F0F03205F00F351C091B01EB
:1082B000154303F0F03304F00F34AA081C43AD005B
:1082C00005F0CC35A30802F03332A4002A4304F0B1
:1082D000CC3403F033335508234352005C0805F0D7
:1082E000553502F0AA325B0004F055342A4303F0FE
:1082F000AA33234312BA2B4C120E1BBA19BBD0F867
:108300003054C4F82455C4F81C35D4F8243523F06F
:10831000FF03C4F82435D4F824351A43C4F82425BF
:10832000D4F81C35C0F82C34D4F82435C0F83034D7
:108330001C4A0123D2F8300503FA01F1014370BC55
:10834000C2F830157047032919D8D0F83054C4F852
:108350002455C4F82035D4F82455CB00FF269E4080
:1083600025EA0605C4F82455D4F824559A402A4332
:10837000C4F82425D4F82435C0F83034D8E7C4F83C
:108380002035081FD4F82855C300FF20984025EA5F
:108390000000C4F82805D4F828059A400243C4F820
:1083A0002825C5E70010004059B101290ED0022947
:1083B00011D003290A4B14BF00220822C3F80C2550
:1083C0007047074BF422C3F80C257047044B022278
:1083D000C3F80C257047024B0622C3F80C257047E2
:1083E000001000400146014800F00EBBDC6900208F
:1083F00038B5064B1D783DB100242046013400F00D
:1084000051FEE0B28542F9D838BD00BFD8690020DE
:10841000407DFF280AD010B500F0E4FD044608B105
:10842000204610BD08F034FC204610BD00207047E7
:10843000407DFF280ED000B583B00DF1070100F09C
:1084400027FE20B19DF8070003B05DF804FB4FF054
:10845000FF30F9E74FF0FF30704700BF407DFF2845
:108460000FD000B583B001220DF1070100F0C6FD69
:1084700020B19DF8070003B05DF804FB4FF0FF301A
:10848000F9E74FF0FF307047407DFF2801D000F042
:1084900009BE7047407DFF2801D000F06BBE002070
:1084A000704700BFF8B50646407DFF281CD0174630
:1084B0005AB10D46144600F071FD2946224680B19E
:1084C000707D00F033FE241A01D13846F8BD054412
:1084D00008F0DEFB707D00F061FD29462246002891
:1084E000EED13F1B3846F1E70020F8BD002A00F02E
:1084F00097802DE9F0434B4991F81C9191F81D713B
:1085000091F81E8193B01D46064608F1010309F15A
:1085100002001446BA1C81F81C0181F81D2181F863
:108520001E3101A84222002109F094F8412D73D98F
:10853000327D8DF814207A1C204662F07F0440F6CC
:108540000832ADF8042040F2094540F20122ADF8AE
:108550000C50ADF810202425334A8DF816500692A1
:1085600009F1010304220125DBB28DF81C508DF8BE
:108570001F208DF8302040F2022640F2075240F2D0
:1085800024658DF81E308DF827308DF83130ADF828
:1085900008600223ADF82450ADF82820ADF838204B
:1085A000224E8DF80730032508228DF812308DF801
:1085B00033308DF83B30089605238DF82B508DF81D
:1085C0002C2067F07F074FF411660A2540228DF8B2
:1085D0001530ADF82E608DF8345001A98DF8069055
:1085E0008DF80E908DF826908DF83A808DF82A70CF
:1085F00007268DF83C2044F2020542228DF84030D7
:108600008DF841408DF83F60ADF8425008F0FAFF18
:10861000422013B0BDE8F083002013B0BDE8F08322
:1086200042207047DC690020200105242402060551
:1086300070B50368184A5B6882B093428DF80710E2
:1086400021D10546407DFF2823D000F0A7FC0DF185
:10865000070601243146224688B1687D00F066FD98
:10866000241A02D1012002B070BD064408F010FBAC
:10867000687D00F093FC314622460028EDD1C4F11C
:10868000010002B070BD01220DF10701984702B050
:1086900070BD002002B070BDA5840200002A00F069
:1086A00097802DE9F0434B4991F81C9191F81D7189
:1086B00091F81E8193B01D46064608F1010309F1A9
:1086C00002001446BA1C81F81C0181F81D2181F8B2
:1086D0001E3101A84222002108F0BCFF412D73D9B0
:1086E00032798DF814207A1C204662F07F0440F61F
:1086F0000832ADF8042040F2094540F20122ADF8FD
:108700000C50ADF810202425334A8DF816500692EF
:1087100009F1010304220125DBB28DF81C508DF80C
:108720001F208DF8302040F2022640F2075240F21E
:1087300024658DF81E308DF827308DF83130ADF876
:1087400008600223ADF82450ADF82820ADF8382099
:10875000224E8DF80730032508228DF812308DF84F
:1087600033308DF83B30089605238DF82B508DF86B
:108770002C2067F07F074FF411660A2540228DF800
:108780001530ADF82E608DF8345001A98DF80690A3
:108790008DF80E908DF826908DF83A808DF82A701D
:1087A00007268DF83C2044F2020542228DF8403025
:1087B0008DF841408DF83F60ADF8425008F022FF3F
:1087C000422013B0BDE8F083002013B0BDE8F08371
:1087D00042207047DC6900202001052424020605A0
:1087E000437DFF2B02D10A4B1A7802B1704710B5B6
:1087F00000F1100442750749204601221A7000F06A
:10880000D7F921460448BDE8104000F0DFB800BFAA
:10881000D8690020D83B0300DC69002001B900B111
:10882000704700B583B0694600F0CEFB009BB3F5FE
:10883000966F02D003B05DF804FB00F02DFBF9E762
:1088400030B4084B084A4FF47F4102F10805002478
:1088500030324FF47A709982C3E901401D601A6189
:1088600030BC7047C0690020E83B03000378002B50
:1088700000F09280F0B50546002004462E4603E045
:1088800001342B5D2E19C3B103F14002D2B2012A8B
:10889000F6D9F42BF4D81A0610D40122A3F55846C1
:1088A000B6F5006FECD31444202806D021F8103020
:1088B0002B5D01302E19002BE6D1F0BD03F0E00254
:1088C000C02A52D003F0F002E02A61D003F0F8028F
:1088D000F02AD5D103F007030427727802F0C00C08
:1088E000BCF1800FCCD196F802C00CF0C00E02F0A3
:1088F0003F02BEF1800F42EA8313C1D10CF03F0C5E
:10890000032F4CEA83132AD0F27802F0C006802E9F
:10891000B6D102F03F0242EA8313A3F58032B2F5EA
:10892000801F38BF0427ABD2A3F55842B2F5006FC1
:10893000A6D3B3F5803F3C44B6D31E28BDDCA3F5D7
:10894000803342009E0A0A44C3F30903A6F5205669
:10895000A3F5105321F810605380023091E7A3F57E
:108960000062B2F5784FDFD38AE7727802F0C00672
:10897000802E03F01F0383D102F03F0242EA8313EB
:10898000A3F18002B2F5F06FBFF47AAF022285E75F
:1089900003F00F030327A0E71846704790F8503103
:1089A0000B2B0CD871B110B403F148025C1C80F899
:1089B00050415DF8044B40F82210184670470023E0
:1089C000184670470B461846704700BF70B50446FE
:1089D0000E68B4F81821B4F81A31656936689B1A24
:1089E00008469BB294F81C112A44B04758B1B4F819
:1089F0001831626903449BB2A4F81831538094F88B
:108A00001C311371012070BD2DE9F043264DDFF8B4
:108A1000A890AC4604468846BCE80F0089B003AF76
:108A20000FC703AE0FCE05F1140E25460FC59EE805
:108A30000700DCF800303B806B4636682E8003C3AD
:108A40006B4603CB012504F118034FF48076636174
:108A5000A061E16184F8202004F59870C4F81891B1
:108A60002022A4F81C61002184F81E5108F0F2FDB8
:108A70000E4E0F48A571042240F2EF2340F2094741
:108A80000021C4E94A0184F85021A3804FF4E13168
:108A9000C4E948760748FFF7A3FE404600F0EAF92C
:108AA000284609B0BDE8F0834C3C03001C3C0300A1
:108AB000243C0300C0690020090000012DE9F047B3
:108AC000D0F82C0188B00E4630B10231FFF7CEFE4F
:108AD000C0B208B0BDE8F087684600F0DFF986460E
:108AE000F8B1431E06F10409DBB2114DE84609EB6B
:108AF000830904AC95E80F0018F8017B84E80F00A7
:108B000007F00F0C0DF1200AD4440AEB17171CF8DC
:108B100010CC17F8103CA6F804C073800436B14599
:108B2000E8D14FEA4E00C0B208B0BDE8F08700BF00
:108B3000383C030000487047DC690020014B58694D
:108B4000704700BFDC69002010B5B0B103281CD00D
:108B5000154C94F85031834223D9483004F5AA715A
:108B600054F82000FFF782FEC3B201335B0043F4E8
:108B700040730E48A4F8523110BD0B4CD4F820318C
:108B8000A4F854314FF44173F3E70849A1F5A974EF
:108B90002046FFF793FF431C5B0043F440739BB2F6
:108BA000E7E7002010BD00BFDC6900202E6B00202D
:108BB00010B504460248FFF7F1FE207110BD00BF5A
:108BC000DC690020024B53F8200000B1C0687047F8
:108BD000706B002030B4094CBDF8085054F82040A8
:108BE00044B1246934B10846A44611461A462B46BE
:108BF00030BC6047002030BC704700BF706B002065
:108C000030B4084CBDF8085054F8204044B16469B1
:108C100034B10846A44611461A462B4630BC60477C
:108C200030BC7047706B0020024B186808B190F898
:108C300060007047786B00202DE9F843234C2568CD
:108C4000002D40D01E462C2303FB00530446D3F8CE
:108C5000209088461746B9F1000F30D0484609F0F9
:108C60000FF90828024628BF08222C2000FB0454D4
:108C7000D4E90954DFF85CC0154B002D08BF6546E8
:108C800049464046002C08BF1C4608F0BBFC28465D
:108C900009F0F6F810280246294628BF1022384667
:108CA00008F0B0FC204609F0EBF804280246214603
:108CB000304628BF0422BDE8F84308F0A3BCDFF823
:108CC00018900822D1E7BDE8F88300BF786B002038
:108CD000883C0300783C03006C3C030070B5104EE8
:108CE0003368CBB12C2404FB0034054662691AB109
:108CF0009047336884F832002C2202FB053393F846
:108D000032400CB1204670BD284623463A2202214B
:108D100001F074F8204670BD1C46204670BD00BFAF
:108D2000786B0020074B1B6853B110B42C2404FB54
:108D30000030C46A038E0C605DF8044B13807047EA
:108D4000704700BF786B002008B520220023052162
:108D500001F054F84FF0FF3008BD00BF30B4084CAC
:108D6000256855B10446084611461A462C2303FBD4
:108D70000454E3690BB130BC1847012030BC704784
:108D8000786B002030B4094C029A25684DB1044636
:108D9000084619462C2303FB0454A3680BB130BCCE
:108DA00018474FF0FF3030BC704700BF786B002091
:108DB00030B4094C029A25684DB10446084619465C
:108DC0002C2303FB0454E3680BB130BC18474FF06D
:108DD000FF3030BC704700BF786B0020044B1B682D
:108DE0002BB12C2202FB0030036903B118477047F6
:108DF000786B0020054B1B682BB12C2202FB003046
:108E0000836903B118470120704700BF786B0020C9
:108E100004F062BF00B5134B402283B083F82723D0
:108E2000002002F09BFF4FF080430024D3F8385419
:108E30008DF80040684607F0E7FC0B4B019301A852
:108E400007F00EFD07F018FDEB0707D400214FF0E7
:108E5000FF3003F005F8FFF7CBFAF7E7204604F000
:108E60003BFFF3E700E100E0118E0200002004F078
:108E70007FBB00BF00B5002383B00322CDE90023F0
:108E800003490448C82206F07FFA03B05DF804FBEA
:108E90008C3C0300158E020008F0ACB84FF08052F5
:108EA000536E1BBA0360136E1BBA436008207047F1
:108EB00000487047943C030070B51E4D2B6883B189
:108EC000012913D11478C4F34114012C0BD0022CC6
:108ED00007D15478012C0BD0022C07D19388072B93
:108EE00020D0002070BD517822290BD0012070BD08
:108EF0009C69002CF5D0237811462246BDE87040CD
:108F000003F042BE5188003918BF0121597511463E
:108F100003F020FE2A68D369002BE7D0507D9847E4
:108F2000204670BD044C114623892246BDE870409E
:108F300003F02ABE7C6B00200860002070B5044658
:108F400002F0F4FE08B9002070BD02F0F7FE0546FD
:108F50000028F8D1E378002BF5D004F11006304654
:108F600002F0F0FC3F28EED9E178284603F032FD0C
:108F70000028E8D0304602F0E5FC3F2808D9E17827
:108F8000284604F536724023BDE8704003F042BD28
:108F9000E178284603F02EFDD5E700BF10B5044662
:108FA00002F0C4FE08B9002010BD02F0C7FE002880
:108FB000F9D104484FF4567303FB0400007900F024
:108FC000010010BD846B0020054B4FF4567202FB6C
:108FD0000033986808609A899B7B8B718A80704700
:108FE000846B002008B5044B4FF4567202FB00302E
:108FF000103002F08DFC08BD846B00202DE9F84391
:109000004FF4567404FB00F4204F4FF6FE704FF6F9
:10901000FF7304F11005824288BF1A463D4492B2A4
:10902000284602F0A1FC064602F080FE10B9304648
:10903000BDE8F88302F082FE81460028F7D107EBF5
:10904000040898F80330002BF1D0284602F07AFC8F
:109050003F28ECD998F80310484603F0BBFC0028E1
:10906000E5D0284602F06EFC3F2809D904F5367297
:1090700098F803103A444846402303F0CBFCD6E767
:1090800098F80310484603F0B5FCD0E7846B002045
:10909000034B4FF4567202FB0030103002F0D2BC8A
:1090A000846B00202DE9F041044602F03FFE10B928
:1090B0000020BDE8F08102F041FE06460028F7D10D
:1090C0004FF45671DFF8608001FB04F404F12405CD
:1090D0004544284602F01CFC0028E9D008EB0407B0
:1090E0003046B97803F076FC0028E1D004F54674E8
:1090F000444428462146402202F036FC054660B131
:10910000B978224630462B4603F084FC40B9054B23
:109110001B68DB07CCD500BECBE7B97803F06AFC4F
:109120002846C6E7F0ED00E0846B002038B5104B10
:109130004FF4567404FB003405464FF6FF734FF6A8
:10914000FE70824288BF1A46243492B2204602F052
:10915000B3FC034620461C4602F0DAFB3F2801D848
:10916000204638BD2846FFF79DFF204638BD00BF8A
:10917000846B002008B5044B4FF4567202FB00309C
:10918000243002F0DFFB08BD846B0020F0B5214CD9
:10919000214F83B04FF456720021204608F05AFA4E
:1091A000FF2300264FF4E13208256371012304F107
:1091B0003801A260A5734FF480721D46009604F139
:1091C0001000A6813E7002F06BFB2B4604F59C71EB
:1091D00000954FF4807204F1240002F061FB04F565
:1091E0000E71284605F09AFB034604F522712846C5
:1091F0001D4605F093FB05B130B9084B1B68DB0732
:1092000000D500BE03B0F0BDC4E90765C4E90C0693
:1092100003B0F0BD846B0020806B0020F0ED00E017
:1092200038B5094C206A256B20B105F00FFF0023EB
:10923000C4E907332DB1284605F008FF0023C4E92F
:109240000C33012038BD00BF846B002010B50F4CDB
:109250000F482378002202600271DA0707D59B07C6
:109260000BD5BDE810400B48012102F0E7BC1030DF
:1092700002F0C4FC23789B07F3D4064802F0BEFC3E
:10928000BDE810400348012102F0D8BC806B0020EB
:10929000846B0020A86B0020F0B54B79022B83B0C3
:1092A00002D18B79022B03D00025284603B0F0BDF4
:1092B000264FBB782BB1264B1B68DB07F4D500BECD
:1092C000F2E78B783B700C780C44064661782429D1
:1092D0004FF009050BD1082A02D80FE0AA420DD39E
:1092E00023781C442B44617824299DB2F6D00529AB
:1092F0000AD0042902D163790A2B13D01348FFF74F
:109300001DFE284603B0F0BD2146304603F03EFB6B
:109310000028D0D0A3787B7023781C442B4461783C
:109320009DB2E6E70B4A27780192022301320092B0
:109330003046E1191A4603F099FA0028BBD005F12E
:109340000E0317FA83F39DB2D8E700BF846B0020A9
:10935000F0ED00E0866B002038B5137803F0600371
:10936000202B0CD1274C938825789D4207D1537828
:10937000203B032B03D8DFE803F00A17200400206A
:1093800038BD012930D0032933D0012038BD01294F
:109390000CD00329F9D11C4B002BF6D01B4900201F
:1093A000AFF30080012038BD0129EED1114607231B
:1093B000164A03F0E9FB012038BD012914D0032926
:1093C000E3D15588257105F00104114884F00101AD
:1093D00002F034FC0F4B002BD7D0C5F340022146DE
:1093E0000020FFF71BFAD0E7114603F0B3FB012082
:1093F00038BD094B002BC8D051880020AFF3008046
:10940000012038BD846B0020000000008C6B002020
:10941000A86B00201D880200000000002DE9F04725
:109420004A4DEA788A420C4607461E4654D19AB203
:1094300005F5367105F1100002F03EFB444BD3B147
:109440006B79FF2B17D0B6B105F2D72808EB060AC7
:10945000A8F2C72902E0D0450DD06B7918F8012F8A
:109460009A42F8D1484602F063FA0028F3D16979AC
:10947000AFF30080EFE7374B23B1374802F058FADB
:1094800000285BD03148FFF759FDAB78A34203D0E9
:1094900001242046BDE8F087304B13B10020AFF324
:1094A000008002F043FC20BB2D4802F031FA002876
:1094B000EED1002EECD016F03F06E9D1A97838465F
:1094C00003F088FA04460028E2D0A97838463346EB
:1094D000324603F09FFADCE7AB788B42DCD0214BBD
:1094E0001C6814F00104D4D000BE00242046BDE85E
:1094F000F08702F023FC04460028D5D1184802F07A
:1095000007FA0028D0D0A978204603F063FA002893
:10951000CAD015494022A1F53D7002F025FA034654
:1095200078B1114AA978204603F074FA0028AFD127
:109530000C4B1B68DB07B7D500BEB5E7AFF3008067
:10954000A0E7A97803F056FAAEE700BF846B0020CD
:109550000000000000000000946B002000000000EC
:10956000A86B0020F0ED00E09C6E0020704700BF6B
:1095700001207047704700BF704700BF02484FF49A
:10958000CC72002108F066B8DC6E00200120704724
:1095900002484FF4CC72002108F05CB8DC6E002069
:1095A0002DE9F0474B79032B82B014D10B79C3EB33
:1095B000C3051235ADB295420C4607D8304F7A78C4
:1095C00006466AB197F8CD20002A50D02D4B1B6873
:1095D000DA0700D500BE0025284602B0BDE8F087B6
:1095E000904692464FF0010E4FF0020C2278A118DF
:1095F00048782128EAD14FF0CC0909FB0A7907EB1A
:109600000E00C9F8081014F802E0019007EB0C02F4
:10961000009271441A463046032303F027F90028CC
:10962000D4D0A379012B04BFE37989F80330CC238C
:1096300003FB0AFA07EB0A0301229A71A27807F8E2
:109640000A209A689978B2F807209A800029C3D036
:1096500008F18C023A443046402303F0DBF900283D
:10966000BAD1084B1B68DB07B6D500BEB4E74FF094
:10967000CD0E4FF0CE0C4FF0CC084FF0010AB5E7FD
:10968000DC6E0020F0ED00E0137803F01F0CBCF15D
:10969000010F14D12DE9F0410C46824997881546F7
:1096A0000A78FFB2BA4282B006460AD091F8CC20BE
:1096B000BA4200F0CB80002002B0BDE8F08100206B
:1096C00070470027BC4606220C204FF0070E13F00F
:1096D000600306D1012C00F09F80012002B0BDE89C
:1096E000F081202BE7D16B78013B0A2BE3D80FF2F6
:1096F000080858F823F000BFCB970200C19702007A
:10970000AD970200B7960200B7960200B796020026
:10971000B7960200B79602006D97020045970200C7
:1097200025970200012C1BD0032CD6D16B88CC22AC
:1097300002FB0717DBB260461946BB71FFF716FF45
:109740000120B9E7012CC8D16B88CC2202FB071796
:109750001B0A60461946FB71FFF70AFF0028AAD0D2
:109760002946304603F0F6F90120A5E7012C00F068
:109770008280032CB1D16C88ED88402D01EB000371
:10978000284628BF402014F0FF014FEA142207D0DA
:10979000012D05D91C788C4202D1013880B20133E9
:1097A00000906046FFF72CFA012085E7012C94D148
:1097B0000A4429463046234603F0E6F920467BE773
:1097C000012C8AD101EB0E02F3E7012C85D1B5F80B
:1097D00006E06B880F187046402828BF402013F021
:1097E000FF014FEA13223B4657D0BEF1010F56D975
:1097F000013803F8011B80B200906046FFF7EAF9D8
:1098000023189BB2002B41D1274A1268D2077FF55B
:1098100052AF00BE18464FE76B78062B7FF44BAF74
:109820006B881B0A212B17D0222B7FF444AF604694
:10983000FFF7C8F91B49CC2303FB07170246BB8877
:109840002946304603F0A0F9204635E7D222D82039
:109850004FF0D30E67463AE7CC2303FB07139A6811
:10986000002A3FF428AF13782946304602B0BDE8FD
:10987000F04103F089B9EB88402B3FF61CAF0A1882
:109880002946304603F080F9204615E73A46294636
:10989000304603F079F901200EE70C46ACE70024CE
:1098A000AAE700BFDC6E0020F0ED00E070B52C4EA2
:1098B000B4788C4282B0054613D0707888422CD0A0
:1098C00096F8CE00884243D096F8CD00884244D026
:1098D000244B1B68DA0702D4002002B070BD00BE22
:1098E000FAE7747800208C4218D002BB9BB206F1D4
:1098F0008C040093114623460222FFF781F9B178C8
:1099000022462846402303F085F80028E5D1154B70
:109910001B68DB07E0D500BEDFE700207AB99AB20A
:1099200006F14C01FFF726FE012002B070BD06F1E2
:109930008C049BB222460221FFF71EFEDFE79BB29A
:1099400006F14C020121FFF717FE012002B070BDA5
:1099500096F8CD400120CC36C5E7CC360120DDE7B6
:10996000DC6E0020F0ED00E070B500F12405044647
:10997000284601F0CDFF08B9002070BD61780020B5
:1099800003F028F80028F7D004F50676284631467B
:10999000402201F0E9FF054660B103466178324696
:1099A000002003F037F840B9054B1B68DB07E3D50F
:1099B00000BE70BD617803F01DF8284670BD00BF81
:1099C000F0ED00E070B51A4C82B000210D464FF466
:1099D0001672204607F03EFE04F138010123802272
:1099E00004F11000009501F05BFF04F1B8010123C0
:1099F0008022009504F1240001F052FF04F59C71CF
:109A0000012004F08BFF04F5C4710646012004F028
:109A100085FF30B9074B1B68DB0700D500BE02B0DD
:109A200070BDC4E90756C4E90C0502B070BD00BFA3
:109A30004C830020F0ED00E038B5094C206A256B1E
:109A400020B105F003FB0023C4E907332DB12846FC
:109A500005F0FCFA0023C4E90C33012038BD00BF37
:109A60004C83002010B5084C002304F11000C4E919
:109A70000033C4E9023302F0C1F804F12400BDE868
:109A8000104002F0BBB800BF4C8300202DE9F0432A
:109A90004B79012B83B002D18B79012B04D00025A7
:109AA000284603B0BDE8F083CB79002BF7D10B78C3
:109AB000CC1806466578242D99B20BD1914202D973
:109AC000EDE78A42EBD323781C440B446578242DC0
:109AD00099B2F6D0042DE2D16379012BDFD1A379BD
:109AE000032BDCD1E579002DD9D1DFF8CC8098F8B3
:109AF000010098F8023050EA030905D02B4B1B688F
:109B0000DB07CCD500BECBE7A37888F800302778F8
:109B10002079CB199DB2274430B922E03B788145AA
:109B20001D44ADB21F441CD2AA421AD37B78052B28
:109B3000F4D139463046019202F028FF019A68B309
:109B4000BB782079D90914BF88F8013088F8023031
:109B5000397809F101030D445FFA83F9ADB20F447E
:109B6000DCE7134801F0EEFE3F2899D998F802107F
:109B7000002002F02FFF002892D00D4801F0E2FEF5
:109B80003F2898F8021005D90A4A4023002002F025
:109B900041FF85E7002002F02DFF81E7034B1B68A2
:109BA000DA077FF57CAF00BE054679E7F0ED00E00F
:109BB0005C830020248500204C8300200020704717
:109BC000F8B52D4DAA788A421E4619D19AB205F5EC
:109BD000EC7105F1100001F06FFF284B13B100206C
:109BE000AFF30080264801F0ADFE3F2805D9A978E3
:109BF000002002F0EFFE044668BB01242046F8BDB9
:109C00006B788B4208D01F4B1C6814F00104F5D010
:109C100000BE00242046F8BD07462846FFF7A4FEF4
:109C20000028EAD105F1240001F072FE0028E4D1F9
:109C3000002EE2D016F03F06DFD16978384602F0F8
:109C4000C9FE04460028D8D06978384633463246E3
:109C500002F0E0FED2E70A4801F074FE3F28A9783E
:109C600005D9094A4023002002F0D4FEC6E70020AF
:109C700002F0C0FEC2E700BF4C83002000000000DD
:109C80005C830020F0ED00E02485002070B5324CAC
:109C9000E28AA36852BA92B286B0054612B1B3FB0B
:109CA000F2F292B2A06BD4F81110B0FBF2F61B1ACC
:109CB000B3F5007F28BF4FF4007309BA009302FB8D
:109CC00016023144254B607BFFF75CF8011E1EDB5A
:109CD0000AD08BB2214A94F82E10284602F09AFE40
:109CE000002833D006B070BD94F82E3003910722BF
:109CF00003A8CDE904118DF80C508DF80D208DF8D6
:109D000010308DF8111002F095FC06B070BDA268FD
:109D1000A36B43F602200021D31AA08784F83E10DB
:109D200001200221A36284F82C0084F83010002A5C
:109D3000D8D0002BD6D0237BDB0914BF94F82E108B
:109D400094F82F10284602F0A5FECBE7044B1B68C1
:109D5000DB07C7D500BEC5E7747200207470002011
:109D6000F0ED00E038B5214B214C05461BB1607B7E
:109D7000FFF740F8B0B1A06BA36894F82F101D4A0C
:109D80001B1AB3F5007F28BF4FF4007328469BB21F
:109D900002F040FE00B138BD174B1B68DB07FAD557
:109DA00000BE38BDA26BA16884F83E008B1A42F257
:109DB00007720120A2870222A36284F82C0084F893
:109DC00030200029E7D0002BE5D0237BDB0906D02B
:109DD00094F82E102846BDE8384002F05BBE94F897
:109DE0002F102846BDE8384002F054BEF58D020021
:109DF0007472002074700020F0ED00E0044880F8D8
:109E00003C1080F83D2080F83E300120704700BFB4
:109E10007472002002484022002107F01BBC00BFE2
:109E20007472002002484022002107F013BC00BFDA
:109E3000747200204B79082B01D0002070478B7979
:109E4000062BFAD1CB79502BF7D1162A06D81C4B0A
:109E50001B68D907F1D500BE0020704770B5194DB9
:109E60008B7885F82D300B7882B005F12F0205F143
:109E70002E0619440223CDE900261A46044602F0B4
:109E8000F5FC30B90E4A1268D2070FD500BE02B0F9
:109E900070BD204695F82F1000241F232A4685F810
:109EA000304002F0B7FD20B11720F0E7002002B0EB
:109EB00070BD034B1B68DB07F6D500BE1720E6E735
:109EC000F0ED00E074720020012901D001207047FC
:109ED00070B5137803F07F04022C84B0054611D0CE
:109EE00003F06003202B0AD15378FE2B28D0FF2BE0
:109EF00005D153881BB9D688B3B2002B3CD00020C3
:109F000004B070BD5478012CEAD15388002BF6D1EF
:109F1000374E938896F83020042ADBB250D096F85A
:109F20002E10994236D096F82F409C4205D122B986
:109F3000214602F0A1FD002847D0012004B070BDE9
:109F40005388002BDBD1D388012BD8D129488DF839
:109F50000F3030B10192FEF767FE019A01460028EA
:109F6000CDD04C1E2846114601230DF10F028DF86D
:109F70000F4002F009FEE0E71D4C11462846A68777
:109F8000C4E90D3384F8303084F83E3002F0E2FD4D
:109F90000120B5E7022AD0D1B26BB3689B1A032423
:109FA000B36206F120020D2386F8304002F032FD44
:109FB0000028C2D1104B1B68DB07A0D500BE9FE76D
:109FC000194602F067FD20469AE72146284602F02E
:109FD0007FFD0028B1D1002386F8303096F82F108D
:109FE000034A28461F2302F015FD0028A5D1E1E70A
:109FF00074720020298C0200F0ED00E02DE9F041A0
:10A00000AC4C94F83050012D8EB01E46074670D0EF
:10A01000032D47D035B1022D00F08A8001200EB00B
:10A02000BDE8F08194F82F308B42F7D11F2E40F01D
:10A030009E80A14B22689A4240F09980E27B9F4823
:10A040006368206263620120A368A562282A84F8FD
:10A050002C50A56384F83000636300F0E3802A2A63
:10A0600000F0DE82002B00F03381207BC00940F03D
:10A070002F81B3F5007F40F2278394F83C20A36240
:10A080000120022384F82C0084F8303022B942F2F7
:10A09000050384F83E20A387384602F0FBFC94F8C1
:10A0A0003050B8E794F82E308B42B7D10D2EB5D191
:10A0B000E37B282B00F09A822A2B00F08F82804BC2
:10A0C00023B1607B04F10F01AFF30080002084F81E
:10A0D0003000784A94F82F101F23384602F09AFC7B
:10A0E0000028DCD1774B1B68DA0700F1998000204B
:10A0F00095E7E37B282B12D02A2B59D0A36B227B28
:10A100003344D209A36347D0626B9A420DD96D4B99
:10A110001B68DB07C3D500BE94F830507BE7D4E959
:10A120000D2333449342A36375D3022384F8303064
:10A1300094F82E10384602F0CBFC00287FF46EAF66
:10A14000A368A26B934202D9217BC9091ED19B1A35
:10A150000325A36294F82E105B4A84F830503846E9
:10A160000D2302F057FC00287FF458AFBAE7042310
:10A1700094F82E1084F83030384602F08BFC3846C4
:10A1800094F82F1002F086FC002048E794F82E1077
:10A19000384602F07FFC41E7A38E4C4A607B04F115
:10A1A0000F01FEF7D1FD0028C0F2F681A36BABE7EB
:10A1B000E08A40BA80B218B1A368B3FBF0F080B275
:10A1C000D4F81110A26B414DB2FBF0F309BA00FBB9
:10A1D00013221944607B00962B46FEF7E9FD002808
:10A1E000C0F23A8286425CD9361A002840F0628278
:10A1F000002194F82F200591072305A8CDE9061624
:10A200008DF814708DF819108DF818208DF8153010
:10A2100002F010FA43E7FFF739FD94F83050FAE600
:10A2200000BEFCE6E08A40BA80B2A3B900283FF441
:10A230007CAF94F83C300222002184F82C2084F872
:10A240003020A162002B7FF473AF42F2050284F844
:10A250003E30A2876CE7257BED090BD0002800F08B
:10A2600014828342C0F05382282A3846D3D0FFF7A5
:10A2700079FD14E794F83C20A362022384F82C3083
:10A2800084F83030002A7FF407AF42F20502002341
:10A29000A28784F83E30257BED09002D3FF4FCAE0B
:10A2A000D2E1D4E90D2333449342A363BFF43DAF1D
:10A2B0003846DCE7747200205553424355534253ED
:10A2C00000000000F0ED00E09472002074700020A7
:10A2D000657B252A27D8DFE812F002012600260038
:10A2E000C4002600260026002600260026002600A0
:10A2F00026002600260026002600260026003F0114
:10A3000026002600260026002600260026008100C2
:10A310002E01260026009B0026002600260026008F
:10A3200008012600540094F83C20002A40F0838065
:10A33000B24AB3499BB22846FEF706FD00287ADBF5
:10A34000002833D1A368002B3FF4EFAEA16B94F843
:10A350003C205B1A01200221A36284F82C0084F8BF
:10A36000301022B942F2050184F83E20A187002B6B
:10A370003FF4DEAE237BDB0940F0668194F82F10BA
:10A380008AE6284604AA05A9FEF7CCFC059B002B0B
:10A3900000F0B281BDF81020002A00F0AD8197498D
:10A3A000013B1BBA12BAC1E900320820A368002B96
:10A3B00040F09381A36B94F83C205B420120022182
:10A3C000A36284F82C0084F83010002A7FF4B0AE29
:10A3D00042F2050384F83E20A387A9E6059B894A3B
:10A3E00003F4000343F003030593002A00F09D816A
:10A3F0002846FEF7FFFC9DF81630804A80F00100E9
:10A4000060F3C7138DF81630059B13600420CDE769
:10A410007D4B002B96D0227DE17C2846AFF3008057
:10A4200000288FD194F83C302BB943F60222002348
:10A43000A28784F83E30A268A36B94F83C100120F8
:10A44000D31A84F82C000220A36284F8300021B9CA
:10A4500042F2050084F83E10A087002A3FF468AE5F
:10A4600085E794F83C2094F83D0094F83E10DFF81E
:10A470008CC1DFF8A8E14FF000084FF00003CDE9F0
:10A480000588CDE9078862F303038DF81630F022C2
:10A490000A23ADF824808DF820008DF821108DF866
:10A4A00014208DF81B3005AE0FCEACE80F003368DA
:10A4B000ACF80030BEF1000F00F03181ACF11001BA
:10A4C00028464FF40072AFF300800028A4F83C80C7
:10A4D00084F83E80BFF634AF657B636B28E728467F
:10A4E000FEF7FCFB00289DD02CE705AE00230DF104
:10A4F0000E02284604A973600593B360FEF712FCB0
:10A50000049A002A00F0F880BDF80E30002B00F00D
:10A51000F38012BA5BBA08200221ADF81E30069211
:10A520008DF817008DF81C1096E80700334B83E870
:10A5300007000C203AE7354B002B3FF403AFE17CDA
:10A540002846C1F3400301F001020909FEF706FCA9
:10A5500000287FF4F7AE65E74FF02033284600224D
:10A560001F250692CDE90A33294E089307A909AAA7
:10A57000079309930D930C938DF818500DAB05AD0F
:10A580000596FEF759FB0FCD1C4E0FC60FCD0FC61B
:10A590002B683360242009E7A268A36B94F83C0081
:10A5A00084F82C50D11A0225A16284F8305020B9C9
:10A5B00042F2050584F83E00A587002A3FF4A4ADC9
:10A5C00000293FF4A1AD237BDB0900F0A28094F8C1
:10A5D0002E10384602F05EFAA36B95E50D4B002B6A
:10A5E0003FF474AD607BFEF7F9FB6FE50A4B002B7F
:10A5F0003FF46CAD607BAFF3008067E574700020C2
:10A6000083720020F58D0200000000005D8D0200C5
:10A6100000800202DD8D020000000000000000004A
:10A62000E08A40BA80B2002B3FF400AE257BED09F2
:10A630003FF414AE94F83C20A362022384F82C303B
:10A6400084F83030002A72D094F82E10384602F088
:10A6500021FA94F83050DEE4A36BA2683344D11A97
:10A6600043F60220A3630023A08784F83E30012034
:10A670000223A16284F82C0084F83030002A3FF4D1
:10A6800057AD00293FF454AD74E6012094F83C2006
:10A6900084F82C000220A36284F83000002A7FF4A2
:10A6A000FCAD42F2050084F83E20A087002B3FF469
:10A6B0003FADF0E5A36B291813FA80F33246284624
:10A6C000A36306F0ADFF93E51C4A9BB2384602F047
:10A6D000A1F900287FF4E3AC04E5984228BF1846AE
:10A6E00083B26063154A94F82E10384602F092F94E
:10A6F00000287FF4D4ACF5E494F83C30002B7FF4D0
:10A700009AAE43F6022284F83E30A28793E60220F6
:10A71000BCE794F82F10384602F0BCF946E5A4F8DF
:10A720003CE084F83EE0122040E6012063E642F27D
:10A73000050384F83E20A387ADE500BF74700020B8
:10A740002DE9F041044601F0F1FA10B90020BDE80E
:10A75000F08101F0F3FA06460028F7D14FF4E671D4
:10A76000DFF8608001FB04F404F118054544284635
:10A7700001F0CEF80028E9D008EB040730467978DC
:10A7800002F028F90028E1D004F5C67444442846B4
:10A790002146402201F0E8F8054660B1797822466A
:10A7A00030462B4602F036F940B9054B1B68DB07F3
:10A7B000CCD500BECBE7797802F01CF92846C6E775
:10A7C000F0ED00E0B472002070B51A4C82B00021A8
:10A7D0000E464FF4E672204606F03CFF04F12C01D1
:10A7E00001234022201D009601F05AF804F16C016B
:10A7F00001234022009604F1180001F051F804F101
:10A80000AC01012004F08AF804F1FC0105460120A6
:10A8100004F084F805B130B9074B1B68DB0700D59D
:10A8200000BE02B070BDC4E90465C4E9090602B007
:10A8300070BD00BFB4720020F0ED00E038B5094CE7
:10A840006069656A20B104F001FC0023C4E90433A7
:10A850002DB1284604F0FAFB0023C4E90933012096
:10A8600038BD00BFB472002010B5064C204600234E
:10A8700040F8043B01F0C2F904F11800BDE81040B3
:10A8800001F0BCB9B47200204B79FF2B01D000203D
:10A8900070472DE9F0412D4C6678A378334382B0A0
:10A8A00003D0002002B0BDE8F0810D780E798B78DE
:10A8B00023700F460D4416B36B78052B0AD0AB18E6
:10A8C0009D4202D306E0AB4204D929780D44697851
:10A8D0000529F8D1DFF87C80CDF8048008F1010368
:10A8E000009332460223294601F0C0FF60B13B7954
:10A8F000A178C3EBC3031D4481B9637853B9E81B46
:10A9000080B202B0BDE8F081114A1268D207C8D502
:10A9100000BEC7E70020FFF713FFF0E7002002F0BA
:10A9200059F80028E9D008F1030001F00BF83F289E
:10A9300007D9A17808F24B124023002002F06AF8F0
:10A94000DBE7A178002002F055F8D6E7B4720020CA
:10A95000F0ED00E0B5720020F8B53B4FBC788C42BA
:10A960001D4624D07B788B421ED1384B06461BB146
:10A97000A9B20020AFF3008001F0D8F9B0BB344891
:10A9800000F0C6FF20BB1DB315F03F0520D179783C
:10A99000304602F01FF80446D0B1797830462B4695
:10A9A0002A4602F037F800E000242046F8BD9AB2AB
:10A9B00007F5A671381D01F07FF8264B13B1002072
:10A9C000AFF30080B978002002F004F8044608B91B
:10A9D0000124EAE7204800F0B5FF3F28B9782AD9DA
:10A9E0001E4A4023002002F015F8DEE701F0A6F928
:10A9F00004460028C3D1164800F08AFF0028BED0C4
:10AA00007978204601F0E6FF0028B8D014494022AA
:10AA1000A1F5BA7000F0A8FF034680B1104A79781A
:10AA2000204601F0F7FF0028D2D10E4B1B68DB0750
:10AA3000A5D500BEA3E7002001F0DCFFB5E77978DB
:10AA400001F0D8FF9BE700BFB472002000000000B7
:10AA5000CC72002000000000B872002000740020BA
:10AA600040740020F0ED00E0F8B50F688D883D449B
:10AA7000AF420E46B9780BD20B468B423C4603D10F
:10AA80000DE06378042B05D023781C44A542F8D848
:10AA90000020F8BDAC42FBD2A3788B42F4D1E3781E
:10AAA0009A42F1D1A542F3D9237D012B1FD82379F6
:10AAB00023B3012BECD12378E289617A1A4419443B
:10AAC00022442144914204D3E2E70B7819448A429C
:10AAD000DED94B78052BF8D18A42D9D901F056FF3F
:10AAE00060B9084B1B68DB07D2D500BEF8BD054B2B
:10AAF0001B68DA07CCD500BE0020CAE7E41BF4804F
:10AB00000120F8BDF0ED00E0F0B4C4880378002C1B
:10AB100044D003EB830203EB420366488A78C058B3
:10AB200003191D7BAA4239D822B9012D00F2A78052
:10AB300001228A7001258D60C1F80E504D770026E4
:10AB40006FF03F0581F822608D766FF003066FF09D
:10AB50006405CE760D77584EC1F81E60082581F841
:10AB60002350005DB3F80D5005441D440344AB422F
:10AB700014D2524F9C78112C0CD827FA04F0C04301
:10AB800010F0010006D1DE78B24203D112E058780D
:10AB900024280CD0187803449D42F8D8484B1B68F1
:10ABA000DA0702D40020F0BC704700BEFAE79D42ED
:10ABB000E0D8F3E79D42F1D0042C66D0062CF2D108
:10ABC00091F803C01A7994451BD8BCF1000F05D148
:10ABD000012A54D84FF0010C81F803C01A781A44A6
:10ABE000AA420ED2967806F0FD07052F0FD0112E3F
:10ABF00003D10CE05678242E44D016783244954286
:10AC0000F8D82F4B1B68DB07CCD500BECBE7D67836
:10AC1000B445F2D19542F4D0D1F812506DB9042C5C
:10AC20003CD0062C07D1B2F80530B2F8075005FB2E
:10AC300003F52D01ED08C1F812504C6854B9537E4C
:10AC4000012B1CD8D2F81A401BB9D2F81E30A342EF
:10AC500015D14C6042F20F739C42D2D9194A6B1E37
:10AC6000A2FB042403EB5433640BB3FBF4F3023371
:10AC7000B3F5807F28BF4FF48073C1F816300120F0
:10AC8000F0BC70479542ADD8BBE7012291F803C0F4
:10AC90000A731A794873944597D9B2E7B2F80560F8
:10ACA000B2F807405D7D04FB06F305FB03F5ED08F4
:10ACB000C1E700BF807400200301010150100200B1
:10ACC000F0ED00E05917B7D12DE9F04F0B78624C49
:10ACD00003EB8305894603EB45030989E75883B0F5
:10ACE0001646804681B13944CB7803F00303012B2B
:10ACF00000F09C80B9F80A3033B13B44DA7802F0B6
:10AD00000302012A00F099800023B9F80240B9F843
:10AD10000450C9F81430C9E903333C443D44A278D7
:10AD2000AC4238BF134609D29A4203D10FE0637890
:10AD3000042B07D023781C44A542F8D8002003B088
:10AD4000BDE8F08FA542F9D9A3789A42F2D1E37811
:10AD50009E42EFD1A542F1D923790193022B0FD85E
:10AD6000E31BA9F806308EB999F81D30012B4BD1A1
:10AD700023781C44019B6BB9012003B0BDE8F08F20
:10AD8000364B1B68DA07D9D500BED7E723781C44B9
:10AD9000019B6BB309F1080A4FF0000BA54206D8DE
:10ADA000EEE7042BECD023781C44A542E8D9637865
:10ADB000052BF6D1A542E3D9E37803F003030EB1E6
:10ADC000012B19D0022BB9D12146404601F0DEFDFE
:10ADD00000283AD0E31B2AF8023B019A21780BF1B4
:10ADE00001039A420C444FF0010BD7D8002EC3D078
:10ADF000022389F81D30BFE7A188D9F81830C1F3C4
:10AE00000A019942E0D299E709F11E03314689F817
:10AE10001D60C9F818601846302206F01BFC014678
:10AE20004846FFF771FE0028A2D187E70023A9F862
:10AE30000830897801F05AFE5CE70022A9F80A2060
:10AE40009978404601F052FE5EE7044B1B68DB0731
:10AE50007FF574AF00BE72E780740020F0ED00E073
:10AE6000044B05480021C3E900115022C3F8071024
:10AE700006F0F0BB807400208C7400200120704725
:10AE8000044B05480021C3E900115022C3F8071004
:10AE900006F0E0BB807400208C7400202DE9F84F90
:10AEA0004B790E2B03D18B79012B0E4603D0002753
:10AEB0003846BDE8F88FCB79012BF8D1DFF8349113
:10AEC0001446D9F800202AB1484B1B68DB07EED5A1
:10AED00000BEECE749468046C9F80060A9F8044086
:10AEE000FFF7C2FD0028E2D0B9F80620D9F80030FB
:10AEF000B17813443444A64293F814A0334605D3E2
:10AF000008E05A78042A3DD00B2A3BD01A78134423
:10AF10009C42F6D8BAF1000F65D03549DFF8D8E089
:10AF200048884FF0000C6246E3460028CCD19D1BB8
:10AF30000EF8010B0870A8B248809C429F784A70B6
:10AF400005D84DE05A78042A16D00B2A14D01A7866
:10AF500013449C42F6D89A1B97B28F8081F81DB09B
:10AF6000BCF1000F14D00CF1010C5FFA8CF2924589
:10AF7000DBD8A9F804709BE79C42ECD99A78BA42D6
:10AF8000E5D0E8E79C42C5D99A788A42BED0C1E7AD
:10AF9000BAF1010FE7D116FA85F516FA82F2954259
:10AFA000A9780AD20B46994203D113E06B78042B9F
:10AFB0000BD02B781D44AA42F8D80D4940460022F8
:10AFC000FFF782FE0028D4D171E7AA42F5D9AB7809
:10AFD0009942EED1EB78012BEBD1AA42C9D1ECE733
:10AFE00007462A46B9E79B1B9FB2C2E7F0ED00E097
:10AFF0008C74002080740020887400202DE9F047B4
:10B000001678174606F01F02012A8CB019D1DFF816
:10B010000093BB88D9F8005080465FFA83FC15B1D5
:10B02000AA78624512D0B84E74885CB1357805EBC9
:10B03000850205EB420559F805502C44A27862457B
:10B0400011D0002420460CB0BDE8F087C6F3411AA9
:10B0500016F0600F54464ED0012C27D0072389F8F4
:10B0600009300024EEE73A78C2F3411912F0600F7C
:10B07000484600F0B580012815D11B0A13D17A8803
:10B08000100A022800F04A81062800F0FA80012800
:10B0900000F00C819D4B1B68DB0704D500BE072325
:10B0A00033770024CEE707233377CAE7180A65D041
:10B0B000B9F80630EC18EA5CE3891A442244944259
:10B0C00014D2A1780239052902D8E17881420DD045
:10B0D00021780C44A24204D808E023781C44A24200
:10B0E00004D96378242BF8D1A242EAD8002389F846
:10B0F00009300124A6E77B780A2B5AD00B2B33D1D9
:10B100000129F3D1FB88002B4ED1B9F80630EA189B
:10B110001179C1B1E85CD189537A014403441344E5
:10B120000A44934205D3C4E119780B449A4240F291
:10B13000C08159780529F7D19A4240F2BA819978AD
:10B14000404601F0D3FC0025A9F806507A887049E2
:10B150004046FFF789FC044630B33946404601F0CB
:10B16000F9FC89F809506DE7684B1B6813F001037F
:10B1700064D107221C4689F8092063E77B881A0AF4
:10B18000012A60D0022A4FD17B78812B00F04381C5
:10B19000862B49D10129A9D10B465E4A3946404642
:10B1A00001F0F2FC0028A1D1FF2389F80930002426
:10B1B00048E701299AD1FB88012BF5D1B9F806207F
:10B1C00005EB020E39469EF803208DF800206A46F2
:10B1D00001F0DAFC04460028E6D089F809A031E73E
:10B1E0007B780A2B0AD00B2B0FD0484B1B68DF074C
:10B1F0007FF559AF00BE0723337722E7012900F01E
:10B20000F3800023337701241CE70129F9D17A88E0
:10B2100031464046FFF758FD002800F0F9803946D6
:10B22000404601F097FCECE7384B1C6814F0010431
:10B2300040F0D480072389F8093003E700BE0723D4
:10B2400089F80930FEE67B78812B00F00F81862B90
:10B2500000F0FC80012BE7D1012900F00A810229CE
:10B260007FF444AF2C4B002B3FF440AF99F80A1009
:10B270000020AFF30080B0FA80F489F80900640977
:10B28000E0E67B78812B00F0D380862B7FF402AF41
:10B290000129B6D11F4A39464046012301F074FC0A
:10B2A0000028AED1FF2333770024CBE6727F02B1B2
:10B2B000737797F801C0BCF1010F00F0E8800CF142
:10B2C0007F03DBB2062B3FF6E5AEACF18104062C22
:10B2D0003FF6E0AEDFE804F02C3C3C3C04663C006A
:10B2E00001298ED1FB88022BDCD13024394640461F
:10B2F0006A46ADF8004001F047FC04460028D1D072
:10B30000002333779EE600BF8C740020F0ED00E050
:10B3100080740020CD3C0300000000007B78852B6A
:10B32000DED050D8012B00F0CB80812B7FF4B2AE61
:10B3300001297FF466AFFB88002BB3D0B44A3946AD
:10B340004046302301F020FC00287FF45AAFA9E7E3
:10B3500001297FF456AFFB88002BA3D0AC4CE94603
:10B3600004F1300A20686168A268E368CE46AEE85E
:10B370000F0010345445F146F4D19DF80210002915
:10B3800040F0C380BCF1830F00F0A481BCF1870FB3
:10B3900000F08581BCF1820F00F0818108233377B2
:10B3A00000244FE601297FF42CAFFB88012B7FF4AA
:10B3B00079AF0B46974A3946404601F0E5FB002835
:10B3C0007FF41FAF6EE7862B7FF464AE01297FF414
:10B3D00018AFFB88012B7FF465AFEBE700BE0723B6
:10B3E00089F8093000242DE6FB88012B10D1F38861
:10B3F00073B11D444046EA788DF800200B466A463A
:10B40000394601F0C1FB044610B186F81C9019E6DC
:10B41000FF23337715E601297FF468AE7E4A39466B
:10B420004046012301F0B0FB00287FF45FAEBBE68D
:10B4300001297FF4E6AE0B464046394606F11C0270
:10B4400001F0A2FB00287FF4DCAE2BE701297FF49A
:10B450004DAEFB88012B7FF4A7AE6E4A39464046BD
:10B4600001F092FB00287FF441AE9DE601297FF4B4
:10B470003DAEFB88012B7FF497AE684A39464046C3
:10B48000012301F081FB00287FF430AE8CE6012916
:10B490003FF454AF02297FF4B4AE5D49A1F11E0020
:10B4A000FFF732FB044600287FF4ABAE0823337766
:10B4B000C8E55B4B1B68DB077FF576AE00BE73E625
:10B4C00001293FF43BAF02297FF49BAE5049A1F123
:10B4D0001E00FFF719FB04460028E7D0514B726BA2
:10B4E000B2613BB14A4A71783078AFF300800028EE
:10B4F0007FF487AE002302214FF48072C6E9033344
:10B500007361A6F85010B2839CE59DF803000028F3
:10B5100040F08C80F288002A3ED0AB18AA5CB3F8C9
:10B520000D00414C104418441344984211D99A78A4
:10B53000112A0AD824FA02F2D50706D5DA78914200
:10B5400003D107E05A78242AEFD01A78134498429E
:10B55000F8D80346BCF1830F56D0BCF1870F4BD00F
:10B56000BCF1820F7FF41AAF01218DF803101A7815
:10B570001A4490420ED9947804F0FD05052D12D09E
:10B58000112C03D10FE05478242CF2D014782244EB
:10B590009042F8D8024609E0214B1B68DA077FF594
:10B5A000FDAE00BEFAE6D478A142EFD19978042925
:10B5B00017D006297FF4F2AEB2F80510B2F80730C2
:10B5C00003FB01F31B01DB08CDF812306A46394654
:10B5D0004046302301F0D8FA044600287FF490AEAC
:10B5E00060E6B2F80510B2F807205B7D02FB01F2BD
:10B5F00003FB02F3DB08E7E79A78042A06D0062A61
:10B600007FF4CCAE9979B0E71979AEE7997DACE7D4
:10B61000AA740020CE3C0300897400208A740020A4
:10B62000F0ED00E00000000050100200019B002B34
:10B63000CCD1F288002AAFD0AB1815F802E0B3F8ED
:10B640000D205A4D72449C1873449C4211D99A782B
:10B65000112A0AD825FA02F2D20706D5DA789142E1
:10B6600003D107E05A78242AEFD01A7813449C4279
:10B67000F8D82346197819448C420ED98B7803F0F8
:10B68000FD02052A2ED0112B03D12BE04B78242B61
:10B69000F2D00B7819448C42F8D8214625E00123DA
:10B6A0008DF8023001234FF0011202930023039220
:10B6B000ADF810304FF6C04240F29B13ADF81A209F
:10B6C000ADF81C303A4ACDF81E204FF40063ADF8B7
:10B6D00022307BE7F388002BE4D02B441B7B8DF8D2
:10B6E0000230DFE7CB789842D3D1ACF18203052B4F
:10B6F0003FF654AE01A252F823F000BF83B7020018
:10B7000067B702003DB702009DB302009DB302007F
:10B7100015B70200D1F8152042F21073B2FBF3F313
:10B720000192D2B1DDF812208BB9931CB3F5807F62
:10B7300028BF4FF48073CDF8163047E74B7E63B9CE
:10B74000D1F8222042F21073B2FBF3F3E8E7013A9A
:10B750001A44B2FBF3F30233E8E70023ADF81630E6
:10B76000ADF8183032E74A7ECAB1053201EB8202E9
:10B77000D2F80220D1F81A3042F21071B3FBF1F383
:10B78000CEE74A7E72B1053201EB8202D2F8023076
:10B79000D1F81A2042F21071B3FBF1F3C0E7D1F8EF
:10B7A0001E20E7E7D1F81E30F2E700BF501002007C
:10B7B000030101012DE9F84F344F3C895CB13B781E
:10B7C000334E03EB830203EB42020D46B258224490
:10B7D00092788A4207D02F4B1B68DB0718D500BE32
:10B7E0000020BDE8F88FD7E9042494420CD32A49FD
:10B7F0000022C7E903227A6119B179781846AFF3BC
:10B8000000800120BDE8F88F834601F0E3F810B90D
:10B810000020BDE8F88F97F850307A693969D7F879
:10B820001890A3EB02088844C1454C4628BF444603
:10B83000A34213D9174B1B6813F0010301D000BEBC
:10B840000023164A2946584601F0E4F80028D8D1CA
:10B85000104B1B68DA07DBD500BED3E7F968A4EB11
:10B86000030A50331144F818524605F0CBFE7B69A9
:10B87000C14553447B6107D397F8512042F002023F
:10B88000A3B287F85120DCE7A3B2DAE78C7400207A
:10B8900080740020F0ED00E000000000DC74002067
:10B8A0002DE9F041B2F5004F9DF818802CD80446E0
:10B8B000C06816460F461D4618B14FF0FF3103F021
:10B8C0003DFA206918B14FF0FF3103F037FAC5F3A4
:10B8D0000E05E0682760002345EAC8356381E580EE
:10B8E000A680238118B11A46194602F067FE206926
:10B8F00038B100231A46194602F060FE0120BDE867
:10B90000F0810120BDE8F0810020BDE8F08100BF9A
:10B9100003894289808892B29BB2934236BFC2EBC0
:10B9200040029B1A9B189BB2984228BF184670474A
:10B930000289438990B29BB2C01AB0FA80F04009E4
:10B94000704700BF03894289808892B29BB29342BC
:10B9500036BFC2EB40029B1A9B189BB2984286BF2F
:10B96000C01A80B2002070472DE9F04705460069F3
:10B970008846914618B14FF0FF3103F0DFF92B896B
:10B980006C89AF889BB2A4B2A34236BFC4EB470612
:10B990001E1BF618B6B2002E4CD0B74242D34E450D
:10B9A00028BF4E46A742B6B203D8E41BA4B2A742B2
:10B9B000FBD9B5F8069029683B1B9BB2C9F30E0270
:10B9C0009E42914602FB041126D913FB02F3F71B9A
:10B9D0001FFA83FA3C445246404614FB09F405F032
:10B9E00011FE2968A2B208EB0A0005F00BFE6A8975
:10B9F000AF8892B293199BB29A421DD97A009B1AD2
:10BA00009BB228696B8120B100231A46194602F0C7
:10BA1000D5FD3046BDE8F08702FB06F2404605F052
:10BA2000F1FDE4E7BB422CBFDC1BDC19A4B26C8146
:10BA30003E46B4E76B899BB2B3EB470F4FEA470230
:10BA4000DFDBDCE738B5044600690D4618B14FF07E
:10BA5000FF3103F073F922896389A18892B29BB206
:10BA60009A4236BFC3EB4100D01A801880B200B3AF
:10BA7000814209D28A422CBF531A53189BB2994271
:10BA8000638103D85B1A9BB29942FBD9E288216893
:10BA9000C2F30E02284602FB031105F0B3FD012597
:10BAA000206920B100231A46194602F087FD284676
:10BAB00038BD0546F4E700BF2DE9F04F154683B0C9
:10BAC0001AB30646C068894618B14FF0FF3103F03B
:10BAD00035F9F279B6F808807389B788D2091FFA68
:10BAE00088F89BB215D1984536BFC3EB4703A8EB46
:10BAF000030343449BB29F422CD80025F06820B139
:10BB000000231A46194602F059FD284603B0BDE845
:10BB1000F08FBD4250D2984536BFC3EB4702A8EB29
:10BB20000302424492B279002A448A4219DB03EBB1
:10BB3000070A1FFA8AFAAAEB05081FFA88F8434594
:10BB400058D9A8EB01081FFA88F805EB080A1FFA74
:10BB50008AFA0AE0FB1A9AB2954228BF1546002DD0
:10BB6000CCD005EB080A1FFA8AFA4745444603D8A9
:10BB7000E41BA4B2BC42FBD2F3883068A7EB040BF1
:10BB80001FFA8BFBC3F30E02AB4502FB04001CD370
:10BB900002FB05F2494605F035FDB288C2454FEA81
:10BBA000420302D3BAEB420F03DBAAEB030A1FFAEC
:10BBB0008AFAA6F808A0A1E7F188ED1BC1F30E01EF
:10BBC00001FB059998463D46C9E71BFB02FB1FFA9E
:10BBD0008BFB019249465A4605F014FDEF1B019B71
:10BBE0003068274417FB03F292B209EB0B0105F012
:10BBF00009FDD2E74145B8DCA3E700BF10B5044614
:10BC0000C06818B14FF0FF3103F098F8206918B1FF
:10BC10004FF0FF3103F092F8E06800236381238145
:10BC200018B11A46194602F0C9FC206920B1002358
:10BC30001A46194602F0C2FC012010BD38B5044670
:10BC4000C0680D4618B14FF0FF3103F077F8206956
:10BC500018B14FF0FF3103F071F8E379E06865F354
:10BC6000C713E37120B100231A46194602F0A6FC5F
:10BC7000206920B100231A46194602F09FFC0120DA
:10BC800038BD00BF2DE9F0411B4D1C4F2A781C4EDA
:10BC90000024804623460DE0336813EB441323D081
:10BCA000DB68404698472A780134E4B2511DA1422E
:10BCB000234606DBA242A3EB0203EDD807EB4313B6
:10BCC000EEE7104C38222046002105F0C3FC4FF06F
:10BCD000FF33C4E90233C4E90533C4E90733236100
:10BCE0006360A384BDE8F081074B1B68DB07F9D5CF
:10BCF00000BEBDE8F08100BFE0750020DC3C030021
:10BD0000DC75002034760020F0ED00E0704700BFC5
:10BD1000704700BF0020704700207047704700BF89
:10BD2000704700BF704700BF704700BF024B587894
:10BD3000003818BF0120704734760020024B187875
:10BD4000C0F38000704700BF34760020024B1878A3
:10BD5000FF3818BF01207047186100202DE9F0431B
:10BD6000334E3378FF2B83B003D0012003B0BDE8FE
:10BD7000F0833822002105462E4805F06BFC2E4B3F
:10BD80002E49002701201F7002F0C8FD2C4B1860BF
:10BD900000283DD02B4C2346626833F80C0B0097EB
:10BDA000618802F099FBA168044603F073F9264B01
:10BDB0001C6024B3254B23B12548AFF30080254BED
:10BDC0001860234FDFF894903A78DFF888800024D9
:10BDD00023460EE0D8F8003013EB44130FD05B6815
:10BDE0006BB198473A780134E4B2511DA142234621
:10BDF00014DBA242EED89B1A09EB4313EFE7164B74
:10BE00001B68DB0700D500BE002003B0BDE8F0834F
:10BE1000114B1B68DA07F7D500BEA7E72846357037
:10BE200001F0E6F8284601F0E5F801209EE700BFA2
:10BE3000186100203476002034770020E47500205B
:10BE40006C760020BC6000207076002000000000AE
:10BE5000E0750020DC750020F0ED00E0DC3C030024
:10BE60002DE9F04FDFF8209399F80030FF2B8DB0CB
:10BE700031D004464FF47A7200238002A10D05F000
:10BE8000FDF9012838BF0120BA4DDFF800A3DFF823
:10BE900000B30646671C286800F0CE80002C14BF53
:10BEA0003246002209A902F0EDFDA0B19DF825302F
:10BEB000013B072B00F2AB83DFE803F0B3AAA196A6
:10BEC0008E3D10040A9B0BB10B989847286803F02D
:10BED000B1F80028DED10DB0BDE8F08F9DF8281034
:10BEE000A54B01F07F0703EB470303EBD11393F856
:10BEF00026006FF3000083F8260093F826006FF306
:10BF0000820083F82600002F00F0A5809B4A1B7D4D
:10BF100012789342C0F09280501D9842C0F29480F3
:10BF20009B1A0AEB43139F699DF829200B9B9DF8F0
:10BF30002400B847CAE7924A1378002B00F08480A7
:10BF40001378013BDBB21370137803F0FF00002B72
:10BF5000BCD1894F9DF824803B7843F001033B70AE
:10BF600097F8263060F3000387F8263097F82630DC
:10BF700060F3820387F8263097F8273060F30003D8
:10BF800087F8273097F8273060F3820387F8273047
:10BF900000F05EFE9DF8283003F06002602A0BD0AE
:10BFA000402A00F0F78003F01F03012B00F0AD8062
:10BFB000022B79D0002B56D0724B1B68DF0700D5BF
:10BFC00000BE9DF82400002101F094FA9DF82400A1
:10BFD000802101F08FFA79E7674B1B78D9077FF54D
:10BFE00075AFFFF7A1FE71E7634B1A78D0077FF5B5
:10BFF0006DAF1878C0F3C000FFF794FE66E75E4BA4
:10C00000DB78DA077FF562AF0A98FFF781FE5DE71C
:10C010009DF82400FFF736FE00F010FEFFF780FECB
:10C0200054E79DF82400FFF72DFE00F007FE524B69
:10C030009DF828209A7049E7224633E7DBF8002074
:10C0400012EB43137FF46FAF4E4B1B68DC077FF599
:10C0500042AF00BE3FE70B9B9DF829209DF82400CE
:10C0600000F008FE32E7202A00F0A380002AA3D1C6
:10C070009DF82930092B9FD801A252F823F000BF68
:10C0800009C30200EDC20200B9BF0200D1C2020022
:10C09000B9BF0200B7C2020041C30200B9BF02002B
:10C0A0002BC30200DBC102009DF82C1001F07F03BE
:10C0B000082B81D807EB430000EBD110DFF8BCC0A0
:10C0C00090F814E09CF800000190C80902900198D3
:10C0D00086454FEA430380F08381DBF8000000EBE4
:10C0E0004E100190002A00F0598100283FF469AFFA
:10C0F000019F786900F0ACFD7B6940460AAA0121E6
:10C10000984700287FF4E2AE5BE79DF82C300F2BB8
:10C110003FF657AF3B44194A1B791778BB4280F072
:10C120005781DBF8007017EB43173FF44AAF78698B
:10C1300000F08EFD7B690AAA01214046984700283D
:10C140007FF4C4AE9DF8287017F060077FF439AF14
:10C150009DF829300A3B012B3FF633AF00F078FD04
:10C160009DF829300A2B0AA9404600F0B58100F05D
:10C17000F1FCABE67076002034760020E0750020FC
:10C1800034770020F0ED00E018610020DC3C030073
:10C19000DC750020BF4800283FF413AF00F058FDC5
:10C1A00040460AAA0121FCF787FE00287FF48EAEE4
:10C1B00007E79DF82C300F2B3FF603AF3B44B64A00
:10C1C0001B791778BB4280F04A81DBF8007017EBCF
:10C1D00043173FF4F6AE78698CE79DF82A207B7808
:10C1E0009A4200F046817B78002B40F094817A706F
:10C1F000002A00F03C81501EC0B2FCF79FFC0028D2
:10C2000000F05D814378022B40F05981C279397882
:10C21000C2F340131B01C2F3801221F0300143EA44
:10C2200042130B433B704388CDF81880CDE901647D
:10C23000C318049300F10901049B8B4240F28F81E3
:10C240004B780B2B03BF0B7891F80380C9184FF084
:10C2500001084B78042B40F03081049B5A1A8E4B16
:10C26000002692B21B78059203961CE0DBF8004092
:10C2700014EB461400F021812369059A0698079172
:10C2800098470828079906F10103024603D9059843
:10C29000904280F0F380DEB27F4B03961B785A1DEC
:10C2A000964200F30A81039AB342A2EB0303DDD85E
:10C2B0000AEB4314E0E70AA800F0D0FC9DF82A102E
:10C2C000404600F09DFE3B7843F002033B70FDE5E5
:10C2D000BDF82A30012B7FF474AE3B78404643F022
:10C2E00008030AA93B7000F035FCEFE5BDF82A30E1
:10C2F000012B7FF466AE3B7840466FF3C3030AA977
:10C300003B7000F027FCE1E53B789F0807F002074F
:10C31000C3F340131F43404602230DF122020AA932
:10C32000ADF8227000F030FCD0E57B788DF822303B
:10C33000404601230DF122020AA900F025FCC5E5C3
:10C34000BDF82A00030A5A1EC0B20E2A3FF639AEC3
:10C3500001A151F822F000BFABC502009BC502004D
:10C360008BC50200C3BF0200C3BF02006DC502003F
:10C370009BC50200C3BF0200C3BF0200C3BF0200CF
:10C38000C3BF0200C3BF0200C3BF0200C3BF02009D
:10C3900039C50200002A7FF414AE01929DF82920CD
:10C3A00002F0FD00012827D0002A7FF405AE029A92
:10C3B0003B441344404693F826700DF12202C7F324
:10C3C000400702230AA9ADF8227000F0DDFB7DE5ED
:10C3D0007A1D9A42FFF6F5ADDB1B0AEB4317A6E682
:10C3E00000F1050CF445D5DBAEEB00000AEB401084
:10C3F0000190002AD2D07BE6BDF82A000390B0B9A4
:10C40000012A71D099F80000039301F073F8039B9F
:10C41000029A3B44134493F8262042F0020283F828
:10C42000262093F8262042F0010283F82620019B63
:10C43000002B3FF44BAD586900F00AFC019B0AAA9F
:10C440005B69012140469847002000F001FC97F805
:10C450002730DB073FF53AAD0AA9404687E67A1D4B
:10C460009A42FFF6AEADDB1B0AEB4317B3E6FFF7CC
:10C4700057FC40460AA900F06DFB27E5B8F1010F13
:10C4800000F0B380B8F1000F00F09E8091F802E058
:10C49000002307E0B98E0200E0750020A045067178
:10C4A00040F292800EEB030057FA80F0013390F8CF
:10C4B00004C0BCF1FF0FDCB2F0D0DDE90164574BE2
:10C4C0001B68D90700D500BE544B1B68DA0700D59E
:10C4D00000BE00237B7074E501230DF122028DF86C
:10C4E000227000F051FBF1E499F80000049301F090
:10C4F00025F8049B029A03993B44134493F82620A1
:10C5000061F3410283F8262093F8262061F30002AC
:10C5100083F826208BE700214046029200F082FD3E
:10C52000404600F027FEBB7801934046FFF7AAFB88
:10C53000019B029ABB705AE6394B002B3FF441AD88
:10C54000FCF7B6FC024600283FF43BAD538840465A
:10C550000AA900F019FB00287FF4B8AC31E5DDE949
:10C560000164DDF81880FFF7D9FB82E7FFF7D2FB03
:10C57000024600283FF425AD137840460AA900F092
:10C5800003FB00287FF4A2AC1BE5BDF82C10FCF7E0
:10C59000DBFA02460028EFD113E5022B31D0FFF77A
:10C5A000BBFB02460028D1D10BE5FCF7C3FA0246DB
:10C5B00000283FF401AD404612230AA900F0E4FA36
:10C5C00000287FF483ACFCE43346164807920591BB
:10C5D00001F0D2FD144B079A05991B781144039A78
:10C5E00005339A427FF728AE67E723690F4C10485E
:10C5F000A34208BF4FF00208834208BF4FF0020871
:10C6000044E7FCF79BFA024600289FD1D4E4034B91
:10C610001B68DB077FF55AAC00BE57E4F0ED00E085
:10C62000B18E020048760020E07500209992020049
:10C630008D9A02002DE9F0434378023B85B0054610
:10C640000E46042B0CD8DFE803F0485C037D3E0067
:10C650007E4B1A78D70715D51A7842F004021A7063
:10C660007B4B18688EB933464FF0FF32294601F0F4
:10C67000A5FF003818BF0120E8B169782878324654
:10C68000FFF744FB05B0BDE8F083002301AA29466B
:10C69000019302F079F9019B43B16E4B4FF0805248
:10C6A0005A6040BFBFF34F8FBFF36F8F003818BF82
:10C6B00001200028E1D1684B1B68DB07E2D500BEF2
:10C6C00005B0BDE8F083654A13780133DBB213701F
:10C6D0005F4B1868002ED8D1C5E75C4B1A786FF312
:10C6E00000021A701A7800216FF341021A70597013
:10C6F0001A7861F382021A70554B1868002EC4D163
:10C70000B1E7574FDFF85C813978DFF85C9100249E
:10C7100023460AE0D9F8003013EB44130AD1013460
:10C72000E4B24A1DA242234615DB8C42F2D35B1AC7
:10C7300008EB4313DB69002BF1D069682878984730
:10C740003978ECE7414B1A78D4079BD51A786FF308
:10C7500082021A7084E73D4C237858072BD5237842
:10C760003B4A6FF382032370297810680023052267
:10C77000CDE9013303938DF804108DF8052001A94C
:10C78000002E51D06A46009302F0FEF8009B43B1A0
:10C79000304B4FF080525A6040BFBFF34F8FBFF312
:10C7A0006F8F003818BF0120002846D12A4B1B6824
:10C7B000D90700D500BEE378DA077FF563AF244AD6
:10C7C0006B68297810680293032200230193039376
:10C7D0008DF804108DF8052001A9E6B16A46009392
:10C7E00002F0D2F8009B43B11A4B4FF080525A60CE
:10C7F00040BFBFF34F8FBFF36F8F003818BF0120CA
:10C8000000283FF458AF9DF805109DF8040032460B
:10C81000FFF77CFA36E733464FF0FF3201F0CEFEE9
:10C82000003818BF0120EBE733464FF0FF3201F02C
:10C83000C5FE003818BF0120B6E79DF805109DF829
:10C8400004003246FFF762FAB5E700BF34760020F5
:10C850007076002000ED00E0F0ED00E0347700207D
:10C86000E0750020DC3C0300DC7500202DE9F84F6A
:10C870000A9F002A3ED0DFF88890DFF888800C46B7
:10C880001E4615464FF0000B18E098F8021099F874
:10C8900000A001F03DFC034621465046E3B100F004
:10C8A000D5FBF0B1A378DA0916BF0B9A3B70137071
:10C8B00023780BF1010BAB451C441BD06378052B8F
:10C8C00020460ED1E17801F00301B14209D1A378ED
:10C8D00003F07F03082BD8D9084B1B68DA0700D573
:10C8E00000BE064B1B68DB0702D40020BDE8F88FB2
:10C8F00000BEFAE70120BDE8F88F00BFF0ED00E0D0
:10C90000186100203476002070B51D4E84B00023DD
:10C910000825CDE90201019330688DF805501446D1
:10C9200082B9134601A94FF0FF3201F047FE0038EB
:10C9300018BF0120D8B9134B1B68DB0700D500BE18
:10C9400004B070BD6A4601A9009302F01DF8009B77
:10C9500043B10D4B4FF080525A6040BFBFF34F8F31
:10C96000BFF36F8F003818BF01200028E3D09DF877
:10C9700005109DF804002246FFF7C8F904B070BD09
:10C9800070760020F0ED00E000ED00E038B58B7827
:10C9900003F07F03082B06D90B4B1B68DB0700D580
:10C9A00000BE002038BD094A094B0C46204691784C
:10C9B0001D7801F0ADFB0028EED021462846BDE8E9
:10C9C000384000F043BB00BFF0ED00E034760020BB
:10C9D00018610020CB090548054A263301F07F0184
:10C9E00003EB41010844116801F048BB3476002094
:10C9F0006C760020CB090548054A263301F07F01FB
:10CA000003EB41010844116801F064BB3476002057
:10CA10006C760020154838B501F07F0500EB450025
:10CA200000EBD1142034A079C00706D5104B1B6849
:10CA3000DA0700D500BE002038BDA5790D4845F0C5
:10CA400001050078A57100F049FC0028F4D1A37914
:10CA5000074A60F30003A371A37960F38203A37113
:10CA60001368DB07E7D500BE38BD00BF3476002071
:10CA7000F0ED00E018610020054B01F07F0203EBB0
:10CA8000420303EBD11191F8260000F0010070473A
:10CA90003476002010B50C4B18780C4600F02AFDB7
:10CAA0000A4B04F07F0103EB410303EBD41191F82F
:10CAB000263043F0020381F8263091F8263043F007
:10CAC000010381F8263010BD186100203476002063
:10CAD000054B01F07F0203EB420303EBD11191F808
:10CAE0002600C0F34000704734760020144BFBB1A1
:10CAF00010B5144B18780C4600F086FB124B04F06E
:10CB00007F0103EB410303EBD41191F826306FF35F
:10CB1000410381F8263091F826306FF3000381F845
:10CB2000263091F826306FF3820381F8263010BD4D
:10CB3000064B1B68DB0701D500BE7047704700BF7E
:10CB400009D202001861002034760020F0ED00E0E8
:10CB5000704700BF0B4630B40A4C49680546186858
:10CB6000224603C293F9002000239A42C4E902330B
:10CB70002846A8BF802130BCB8BF19461A46FFF727
:10CB800049BF00BF38770020F0B50C46284F4968F0
:10CB900006462068BA603D4603C50021F981E58854
:10CBA000AB4228BF2B4683B0BB81A5B11BB352B3A8
:10CBB00097F90000402B28BF402300282ADB1D4A9C
:10CBC0003046FFF727FF98B91B4B1B68DB071ED5C4
:10CBD00000BE03B0F0BD94F90030002BACBF802143
:10CBE000002130462B462A46FFF714FF0028EBD0E1
:10CBF000012003B0F0BD97F90020002AACBF194610
:10CC000080211A46DCE70C4B1B68D9070CD40020A6
:10CC100003B0F0BD1146074801931A4604F0F2FC38
:10CC2000044A019B8021CBE700BE1046E1E700BF2C
:10CC3000387700204C770020F0ED00E0034B002215
:10CC4000C3E90022C3E902221A6170473877002045
:10CC5000014B1861704700BF387700200346044A33
:10CC600059680068134603C30023C2E902337047C2
:10CC700038770020F0B5404C2578C909B1EBD51FB5
:10CC800083B01F4606461FD03BB13C4B1B68DA07FA
:10CC900000D500BE002003B0F0BD2146FFF758FFCD
:10CCA000236973B12246304603219847012003B01F
:10CCB000F0BD0146304600F01DFC3046802100F0FA
:10CCC00019FC012003B0F0BD94F90020002A06DB16
:10CCD000A0680028DED02A491A4604F093FCE589B2
:10CCE000A168E2883D44ADB23944AA42E581A16021
:10CCF00015D03F2F13D9A28994F90000531B9BB282
:10CD0000402B28BF4023002824DB954230D01C4A0A
:10CD100000213046FFF77EFE0028D2D114E02369BF
:10CD20002BB1154A0221304698470028C1D094F90A
:10CD3000002000239A42ACBF8021194630461A4693
:10CD4000FFF768FE0028BCD10C4B1B68DB07A1D5A0
:10CD500000BEA0E7954208D01A460948019304F0A6
:10CD600051FC074A019B8021D3E780210022D0E7B4
:10CD700000210A46CDE700BF38770020F0ED00E043
:10CD80004C77002042DF704743DF704744DF704735
:10CD900012DF7047F0B4364CBFF35B8F014604F5E9
:10CDA00090730125D3E84F2FC3E8405F0028F9D1E5
:10CDB000BFF35B8F12F0FF0F3CD108292CD004EB9E
:10CDC00041122C482C4F01F5947301EB810C50F863
:10CDD00023609388D2889A1A93B2B6B200EB8C0281
:10CDE0004FEA411CB34208B228BF334654F80C60E6
:10CDF000C2F8006707EB8101C2F8043747F82050FA
:10CE0000BFF36F8FBFF34F8F1C4B994209D0043B88
:10CE1000994206D0F0BC7047164BD3F8C024D1031A
:10CE200013D5BFF35B8F002384F82031BFF35B8FF2
:10CE3000F0BC7047124B13485A68C2F30802003A1C
:10CE4000F0BC18BF0122FFF75FBD94F80B11002959
:10CE5000E7D00D49D4F80001C3F8A007C3F8A42710
:10CE60000D60BFF36F8FBFF34F8FF0BC704700BFF3
:10CE70008C77002000700240287002405070024001
:10CE800000ED00E001CF020048700240174BBFF3F5
:10CE90005B8F01460122D3E84F0FC3E84C2FBCF152
:10CEA000000FF8D1BFF35B8F10F0FF0F14D10A60B1
:10CEB000BFF36F8FBFF34F8F0D4B994203D0043BED
:10CEC000994200D070470B4BBFF35B8F002283F871
:10CED0002021BFF35B8F7047074B08485A68C2F3A5
:10CEE0000802003A18BF0122FFF70EBDAC780020FF
:10CEF000507002408C77002000ED00E08DCE0200E3
:10CF0000F0B4344CBFF35B8FC1B204F590730125CC
:10CF1000D3E84F2FC3E8405F0028F9D1BFF35B8F00
:10CF200012F0FF0F39D1082929D02B482B4F01F5DA
:10CF3000947304EB411250F823609388D28801EB7C
:10CF4000810C9A1A93B2B6B200EB8C024801B3423C
:10CF50002058C2F8000728BF3346C2F8043707EB51
:10CF6000810047F82150BFF36F8FBFF34F8F1C4BE9
:10CF7000984209D0043B984206D0F0BC7047164B4B
:10CF8000D3F8C024D10313D5BFF35B8F002384F8FB
:10CF90002031BFF35B8FF0BC7047124B12485A68C8
:10CFA000C2F30802003AF0BC18BF0122FFF7ACBC84
:10CFB00094F80B110029E7D00C49D4F80001C3F80C
:10CFC000A007C3F8A4270D60BFF36F8FBFF34F8F87
:10CFD000F0BC70478C77002000700240287002403F
:10CFE0005070024000ED00E001CF020048700240A6
:10CFF000704700BF014B80225A60704700E100E09B
:10D00000074BD3F80014D3F8002400200A434FF450
:10D010008001C3F80024C3F85801C3F80413704713
:10D0200000700240074B4FF4001229B1C3F80423EB
:10D03000054B83F821117047C3F80823024B83F88E
:10D0400021117047007002408C77002030B48A783C
:10D050008C88C878434D02F07F014B0003EBD2135C
:10D0600005EB031300F00300C4F30A0401281C813C
:10D070004FEAD2142FD0DCB13B488C1C012303FAB9
:10D0800004F4C0F80443D0F8104503FA01F1214339
:10D09000C0F81015344B42F48071C3F81825C3F85A
:10D0A0000C15BFF36F8FBFF34F8F012030BC70475B
:10D0B0002D4801F10C05012303FA05F5C0F80453CE
:10D0C000D0F814558B4001F594712B43C0F81435FA
:10D0D00040F82140DEE7082907D0244B186810F0FB
:10D0E0000100E3D000BE0020E0E7ECB9B5F818314C
:10D0F0001BB11D4B8022C3F81C251B4A0023C2F81C
:10D100005031D2F8003313F4001308BFC2F8543181
:10D11000154B4FF44012C3F80423D3F8142542F4FE
:10D120008072C3F81425BCE7B5F808210E4B002126
:10D13000C3F82C1112B18022C3F81C250A4AD2F878
:10D14000003313F4001308BFC2F85431064B084AE9
:10D15000C3F80423D3F8102542F48072C3F81025D5
:10D160009FE700BF8C77002000700240F0ED00E0E8
:10D17000000820001E4B80222DE9F041C3F88420D6
:10D18000BFF34F8FBFF36F8F1A4D1B4F0D244FF01E
:10D19000010800261949A000A4F10A03014408FA75
:10D1A00004F208FA03F31343C7F8083328464E6025
:10D1B00001348E622022002104F04CFA142C05F177
:10D1C0002005E7D10E4BC7F808332022C7F81C65AD
:10D1D00000217E620B48BE6404F03CFAC7F8148557
:10D1E000C7F81085024B80225A60BDE8F08100BF6D
:10D1F00000E100E0AC77002000700240D06F0240F8
:10D20000000830008C78002001F07F03082B30B438
:10D210004FEAD1112DD0D9B12E4A2F4801219C1CA3
:10D2200001FA04F4C2F80843D2F8104501FA03F5F4
:10D2300024EA0504C2F8104501EB430300EB031395
:10D240000022DA72BFF36F8FBFF34F8F30BC70478D
:10D25000204C2148012203F10C0502FA05F5C4F81F
:10D260000853D4F814559A4025EA0202C4F814254C
:10D27000E2E7194800EB01130022A3F80821154B3F
:10D28000D9B14FF40062C3F80823D3F8102522F473
:10D290008072C3F81025B0F81821B0F808410D4B82
:10D2A000E2424FF0000508BF4FF40012C3F81C55CE
:10D2B00008BFC3F808230823BEE74FF48012C3F861
:10D2C0000823D3F8142522F48072C3F81425C3F878
:10D2D0005011E0E7007002408C77002001F07F00E1
:10D2E000F0B57B4E440004EBD11406EB041C0D4654
:10D2F0009CF80B1085B0002940F0A280240101F0B9
:10D30000FF0732514FEAD51EACF80430ACF8067076
:10D3100000283ED1002B53D16E4AD2F88024C2F3AC
:10D32000C01272454CD06C4F79680193C1F308016B
:10D3300000394FF0070218BF012101A8CDE90233DF
:10D340008DF805208DF809308DF80850FFF772F937
:10D35000BFF35B8F06F590720123D2E84F1FC2E83E
:10D36000403F0028F9D1BFF35B8FCCB2002C40F0D6
:10D370008E805A4A1360BFF36F8FBFF34F8FBFF396
:10D380005B8F1C4686F82011BFF35B8F204605B0EB
:10D39000F0BDBEF1000F16D106EB40160123F3726B
:10D3A000BFF36F8FBFF34F8FB37A2BB1F37A03F0D4
:10D3B000FF04002B40F083800124204605B0F0BD1F
:10D3C000BEF1000F46D006EB401100EB8003CD8A82
:10D3D0008A8A0C8B0969521B9B0092B203F180432D
:10D3E00003F51C33A24228BF22463D4DC3F8001668
:10D3F000C3F804263B4BBFF35B8F05EB8001012292
:10D4000000B2D3E84F4FC3E8472F002FF9D1BFF345
:10D410005B8FE4B2002C47D145F82020BFF36F8F1B
:10D42000BFF34F8F2D4B994202D0043B9942C3D199
:10D43000BFF35B8F002386F82031BFF35B8FBBE720
:10D44000294B1C6814F00104A0D000BE0024204623
:10D4500005B0F0BD0123234AF372BFF35B8FD2E81E
:10D460004F4FC2E8413F0029F9D1BFF35B8FE4B2CF
:10D4700054BB1E4A1360BFF36F8FBFF34F8FBFF3D0
:10D480005B8F86F820E11C46BFF35B8F7EE77A68EE
:10D4900012491748C2F30802003A18BF0122FFF7E9
:10D4A00033FA204605B0F0BD0B4B11485A68C2F361
:10D4B0000802003A18BF0122FFF726FA66E786F84D
:10D4C0000AE0FFF767FC61E7034B08495A68E0E7A9
:10D4D0008C7700200070024000ED00E050700240A8
:10D4E00004700240AC780020F0ED00E04C70024087
:10D4F0008DCE020011F07F0008B507D10D4B01223F
:10D500005A65BFF36F8FBFF34F8F08BD0828F8D05F
:10D51000084B41F48072C909C3F81825F1D1064BB4
:10D5200003EB40139A7A002AEBD09972FFF732FC92
:10D53000E7E700BF007002408C77002011F0770F02
:10D5400012D00A4B41F48072C3F80C15C3F80C25B5
:10D55000CA09C3F8181504BF01F5947143F82120D6
:10D56000BFF36F8FBFF34F8F704700BF0070024053
:10D570002DE9F04F974B9848D3F80013002389B05A
:10D580001D461E46012421FA03F2D2070BD550F89E
:10D59000232042B104FA03F240F823601543BFF39D
:10D5A0006F8FBFF34F8F0133192BECD1EF0700F1D1
:10D5B0004682DFF834B22E0508D5864BD3F8A8365C
:10D5C00001229BB2ABF816318BF81C21AC0200F1A2
:10D5D000EB8105F4800404B37E4AD2F8004440F2A3
:10D5E00001732340E705C2F8003400F19382660519
:10D5F00010D5784B0122C3F808259A65D3F800238B
:10D6000012F4001208BFC3F85421724B4FF40012F9
:10D61000C3F80423A00500F17082290240D56D4BA8
:10D62000D3F880E4D3F88414D3F88864D3F88C4416
:10D63000D3F89074D3F89404D3F89824D3F89C3496
:10D640001EF07F0F5FFA80F8C9B2F6B2E4B25FFA5B
:10D6500087FC5FFA82F9D8B25FFA8EFA01D1052908
:10D660001ED000273B463A466AF307036CF30702D5
:10D6700061F30F2368F30F2266F3174369F3174230
:10D6800064F31F6360F31F624FF4C064012105A8B7
:10D69000CDE90632ADF81670ADF81440FEF7CAFFBA
:10D6A0004E4B2B40002B40F01082DFF83C81494E5E
:10D6B000C346C14608F5907700241FE05B44DA7A40
:10D6C000002A00F0A082DA88A9F804200022DA7289
:10D6D000DB8806929BB2079305A8072301210592D8
:10D6E0008DF819208DF818A08DF81530FEF7A2FFDF
:10D6F000BAF1080F4BD0013409F1200904F10C03F1
:10D7000025FA03F3DA075FFA84FAF1D504EB840211
:10D7100006EB8202D9F80030D2F808170BEB44125E
:10D7200013FA81F3C9F80030D38889B211FA83F370
:10D730009BB2082CD3804FEA4413BFD0B9F808003D
:10D740008842BBD1D288B9F8041092B29142B5D9BF
:10D75000BAF1000FCCD10122BFF35B8FD7E84F3F66
:10D76000C7E8412F0029F9D1BFF35B8F13F0FF0FFA
:10D7700040F06F821A490A60BFF36F8FBFF34F8F7B
:10D78000BFF35B8F8BF82031BFF35B8FB3E7154B93
:10D790002B40002B00F005810E4BD3F86C94C3F89E
:10D7A0006C94BFF36F8FBFF34F8F15F4806500F05B
:10D7B000A181D3F88024D3F8803483F08003C3F3AD
:10D7C000C0130393C2F3C0130293DFF808A0002430
:10D7D00014E000BF0070024000710240FCFB1F001B
:10D7E0004C700240000400018C770020002C00F0F7
:10D7F0002181072F56D0013408F1200829FA04F1BD
:10D8000004EB840311F0010F0AEB83030BEB4412CA
:10D81000E7B24FEA840EE9D0D3F80806D8F81060D2
:10D82000C0B20644C8F81060D18A10FA81F189B2FA
:10D83000D182D18AB8F8145089B2A942BE49714444
:10D84000019167F07F0100914FF0000C4FF0010152
:10D8500005A880F0DD80D18AB8F81820C3F80066EA
:10D860006D1AADB2954228BF1546C3F80456B34AA7
:10D87000BFF35B8F01231946D2E84F3FC2E8401F38
:10D880000028F9D1BFF35B8F13F0FF0F40F0258123
:10D89000A94B01224EF80320BFF36F8FBFF34F8FC8
:10D8A000072FA8D119F4803F01D1039B6BB19BF8DE
:10D8B0000B303BB1BBF80630BBF804209BB29A4258
:10D8C00000F2A88101238BF80A3019F4003F0DD033
:10D8D0009BF82B303BB1BBF82630BBF824209BB221
:10D8E0009A4200F29B8101238BF82A3019F4802F91
:10D8F0000DD09BF84B303BB1BBF84630BBF8442011
:10D900009BB29A4200F2C38101238BF84A3019F48A
:10D91000002F0DD09BF86B303BB1BBF86630BBF8E5
:10D9200064209BB29A4200F2C28101238BF86A30D4
:10D9300019F4801F0DD09BF88B303BB1BBF88630BB
:10D94000BBF884209BB29A4200F26C8101238BF8D1
:10D950008A3019F4001F40F0198119F4800F0DD09E
:10D960009BF8CB303BB1BBF8C630BBF8C4209BB2B0
:10D970009A4200F25F8101238BF8CA3019F4000F3C
:10D980000FD09BF8EB30002B00F03981BBF8E6306C
:10D99000BBF8E4209BB29A4240F231810720FFF7A6
:10D9A000F9F909B0BDE8F08F654BD3F81425D0051F
:10D9B0000ED515F4800400F0F780D3F80024D207C8
:10D9C00040F1F280D3F81035DB0500F1C5800DE0A1
:10D9D000D3F81025D10500F1BD809BF821211AB99B
:10D9E0004FF40012C3F8082305F4800405AE544A2E
:10D9F0000023D2F8202573603046069201214FF4AF
:10DA000040720593B360ADF81420FEF713FEE2E513
:10DA1000D38ACDF814C09BB2CDE906C34FF00703FB
:10DA20008DF81530009B8DF818308DF819C0FEF771
:10DA300001FEDEE6029900293FF4DDAEECE63E4B46
:10DA40003F4ADFF80CB13F4800240127C2F81475A3
:10DA5000C2F81075546094625C609C629C60DC62E9
:10DA6000DC601C631C615C635C619C639C61DC63C7
:10DA7000DC611C6454629464C2F85841D2F80034EA
:10DA8000D2F800140B43C2F80034D2F80033C2F8C5
:10DA900008332146C2F8040358464FF4927203F04B
:10DAA000D9FD05AE40234FF4807239463046ABF8BD
:10DAB0001830ABF80830C6E9014405948DF81840D9
:10DAC000ADF81420FEF7B6FD75E50023BFF35B8FBC
:10DAD0008BF82031BFF35B8FE7E51B4B1B485A687F
:10DAE0000199C2F30802B2EB0C0218BF0122FEF743
:10DAF0000BFF7EE6CDE9025567E600234FF4A062F6
:10DB000005A80121CDE905330793ADF81420FEF7F0
:10DB100091FD82E500230121C2F82C1505A8CDE96D
:10DB2000053307934FF48063ADF81430FEF782FDA0
:10DB300066057FF56FAD5CE504700240AC780020AF
:10DB4000007002400514C00100ED00E08DCE02001F
:10DB50008C77002005F480049BF81C31002B3FF4E7
:10DB600045AFBBF8163105AE00229BB205928BF88B
:10DB70001C217260304607220793012188238DF80B
:10DB80001520ADF81830FEF755FD30E79BF8AB30A7
:10DB900033B1BBF8A630BBF8A4209BB29A4245D85B
:10DBA00001238BF8AA30D8E6434BBFF35B8F0122E9
:10DBB000D3E84F1FC3E8402F0028F9D1BFF35B8F94
:10DBC00011F0FF0F51D13D4BD3F8C004C60335D43B
:10DBD0009BF80B1101F0FF0600295CD03849DBF8F7
:10DBE0000061C3F8A067C3F8A4070A60BFF36F8F92
:10DBF000BFF34F8FD3F81035D905ADD4F6E6012326
:10DC00008BF8EA30CDE62F4B1B68DB077FF5C9AEFA
:10DC100000BEC6E60020FFF7BDF856E60120FFF77C
:10DC2000B9F863E60420FFF7B5F892E60520FFF7A0
:10DC3000B1F892E60620FFF7ADF89FE6BFF35B8FE1
:10DC40008BF82011BFF35B8FD3F81035D80583D440
:10DC5000CCE61D4B1D485A681D49C2F30802003A24
:10DC600018BF0122FEF750FE45E5174B19485A68C8
:10DC7000C2F30802003A18BF01220821FEF744FE51
:10DC80000E4BD3F81035DF053FF566AFAEE6022048
:10DC9000FFF780F83BE6BFF35B8F8BF82061BFF3A3
:10DCA0005B8FD3F81035DA053FF556AF9EE60320BB
:10DCB000FFF770F83CE600BFAC780020007002402F
:10DCC00048700240F0ED00E000ED00E08DCE020073
:10DCD0004C70024001CF0200F0B5012885B006D09B
:10DCE000022800F08B80002843D005B0F0BDB34B74
:10DCF000D3F80025002AF8D00022C3F80425BFF38A
:10DD00006F8FBFF34F8FAE498020C1F88400BFF3FF
:10DD10004F8FBFF36F8FD3F80013C3F80813C3F806
:10DD20000025BFF36F8FBFF34F8F43F2040103F160
:10DD30008D53096803F5772303F2DB53994201AC55
:10DD400000F07A819F4B01221A609F4B5968C1F302
:10DD5000080100394FF000034FF4007218BF012191
:10DD60002046C4E901330193ADF80420FEF762FCBC
:10DD7000BBE7924BD3F80025002AB6D14FF48001BF
:10DD80004FF40062C3F80813C3F80024BFF36F8F89
:10DD9000BFF34F8F8D4B1B68082B00F0CC80874B57
:10DDA0000122C3F80025BFF36F8FBFF34F8F43F2FB
:10DDB000040203F18D53126803F5772303F2DB535A
:10DDC0009A4200F0E2804FF08043D3F80C24D3F85D
:10DDD0000C34DF0300F1ED8043F204027C4B126847
:10DDE0009A4200F007817B4B00221A601B68019366
:10DDF0004FF08043012201991A6076E76F4BD3F808
:10DE00000435002B4AD16D4AD2F800341805FBD5F1
:10DE10004FF40063C2F80034BFF36F8FBFF34F8F2E
:10DE20006A4B1B68082B4BD0644B654D8024012244
:10DE3000C3F81C45C3F80423C5F88441FDF786FFE9
:10DE4000002876D1624E43F204054FF080442B68DF
:10DE5000B34211D0D4F80C24D4F80C34D903F6D53D
:10DE6000D307F4D5554B0122C3F80425BFF36F8FB8
:10DE7000BFF34F8F05B0F0BD01A800278DF80470E7
:10DE8000FEF786FF9DF80430002BE3D001A8019730
:10DE9000FEF77CFF019B002BD9D0E3E743F204029D
:10DEA0004B4B12689A4200F0B3804FF08043D3F896
:10DEB0000C24D3F80C34DD03A5D5D407A3D514E77F
:10DEC000454B1B68032BAFD8444B1A68002A40F01F
:10DED000C080434849F275311960026019603B4ABD
:10DEE0003D4B12681B68082A9ED1032B9CD83D4AE3
:10DEF000D35C93B1394B1A68002A40F0B2803A489B
:10DF000049F27531196002601960304A324B12686B
:10DF10001B68082A88D1032B86D83449344B40F239
:10DF2000E370402208601A60BFF36F8FBFF34F8F1A
:10DF30007AE76C6086E7284B1B68032B3FF62FAF10
:10DF4000284AD35CABB1254B1A68002A40F08D807B
:10DF5000254949F2753203201A6008601A601B4A8D
:10DF60001D4B12681B68082A7FF419AF032B3FF67C
:10DF700016AF1A4B1A68002A6FD1194949F2753247
:10DF8000C0201A6008601A6009E701A800248DF813
:10DF90000440FEF7FDFE9DF80430002B3FF413AF64
:10DFA00001A80194FEF7F2FE019B002B7FF49DAEC9
:10DFB00012E7D6073FF599AE0EE700BF00700240AA
:10DFC00000E100E00400004000ED00E0300100103E
:10DFD000DBE5B151000100403401001000EC0640C7
:10DFE00014EC06409C3D030014ED0640007802400E
:10DFF00004780240002301A88DF80430FEF7C8FE23
:10E000009DF80430002B3FF4EEAEFEF7BBFE6CE64D
:10E0100001A800248DF80440FEF7BAFE9DF80430F4
:10E02000002B3FF442AF01A80194FEF7AFFE019B25
:10E03000002B7FF45AAEE6E620468DF80420FEF76A
:10E04000A7FE9DF80430002B3FF47CAEFEF79CFE4B
:10E050007BE6084B00221A6041E7064BC0221A609B
:10E060009DE6054B00221A604FE7034B03221A601E
:10E0700075E700BF14EC064014ED0640F8B50378D0
:10E0800013F001041AD103785A070546C3F3800739
:10E0900001D52046F8BD0E4630464FF0FF3100F066
:10E0A0004DFE2B7813F001040BD12B785B0709D4BC
:10E0B0002B7843F004032B70012403E00024204656
:10E0C000F8BD3C46002330461A46194600F076FA61
:10E0D0002046F8BD70B504460D4608464FF0FF31A6
:10E0E00000F02CFE2378C3F380065B0708D5237865
:10E0F00013F0010205BF237862F382030026237028
:10E10000002328461A46194600F058FA304670BDDA
:10E11000C378828803F003000228C2F30A0205D004
:10E12000032819D0012807D00020704702291CD0ED
:10E13000402A09D801207047022940F2FF3308BF66
:10E140004FF480639342F6D20A4B186810F0010036
:10E15000F1D000BE0020704702290CBF4FF480634D
:10E1600040239342F0D30120E5E7B2F5007FE1D0F0
:10E17000EAE700BFF0ED00E00A44914216D230B465
:10E180004C78052C05D00C7821448A42F8D830BC54
:10E1900070478C7804F07F0500EB4505E4092B55AA
:10E1A0000C7821448A42EBD830BC7047704700BFDE
:10E1B0000F49104A1048114B70B4CD688C68157324
:10E1C0000125106008691571CE6C947350738C6CC6
:10E1D000086D0B4D1E7300219C735873D17311820F
:10E1E0001971D97319821D60916070BC9960704774
:10E1F000A03D0300B078002000F00240C478002069
:10E200000030024008B50121152002F0F7FE01217F
:10E21000152002F077FF0121162002F0EFFEBDE885
:10E2200008400121162002F06DBF00BFF8B5174667
:10E2300082B105460E46002402E00134A74207D011
:10E240002B6816F8011B1B68284698470028F4D154
:10E250002046F8BD1446FBE72DE9F0410C46D9B144
:10E2600007688046084603F00BFE7B68104A93421D
:10E27000064615D1D0B1002504E00135AE4208D0E4
:10E28000D8F800703B6814F8011B404698470028F6
:10E29000F3D12846BDE8F0810D462846BDE8F0815F
:10E2A000024621464046BDE8F04118470546F0E7E2
:10E2B0002DE202002DE9F0470768DFF894A0D7F8B7
:10E2C000049004460E4600293AD0084603F0D8FDD3
:10E2D000D145804622D1002836D0002503E0013503
:10E2E000A845276820D03B6816F8011B20469847B0
:10E2F0000028F4D12768D7F80490D14518D13B689D
:10E300000D212046984730B1236820461B680A211A
:10E310009847B8B102352846BDE8F0870246314635
:10E320002046C84727680546D7F80490D145E6D06F
:10E33000064920460222C84705442846BDE8F08722
:10E340000D46DAE70135E6E70546D6E7FC3D030072
:10E350002DE202002DE9F0418AB000230546012A92
:10E3600098BF0A228DF8243009ACB1FBF2F602FB0B
:10E370001610C3B209280F4603F130008ABF3733A5
:10E38000C3B2DBB2BA4204F8013D3146EDD92F6881
:10E39000204603F075FD7B680F4A9342804612D1F8
:10E3A00068B1002603E00136B04508D02F683B680D
:10E3B00014F8011B284698470028F4D1B04640467F
:10E3C0000AB0BDE8F08102462146284698478046BB
:10E3D00040460AB0BDE8F0812DE2020070B5044667
:10E3E000B2B903681B6898472368124A5D68954272
:10E3F000064616D11B680D212046984730B1236888
:10E4000020461B680A21984790B10236304670BDFD
:10E41000D2B2FFF79FFF2368064A5D689542064621
:10E42000E8D0054920460222A8470644304670BD80
:10E430000136EBE72DE20200FC3D03002DE9F0433D
:10E440001B4B1C4FD3F80463DFF86C80DFF86C9033
:10E4500085B000250123AC00AB4004F18044334279
:10E4600004F5C0440FD0D4F8003163B1EB57013349
:10E4700006D058F825201AB115F809307BB9904715
:10E480000023C4F800310135082DE3D1BFF34F8FCD
:10E4900000BF00BF00BF00BF05B0BDE8F083002192
:10E4A0000091084603AB039102F0D2FCE8E700BFFD
:10E4B0000060004000790020E0780020D87800203B
:10E4C00008B501F051F94FF47A73A0FB0323900AC9
:10E4D00040EA835008BD00BF38B51C469DF8105077
:10E4E00043B3002908BF1A460123C4E90F01226083
:10E4F00084F8463001F050FFD4E90F132268A2607F
:10E5000001FB03F1CB1A134400200A44FF21A0634E
:10E51000E36084F84410626084F8451004F1100050
:10E5200002F00EFE04F1240002F00AFE01F03EFFAC
:10E5300084F84C50204638BDF8B5064617460D46BF
:10E5400069B100FB01F0503002F076FE044690B352
:10E55000002200F1500380F84620036007E05020BD
:10E5600002F06AFE044630B384F846502460C4E9E1
:10E570000F6501F011FFD4E90F132268A26001FBBF
:10E5800003F1CB1A134400200A44FF21A063E36087
:10E5900084F84410626084F8451004F1100002F021
:10E5A000CFFD04F1240002F0CBFD01F0FFFE84F862
:10E5B0004C702046F8BD00242046F8BD2DE9F047F8
:10E5C000044684B01F460192884600F1240601F0FB
:10E5D000E3FEA26BE36BDFF840939A424FF0000A30
:10E5E0007CD3022F00F0E880019D002D00F0128105
:10E5F00002ADBAF1000F00F0DB8001F0D7FE01F0B0
:10E60000ABF801F0C9FE94F84430FF2B04BF00239F
:10E6100084F8443094F84530FF2B04BF002384F87D
:10E62000453001F0C3FE284601A901F099FB0028FE
:10E6300040F0F68001F0B0FEA26BE36B9A4261D02D
:10E6400001F0B4FE01F0A8FE94F845506DB2002D23
:10E6500005DC12E06B1E13F0FF0F5DB20DD0636A94
:10E66000304653B101F01EFB0028F3D001F0ACFBA3
:10E670006B1E13F0FF0F5DB2F1D1FF2384F845301C
:10E6800001F094FE01F088FE94F844506DB2002D24
:10E6900015DD04F1100A04E06B1E13F0FF0F5DB2EC
:10E6A0000DD02369504653B101F0FCFA0028F3D095
:10E6B00001F08AFB6B1E13F0FF0F5DB2F1D1FF2357
:10E6C00084F8443001F072FE01F0F6F801F064FEC7
:10E6D000A26BE36B9A424FF0010A82D2226CA56BC7
:10E6E000002A40F0E7802668002E00F0F98001350E
:10E6F000A563636A002B7CD101F058FE012004B0B1
:10E70000BDE8F08704F1100A01F050FE019950466F
:10E7100001F04CFA01F040FE94F845506DB2002D26
:10E7200005DC12E06B1E13F0FF0F5DB20DD0636AC3
:10E73000304653B101F0B6FA0028F3D001F044FBA3
:10E740006B1E13F0FF0F5DB2F1D1FF2384F845304B
:10E7500001F02CFE01F020FE94F844506DB2002D23
:10E7600005DC12E06B1E13F0FF0F5DB20DD02369C4
:10E77000504653B101F096FA0028F3D001F024FB83
:10E780006B1E13F0FF0F5DB2F1D1FF2384F844300C
:10E7900001F00CFE01F090F8002897D14FF0805363
:10E7A000C9F8043040BFBFF34F8FBFF36F8F8DE7C1
:10E7B000284601F0C9FA20E7226CA56B002A92D006
:10E7C0004146E06802F01EFF226CE36821689B1A54
:10E7D0008B42E360C2F1000204D263681A44E26033
:10E7E000022F84D1002D83D10123A363636A002B00
:10E7F00082D004F1240001F055FA00283FF47CAFE8
:10E80000454B4FF080525A6040BFBFF34F8FBFF36C
:10E810006F8F71E701F0CAFD284604B0BDE8F087AC
:10E8200001F0BAFD94F845506DB2002D15DD04F1EC
:10E83000240604E06B1E13F0FF0F5DB20DD0636A77
:10E84000304653B101F02EFA0028F3D001F0BCFAA3
:10E850006B1E13F0FF0F5DB2F1D1FF2384F845303A
:10E8600001F0A4FD01F098FD94F844506DB2002D24
:10E8700015DD04F1100604E06B1E13F0FF0F5DB20E
:10E880000DD02369304653B101F00CFA0028F3D0C3
:10E8900001F09AFA6B1E13F0FF0F5DB2F1D1FF2366
:10E8A00084F8443001F082FD01F006F8002004B045
:10E8B000BDE8F087414607BBA06802F0A3FEA3684D
:10E8C000216C62680B449342A360FFF410AF0135E2
:10E8D000A563636A2268A260002B3FF40DAF88E74E
:10E8E0006068013501F0E8FAA563636A6660002B91
:10E8F0007FF47FAF002883D1FEE6E06802F082FE5D
:10E90000226CE36821689B1A8B42E360C2F100022B
:10E91000BFF466AF61E700BF00ED00E0F8B50C465C
:10E9200079B3002501232160C1E90F3581F8463014
:10E93000064601F031FDD4E90F322168A56303FBDF
:10E9400002F39A1A0A440B44FF27C4E90131E2603A
:10E9500084F8447004F1100084F8457002F0F0FB74
:10E9600004F1240002F0ECFB01F020FDC4E90055A5
:10E97000E56084F84C602B462A4629462046FFF77E
:10E980001DFE2046F8BD00BF2DE9F043044683B0CC
:10E9900016469946EFF31188402282F31188806B66
:10E9A000E26B90421ED3022B05D0002088F3118821
:10E9B00003B0BDE8F08394F84550226CA76B6DB2AC
:10E9C00032BB2368002B47D001376B1CA76335D0BF
:10E9D00001356DB284F84550012088F3118803B0E9
:10E9E000BDE8F08394F84550226CA76B6DB2002A05
:10E9F000E7D0002B38D1A06802F004FEA368216C98
:10EA000062680B449342A36024BF2368A360DBE7E2
:10EA1000E06802F0F7FD226CE0682168801A884205
:10EA2000E060C2F1000205D261680A44E260B9F117
:10EA3000020FC9D1012F38BF0127C6E7636A002B37
:10EA4000CAD004F1240001F02DF90028C4D0002E12
:10EA5000C2D001203060A9E76068019301F02CFA70
:10EA6000019B63600137B0E7E06802F0CBFD226CE8
:10EA7000E0682168801A8842E060C2F10002D6D2C4
:10EA8000D2E700BF2DE9F043044685B00F4601925E
:10EA900001F082FCA56B002D40F02781019B002B2B
:10EAA00000F0D28002A801F04FF9DFF88C8204F167
:10EAB000240601F07BFC00F04FFE01F06DFC94F8A1
:10EAC0004430FF2B04BF002384F8443094F84530D1
:10EAD000FF2B04BF002384F8453001F067FC01A937
:10EAE00002A801F03DF900285BD101F055FCA36BB1
:10EAF000002B40F0AF8001F059FC0199304601F045
:10EB000055F801F049FC94F845506DB2002D05DC34
:10EB100012E06B1E13F0FF0F5DB20DD0636A30463A
:10EB200053B101F0BFF80028F3D001F04DF96B1E8E
:10EB300013F0FF0F5DB2F1D1FF2384F8453001F0EF
:10EB400035FC01F029FC94F844506DB2002D15DD20
:10EB500004F1100904E06B1E13F0FF0F5DB20DD03D
:10EB60002369484653B101F09DF80028F3D001F025
:10EB70002BF96B1E13F0FF0F5DB2F1D1FF2384F868
:10EB8000443001F013FC00F097FE002853D14FF001
:10EB90008053C8F8043040BFBFF34F8FBFF36F8F6F
:10EBA00049E001F0F9FB94F845506DB2002D05DC09
:10EBB00012E06B1E13F0FF0F5DB20DD0636A30469A
:10EBC00053B101F06FF80028F3D001F0FDF86B1E8F
:10EBD00013F0FF0F5DB2F1D1FF2384F8453001F04F
:10EBE000E5FB01F0D9FB94F844506DB2002D15DD22
:10EBF00004F1100904E06B1E13F0FF0F5DB20DD09D
:10EC00002369484653B101F04DF80028F3D001F0D4
:10EC1000DBF86B1E13F0FF0F5DB2F1D1FF2384F818
:10EC2000443001F0C3FB00F047FE01F0B5FBA36BDD
:10EC300053B101F0BBFB01F0AFFBA56B002D54D12C
:10EC4000019B002B7FF435AF01F0B0FB002005B035
:10EC5000BDE8F08301F0AAFB01F09EFB94F845505B
:10EC60006DB2002D05DC12E06B1E13F0FF0F5DB2DC
:10EC70000DD0636A304653B101F014F80028F3D088
:10EC800001F0A2F86B1E13F0FF0F5DB2F1D1FF236C
:10EC900084F8453001F08AFB01F07EFB94F8445083
:10ECA0006DB2002D15DD04F1100904E06B1E13F0A8
:10ECB000FF0F5DB20DD02369484653B100F0F2FF5B
:10ECC0000028F3D001F080F86B1E13F0FF0F5DB247
:10ECD000F1D1FF2384F8443001F068FB00F0ECFD33
:10ECE00001F05AFBA56B002DAAD0226C52B1E1684D
:10ECF000636811449942E16024BF2168E1603846AD
:10ED000002F080FC013DA56323692BB901F04EFBA5
:10ED1000012005B0BDE8F08304F1100000F0C2FF4F
:10ED20000028F3D0044B4FF080525A6040BFBFF32D
:10ED30004F8FBFF36F8FE9E700ED00E02DE9F0435F
:10ED4000044685B000F12406019101F025FBA36B78
:10ED5000DFF8DC820027B946002B40F0D780019D08
:10ED6000002D00F0418102ADB9F1000F00F0DE800E
:10ED700001F01CFB00F0F0FC01F00EFB94F84430B5
:10ED8000FF2B04BF002384F8443094F84530FF2B58
:10ED900004BF002384F8453001F008FB284601A990
:10EDA00000F0DEFF00285FD101F0F6FAA36B002B24
:10EDB00040F0C88001F0FAFA2368002B00F01B81B4
:10EDC0000199304600F0F2FE01F0E6FA94F8455061
:10EDD0006DB2002D05DC12E06B1E13F0FF0F5DB26B
:10EDE0000DD0636A304653B100F05CFF0028F3D0C9
:10EDF00000F0EAFF6B1E13F0FF0F5DB2F1D1FF23AD
:10EE000084F8453001F0D2FA01F0C6FA94F8445083
:10EE10006DB2002D15DD04F1100904E06B1E13F036
:10EE2000FF0F5DB20DD02369484653B100F03AFFA1
:10EE30000028F3D000F0C8FF6B1E13F0FF0F5DB287
:10EE4000F1D1FF2384F8443001F0B0FA00F034FD32
:10EE5000002853D14FF08053C8F8043040BFBFF3AF
:10EE60004F8FBFF36F8F49E001F096FA94F8455049
:10EE70006DB2002D05DC12E06B1E13F0FF0F5DB2CA
:10EE80000DD0636A304653B100F00CFF0028F3D078
:10EE900000F09AFF6B1E13F0FF0F5DB2F1D1FF235C
:10EEA00084F8453001F082FA01F076FA94F8445083
:10EEB0006DB2002D15DD04F1100904E06B1E13F096
:10EEC000FF0F5DB20DD02369484653B100F0EAFE52
:10EED0000028F3D000F078FF6B1E13F0FF0F5DB237
:10EEE000F1D1FF2384F8443001F060FA00F0E4FC33
:10EEF00001F052FAA36BEBB101F058FA01F04CFAB1
:10EF0000A36B4FF00109002B3FF429AF2268013BAE
:10EF1000A363002A00F088802369002B74D101F0DC
:10EF200045FA0127384605B0BDE8F083284600F0D1
:10EF30000BFF1DE701F03AFA002F4AD1384605B021
:10EF4000BDE8F08301F032FA01F026FA94F845505A
:10EF50006DB2002D05DC12E06B1E13F0FF0F5DB2E9
:10EF60000DD0636A304653B100F09CFE0028F3D008
:10EF700000F02AFF6B1E13F0FF0F5DB2F1D1FF23EB
:10EF800084F8453001F012FA01F006FA94F8445082
:10EF90006DB2002D15DD04F1100904E06B1E13F0B5
:10EFA000FF0F5DB20DD02369484653B100F07AFEE1
:10EFB0000028F3D000F008FF6B1E13F0FF0F5DB2C6
:10EFC000F1D1FF2384F8443001F0F0F900F074FC33
:10EFD00094E701F0E1F9616A19B1236B1968C1F195
:10EFE0000501606800F098FF01F0E0F9002738465D
:10EFF00005B0BDE8F08301F0CFF9606800F016FFBE
:10F00000074601F0D3F9DBE604F1100000F04AFEF8
:10F01000002884D0064B4FF080525A6040BFBFF3A7
:10F020004F8FBFF36F8F7AE700F0B0FF606073E738
:10F0300000ED00E010B5044682B001F0ADF9A06B20
:10F04000019001F0B3F9019802B010BD104B5A685D
:10F05000904208D0DA68904208BF012204D090F8AC
:10F06000463093B170470022002110B403EBC20474
:10F0700043F8321090F84630616013B15DF8044BEC
:10F0800070475DF8044B02F0EBB802F0E9B800BF3E
:10F09000A4850020074B1A681AB19A6802B170471C
:10F0A000012210B403EBC20443F8321060605DF833
:10F0B000044B7047A485002070B504460E461546E3
:10F0C00001F06AF994F84430FF2B04BF002384F860
:10F0D000443094F84530FF2B04BF002384F84530BA
:10F0E00001F064F9A36B002B45D001F055F994F8B9
:10F0F00045506DB2002D15DD04F1240604E06B1EB1
:10F1000013F0FF0F5DB20DD0636A304653B100F0CB
:10F11000C9FD0028F3D000F057FE6B1E13F0FF0F5F
:10F120005DB2F1D1FF2384F8453001F03FF901F0E1
:10F1300033F994F844506DB2002D15DD04F110063A
:10F1400004E06B1E13F0FF0F5DB20DD02369304653
:10F1500053B100F0A7FD0028F3D000F035FE6B1E80
:10F1600013F0FF0F5DB2F1D1FF2384F84430BDE806
:10F17000704001F01BB92A46314604F1240000F02A
:10F1800051FDB2E72DE9F041044601F005F9344A9A
:10F19000344D1368013313602B68002B30D0324E8E
:10F1A000336833B3E36A3148314907680A689F42DC
:10F1B00038BF03602F48013203EB83030A6000EB82
:10F1C0008300E263211D01F0CBFF01F0EFF833680B
:10F1D0006BB12A68E36AD26A9A4208D2264B4FF092
:10F1E00080525A6040BFBFF34F8FBFF36F8FBDE8AF
:10F1F000F0812A68E36AD26A9A4298BF2C60D2E70B
:10F200002C601368012B02D0E36A174ECBE7194834
:10F21000DFF89080194F144E01F092FF184801F06A
:10F220008FFF184801F08CFF174801F089FF17483D
:10F2300001F086FF404601F083FF384601F080FF71
:10F24000134801F07DFF134801F07AFF124801F0E6
:10F2500077FF124B124AC2F800801F60E36AA2E7F0
:10F260007879002008790020D87900208C79002056
:10F27000887900201479002000ED00E0A4790020B6
:10F28000287900203C790020507900206479002002
:10F29000C4790020F0790020DC790020107900206A
:10F2A0000C790020907900202DE9F843DDE909C4AC
:10F2B000002C66D0BCF1000F60D00D469600984639
:10F2C0000223324684F85130A5210746C4F830C0E5
:10F2D000604602F0BFF92A7884F83420236B29783D
:10F2E000321F1A4422F0070601B36B7884F83530D8
:10F2F0006B78DBB1AB7884F83630AB78B3B1EB78B0
:10F3000084F83730EB788BB12B7984F838302B794F
:10F3100063B16B7984F839306B793BB1AB7984F8A0
:10F320003A30AB7913B1EB7984F83B30089D042D6A
:10F3300028BF04254FF00009E5626564201D84F8AC
:10F340003B90C4F8489001F007FFC5F1050504F1B2
:10F35000180001F001FFC4F84C9042463946A561FF
:10F36000246184F850906462304600F0D9FF206038
:10F370002046FFF707FF2046BDE8F8836046BDE85A
:10F38000F8832046BDE8F8832DE9F04796008046D3
:10F3900030460D46994601F04FFF002862D00746DF
:10F3A000542001F049FF044600285FD00023076382
:10F3B000324684F851303846A52102F04BF92B78BB
:10F3C00084F834302B78D4F830A003B36B7884F809
:10F3D00035306B78DBB1AB7884F83630AB78B3B1CD
:10F3E000EB7884F83730EB788BB12B7984F83830B0
:10F3F0002B7963B16B7984F839306B793BB1AB7998
:10F4000084F83A30AB7913B1EB7984F83B30089D3E
:10F41000042D28BF04250027E5626564201D84F8BB
:10F420003B70A764043E01F097FEC5F1050504F1A9
:10F430001800564401F090FEE764A56126F007002D
:10F4400084F85070246164624A46414600F068FFC7
:10F45000099B206003B11C602046FFF793FE01204A
:10F46000BDE8F0874FF0FF30BDE8F087384601F087
:10F47000F7FE4FF0FF30F3E770B50446534E00F04F
:10F480008BFF002C00F08280251D284601F090FEA5
:10F49000A36A1BB104F1180001F08AFE29464C480A
:10F4A0004C4D01F05DFE94F85030012B04BF002359
:10F4B00084F8503000F07AFF2B68002B57D1336866
:10F4C000A34200D070BD2B68002B66D14049424A50
:10F4D0000968126891426AD0404B1B68002B68D1C2
:10F4E0003F4A13603268336812681B6B9A4266D9D0
:10F4F0003C4C3D4B226802EB820080009100185882
:10F5000028BB501E00EB8005AD0081005D59002D29
:10F5100053D1901E00EB8005AD0081005D59002D98
:10F520004BD1D01E00EB8005AD0081005D59002D50
:10F5300043D1101F00EB8005AD0081005D59002D07
:10F540003BD1053A02EB820080009100185811442B
:10F5500003EB8100034641684968416008339942E2
:10F5600004BF49684160CB683360226070BD00F021
:10F5700013FF1E4B1A68126852B11A681C4BD268EE
:10F58000D26852681A6000F011FF98E734687BE790
:10F59000174B4FF0FF321A60F5E7164B4FF08052D1
:10F5A0005A6040BFBFF34F8FBFF36F8F70BD3360A2
:10F5B00070BD0B4B01221A6070BD0246C7E7306870
:10F5C0003168343101F074FB92E700BF0879002004
:10F5D000DC790020D8790020787900208479002017
:10F5E000087A00208C790020147900200C79002002
:10F5F000BC79002000ED00E098B130B51D4D2B68BE
:10F60000834283B004460AD000F0C6FE1A4B6269FA
:10F610009A4207D003B0BDE8304000F0C7BE03B047
:10F6200030BD7047A36A154A9342F3D0002BF1D145
:10F63000211D0846019101F0BBFD114AE36A1068E3
:10F64000019983420F4888BF136003EB830300EBEB
:10F65000830001F085FD2B68E26ADB6A9A42D9D308
:10F66000094B4FF080525A6040BFBFF34F8FBFF33A
:10F670006F8FCFE708790020DC790020C479002063
:10F680008C7900201479002000ED00E070B584B082
:10F69000002503AA02A901A8CDE9015501F00CFB40
:10F6A000019C002C46D00298002843D0039E206382
:10F6B0000223B6003246A52184F8513001F0CAFF7A
:10F6C000206B1F4B6363043E0644C4E91155201DA3
:10F6D00084F8385084F83B50E56201F03DFD04F1B8
:10F6E000180001F039FD26F0070605231549A3612E
:10F6F0002A46E56430462461646284F8505000F084
:10F700000FFE20602046FFF73DFD0F4B1C6000F010
:10F71000ADFD012811D1402383F311880B490C4A18
:10F720000C4B4FF0FF340C6010601D6000F00EFEBB
:10F7300004B070BD044B00221A6004B070BD00BF5D
:10F7400049444C45D9F90200B8790020BC79002021
:10F75000D8790020047A0020024A1368013313602C
:10F76000704700BF84790020014B1868704700BFC4
:10F77000047A0020024A136818441060704700BFE2
:10F78000047A00202DE9F04F404B1B6883B0002B1A
:10F7900046D13F4B1E6801361E60002E4ED0DFF86A
:10F7A00008B1DBF80030B3425FD83A4F3B681D68C0
:10F7B000002D65D0DFF8F480DFF8F4A0DFF8F490D6
:10F7C000002522E0019101F0F3FCA36A019904F104
:10F7D000180013B101F0ECFC0199E36AD8F800209D
:10F7E00003EB830093420AEB800088BFC8F8003027
:10F7F00001F0B6FCD9F800203B68E16AD26A1B68C8
:10F80000914228BF0125002B3AD03B68DB68DC68B9
:10F810006368211D9E420846D4D2CBF8003004E034
:10F820001D4A13680133136000251C4B1B68002B15
:10F830000CBF2846012003B0BDE8F08F154B184AD5
:10F840001868184914681C6010600A6801320A6060
:10F850001A6812685AB9DFF850B04FF0FF33CBF88E
:10F860000030DBF80030B3429FD90025DDE71B688C
:10F87000DFF834B0DB68DB685B68CBF8003090E71A
:10F880004FF0FF33CBF80030CFE700BF8479002082
:10F89000047A00200C79002080790020087A00206A
:10F8A00010790020C0790020BC7900208C790020DC
:10F8B00014790020087900202DE9F04F83B000F082
:10F8C0006BFD3A4B1A68013A1A601B68002B55D140
:10F8D000374B1B68002B51D0364D2B68002B62D064
:10F8E000354EDFF8EC80354FDFF8E8904FF0010A35
:10F8F000EB68DC6804F1040B04F1180001F058FC1B
:10F90000584601F055FCE36A326803EB83009342EA
:10F91000594608EB800088BF336001F021FC3B684A
:10F92000E26ADB6A9A4231D3C9F800A02B68002B47
:10F93000DED1234B1A681268002A2FD01A68214B97
:10F94000D268D26852681A601F4E346844B10125EB
:10F95000FFF718FF08B1C9F80050013CF8D1346036
:10F96000D9F8003053B1194B4FF080525A6040BF64
:10F97000BFF34F8FBFF36F8F012000E00020019095
:10F9800000F014FD019803B0BDE8F08F2B68002B48
:10F99000AED10B4B1A681268002ACFD1094B4FF039
:10F9A000FF321A60D0E7DFF82C90CDE78479002091
:10F9B00078790020C47900208C7900200879002013
:10F9C0000C790020BC7900208079002000ED00E057
:10F9D00014790020087A00202DE9F84F3A4CDFF81E
:10F9E00004913A4D3A4EDFF800813A4FDFF8FCB00F
:10F9F0002368EBB100F0D0FCD9F80C30D3F80CA0A0
:10FA00000AF1040001F0D4FB2B68013B2B60236852
:10FA1000013B236000F0CAFC9AF85130002B34D02F
:10FA2000012BE5D1504601F01BFC2368002BE1D1EE
:10FA30003368012B08D94FF08053CBF8043040BF16
:10FA4000BFF34F8FBFF36F8F00F056FED8F8003032
:10FA50001BBB3B68DB6A002BCAD13368012BC7D8BC
:10FA60001D4B1E4A1B6812689B1A012BC0D91C4AE9
:10FA7000136801331360D8F80030A3B13B68DB6A28
:10FA800003B93368FFF718FFB2E7DAF8300001F086
:10FA9000E7FB504601F0E4FBAAE73B68DB6A002B7A
:10FAA000A6D13368A4E73B68DB6A002BEAD1336850
:10FAB000012BE7D8084B1868084B1B68C01A0128AF
:10FAC000E0D900F0E3FCDDE77C79002078790020C4
:10FAD0001479002008790020BC790020047A0020E5
:10FAE00084790020F07900208C79002000ED00E07E
:10FAF000294B1B681BB1294B01221A607047274A0A
:10FB000070B5274C13602268236812681B6B9A42F9
:10FB10003CD9244D244B2A6802EB820080009100DE
:10FB2000185808BB501E00EB8006B60081009E5995
:10FB300056BB901E00EB8006B60081009E591EBB8E
:10FB4000D01E00EB8006B60081009E59E6B9101F5A
:10FB500000EB8006B60081009E59AEB9053A02EB73
:10FB60008200800091001858114403EB8100034685
:10FB70004168496841600833994204BF496841605F
:10FB8000CB6823602A6070BD0246EDE720682168DB
:10FB9000343101F08DF8BCE784790020087A002028
:10FBA000087900208C7900201479002070B5174D59
:10FBB0002B680C4603F1180101F0E2FA144B1E68A1
:10FBC0002868043001F0F4FA631C17D02B68A419DC
:10FBD0005C6007D30F4B18682968BDE8704004319A
:10FBE00001F0CEBA0C4B18682968043101F0C8FA4C
:10FBF0000A4B1A68944238BF1C6070BD29680848D7
:10FC0000BDE87040043101F0ABBA00BF08790020B4
:10FC1000047A0020107900200C790020BC790020A3
:10FC2000DC79002070B5194D2B6816460C4603F19F
:10FC3000180101F095FA164B5EB11B682868043074
:10FC400001F0B6FA29681348BDE87040043101F0AC
:10FC500087BA1E682868043001F0AAFA2B68A41934
:10FC60005C6007D30C4B18682968BDE8704004310C
:10FC700001F086BA094B18682968043101F080FA4E
:10FC8000074B1A68944238BF1C6070BD0879002089
:10FC9000047A0020DC790020107900200C79002003
:10FCA000BC79002030B5C368DC6804F1180583B066
:10FCB000284601F07DFA1C4B1B683BBB211D084602
:10FCC000019101F075FA194AE36A106801998342BB
:10FCD000174888BF136003EB830300EB830001F038
:10FCE0003FFA144BE26A1B68DB6A9A4282BF124BEE
:10FCF00001201860114B1A68126898BF002052B991
:10FD00000F4B4FF0FF321A6003B030BD0D4829464B
:10FD100001F026FAE5E71A68094BD268D268526802
:10FD20001A6003B030BD00BF847900208C790020B8
:10FD30001479002008790020087A00200C7900202E
:10FD4000BC790020C4790020034A044B12681B6868
:10FD5000C0E90023704700BFC0790020047A00206A
:10FD6000F0B50D4683B0044600F016FB2B68144A2C
:10FD7000591C10681DD0DFF84CC0D4E90061DCF8D4
:10FD80000070BE4208D0814206D80120019000F0E8
:10FD90000DFB019803B0F0BD471ABB420BD91B1AEB
:10FDA0000B44DCF8001012682B600020C4E900123C
:10FDB000ECE70020EAE700232B600120E6E700BF24
:10FDC000047A0020C0790020014B01221A6070479C
:10FDD000087A0020094B186818B9094B1B6813B141
:10FDE000704700207047074A074B10681B68013BAB
:10FDF000984214BF01200220704700BFC479002040
:10FE0000087A0020DC79002078790020054B1B68F7
:10FE100033B1054B1B68002B0CBF0220002070473C
:10FE200001207047D87900208479002070B50446FD
:10FE300082B0C8B11D4DC36A2A68D26A934215D2F6
:10FE40008269002A04DB2A68D26AC2F10502826153
:10FE5000174E626903EB830306EB83039A420ED0CD
:10FE60002B68DB6AE362012002B070BD2B68406C36
:10FE7000DC6AA0422CBF0020012002B070BD211D11
:10FE80000846019101F094F92A680A4BD06A1A6871
:10FE90000199E062904200D9186000EB800006EB07
:10FEA000800001F05DF90120DEE700BF0879002045
:10FEB000147900208C79002068B130B5836CC16A58
:10FEC000426C013B914283B00446836400D023B16D
:10FED000002003B030BD00207047011D084601918D
:10FEE00001F066F90A4A636C1068E36283420948CC
:10FEF00088BF1360C3F1050503EB830300EB8300A8
:10FF00000199A56101F02CF9012003B030BD00BFBB
:10FF10008C7900201479002070B130B5426CC36A2E
:10FF2000914238BF11468B4283B0044602D0826CA6
:10FF3000012A02D003B030BD70478269114DC16201
:10FF4000002A03EB83034269A8BFC1F1050105EB59
:10FF50008303A8BF81619A42ECD1011D084601913B
:10FF600001F026F9084BE06A1A680199904288BFAF
:10FF7000186000EB800005EB800003B0BDE8304066
:10FF800001F0EEB8147900208C790020044B1A6837
:10FF90001AB119688A6C01328A641868704700BF08
:10FFA000087900202DE9F0431D4EDFF87C9085B0E4
:10FFB0004FF000080CE0DB68DC681F68251D284650
:10FFC00001F0F6F8636A20469847E369012B0AD0EE
:10FFD00033681A68002AEED1124A11683160136042
:10FFE00005B0BDE8F083A3693B449F42294610D386
:10FFF000D9F80030002BEBD0CDE900870294FFF751
:020000023000CC
:1000000005FF0023D9F800001A466946FEF7D6FA24
:10001000DEE730686360246101F0B2F8D8E700BF22
:100020000C7A0020107A0020907C00202DE9F04FFF
:10003000894E8A4CDFF82C82894DDFF82CA28BB0D8
:100040003368D3F800B0BBF1000F00F0A980DB6883
:10005000D3F800B0FFF780FBFFF786FB22688242EF
:10006000814600F2AE808345206040F2BF800022CE
:100070002868ABEB0901FFF71FF8FFF71DFC40B93B
:100080004FF08053CAF8043040BFBFF34F8FBFF327
:100090006F8F2868002202A9FEF7F4FC0028CFD059
:1000A000029B002B73DBDDF81090D9F814301BB1E4
:1000B00009F1040001F07CF8FFF756FB2368984231
:1000C0000746C0F08580029B2760092BE1D801A27A
:1000D00052F823F0FD000300FD000300FD000300C3
:1000E00093000300570103007F010300FD0003009C
:1000F000FD00030093000300570103000398D9F8A3
:100100001830C9F81090C2182CBF01210021BA4242
:10011000C9F804205FD8381A834228D8D9F8243087
:1001200048469847D9F81C302868012BB2D10028DE
:10013000B0D0D9F81820039B00211344CDE907392A
:100140000691FFF763FE002328681A4606A9FEF70A
:1001500035FA28689EE7039BC9F81090DA19BA426D
:10016000C9F81830C9F8042039D8002B91D0D8F834
:10017000000009F1040101F003F828688AE799F802
:100180002C30002B85D1484601F06AF881E7039BAB
:10019000DDE904019847029B002BFFF67AAF82E766
:1001A000FFF7DAFAFFF7E0FA22689042814608D3B7
:1001B000D8F80020C4F800901268B2FA82F252090E
:1001C00056E7FFF7EFFEC4F80090FFF775FB60E716
:1001D000FFF7E8FE77E7B84201D900299ED03068E2
:1001E00009F1040100F0CCFF286853E7FFF764FB36
:1001F0003268D268D768391D0846019100F0D8FFEF
:10020000F8690199012803D07B6A3846984740E78E
:10021000BA693F610BEB02004845786003D930684A
:1002200000F0AEFFF0E7A9EB0B039A420FD82B6862
:10023000002BE9D00023CDE9063B0897FFF7E6FD48
:10024000002328681A4606A9FEF7B8F9DCE7D8F8B3
:10025000000000F095FFD7E70C7A00203C7C0020DE
:10026000907C0020107A002000ED00E0F0B51F4CDB
:1002700089B000F091F82568F5B100F097F8206892
:10028000C0B1002407AA06A905A8CDE9054400F0DD
:1002900021FDDDE905310222CDE900210293079A13
:1002A000134914482346FEF7FFFF134B1860001B49
:1002B00018BF012009B0F0BD104F114E384600F0B4
:1002C0003FFF304600F03CFF0E4A0F4900950F4BB0
:1002D00017600E600E4A10212020FEF7FDF8206006
:1002E0000028CAD00B49FEF7D5FEC6E7907C002057
:1002F000083E03002D000300947C0020147C0020A5
:10030000287C00200C7A0020107A0020407C0020FD
:10031000147A0020003E0300402383F31188FEE797
:1003200030B46FF00203084C40F80C4C4FF080756D
:1003300040F8045C40F8081C40F8202C40F8243CAD
:1003400030BC4438704700BF190303000F4C08B598
:10035000E02384F8223000F07BF80D4B0D4A002199
:100360001960D4F8883043F47003C4F888305368B7
:1003700043F040435360236943F01003236100F0CE
:1003800069F9402383F31188FEE700BF00ED00E028
:10039000987C002030EF00E0402383F31188024A6C
:1003A0001368013313607047987C0020034A136878
:1003B000013B13600BB983F311887047987C0020D0
:1003C00041DF704712DF704770B51D4B00221A6085
:1003D00082B01B680193019BEFF31186402383F3E6
:1003E00011881849184BD1F804451A601B6800930E
:1003F000009BFFF7B9F9201A20F07F4323F0010397
:1004000020F07F459BB96C1E6DB10025FFF7BAF94E
:10041000013C631C45EA0005F8D125B10B4B4FF0B8
:1004200080525A6040BF86F3118802B070BDFFF75A
:10043000EDFC0228E7D0FFF7A5F90546EDE700BF80
:1004400040110140001001400011014000ED00E0AA
:100450000B4B0C4930B41F200B4DC3F8080501228B
:100460000224E020C3F804232A601A60C3F844433E
:1004700081F811034FF400330B6030BC704700BFAC
:100480000010014000E100E0081001402DE9F041BA
:10049000054684B0EFF3108272B6634CA36883B94B
:1004A000624B63480121A160D3F8801001402160B4
:1004B000C3F88000D3F8841061604FF0FF31C3F8B7
:1004C000841002B962B65B4ED6F80485FFF782FC51
:1004D00078B3594F594AAF4228BF2F4607EB08035C
:1004E00023F07F4301214FF0000CC6F80813C6F833
:1004F0004035C2F800C0136801934FF4803301986F
:10050000C6F80433BFF34F8F25BBC6F80833156018
:1005100012684B4B0392039A1D601B680293434B76
:10052000029AC6F804134FF40032D6F80415C3F843
:100530008021A3685BB1EFF3108272B63B4B216858
:100540001960616859600023A36002B962B604B003
:10055000BDE8F081F1EE103A23F09F03E1EE103A8E
:10056000F1EE103A314D4FF480634022C5F88421FA
:1005700003A8C5F884318DF80CC0FFF723FF9DF860
:100580000C30002B4DD12B4620BFD3F80011D3F8EF
:1005900004210A43F8D0274B2848294A4FF48031D8
:1005A000C3F80813002101600068039003981160EC
:1005B0001268029201220299C3F80423D3F8043589
:1005C0001A4AA3EB080828F07F48474528BF47464A
:1005D0004FF40033012FC2F8803120D9781EFFF785
:1005E000C9F8184BDB68DA010FD5174A1368DB0727
:1005F0000BD5164B516803FB07F7A7F57427A7F532
:100600001077BF0A01EB87175760FFF7BBF8002888
:100610008FD00F4B4FF080525A6040BF89E7F4D023
:1006200087E7FFF7CDFEB6E7B885002000E100E0E0
:10063000FC06FFBD00100140FDFFFF00401101401E
:1006400000110140F0ED00E0001000E040420F001A
:1006500000ED00E00748006880F3088862B661B6E4
:10066000BFF34F8FBFF36F8F4FF0E00080F311881F
:1006700000DF00BF00700200064B19680868B0E890
:10068000F04F80F30988BFF36F8F4FF0000080F3C5
:100690001188704708790020EFF30980BFF36F8F4E
:1006A000144B1A681EF0100F08BF20ED108A20E9C5
:1006B000F04F10604DF8043D4FF0400080F311887A
:1006C000BFF34F8FBFF36F8FFFF712FA4FF00000A9
:1006D00080F3118808BC19680868B0E8F04F1EF074
:1006E000100F08BFB0EC108A80F30988BFF36F8F3A
:1006F000704700BF08790020704700BF0A490B4AC5
:100700000B4B9B1A03DD043BC858D050FBDC094857
:1007100009494FF0AD32026004300439FBD100F0DA
:10072000A5F9F6F795FD0000C44003000060002025
:100730000863002000F8032000080000FEE7FEE741
:10074000FEE7FEE7FEE7FEE7FEE7FEE7FEE7FEE781
:1007500008B50020F7F746FEF6F7B4FD114BBBB124
:10076000114B63B1F6F7EEFD00F092FAAFF30080A3
:10077000F6F7E8FD00F08CFAAFF30080F2E7F6F749
:10078000E1FD00F085FAF6F7DDFD00F081FAF6E70D
:10079000F6F7D8FD00F07CFAF6F7D4FD00F078FA11
:1007A000F6E700BF000000000000000000B583B0C5
:1007B00000F0E0FBFDF726FD0E4B019301230E49EF
:1007C00000934FF4806200230C48FEF7DDFD4FF4E8
:1007D000407000F083FBFEF759FFBFF34F8F0849CD
:1007E000084BCA6802F4E0621343CB60BFF34F8F3B
:1007F00000BFFDE79C7C0020103E03005107030072
:1008000000ED00E00400FA05114B1A78EAB901780E
:10081000104810B40A464FF0804402F00102C1F3C0
:100820004001C4F88015C4F878250268D20706D4C0
:10083000E021012280F80013C0F88021026001222B
:1008400005485DF8044B1A7070470448704700BFB4
:10085000B485002000E100E00000AD0B0C00AD0B02
:10086000044B02684FF080414FF46070C1F80803F8
:100870001A607047A87C00204FF080434FF46072EC
:10088000C3F80423704700BF10B54FF0804386B013
:10089000D3F80443620705D5D3F8082103F5847320
:1008A000002A4ED1A30603D52A4B1A68002A3FD14D
:1008B000600603D5284B1A68002A2FD1210602D5DD
:1008C000264B1A680ABBE20502D5254B1A6892B975
:1008D000A3050ED5234B1A685AB100221A601A6874
:1008E000214B0592059A1B68022006B0BDE8104016
:1008F000184706B010BD00221A601B4A1B680493FB
:1009000001201368049A9847E2E700201860164A0D
:100910001B6803931368039A9847D4E700221A6070
:10092000124A1B68029301201368029A9847C5E790
:10093000002018600D4A1B6801931368019A9847BC
:10094000B6E700221A600A4A1B6800931368009AEF
:100950009847A7E714010040180100401C0100401F
:100960002001004024010040A87C0020A47C00203D
:10097000A07C0020194BD3F8182102B97047002140
:10098000174AC3F81811D3F81811D37F82B0FF2B80
:10099000019101990DD0917F99B11F2B8ABF114808
:1009A0004FF0A04003F01F03012101FA03F3C0F848
:1009B0000C35002353771372D2E900310A4802B094
:1009C00018471F2B8ABF07484FF0A04003F01F03B2
:1009D000012101FA03F3C0F80835EAE700300240CC
:1009E000AC7C002000030050B47C00201B4BD3F8EB
:1009F000182102B970470021194AC3F81811D3F819
:100A0000181192F8433082B0FF2B019101990ED05A
:100A100092F84210A9B11F2B8ABF12484FF0A04094
:100A200003F01F03012101FA03F3C0F80C35002382
:100A300082F8413082F82C30D2E909310A4802B0FC
:100A400018471F2B8ABF07484FF0A04003F01F0331
:100A5000012101FA03F3C0F80835E8E700F002408D
:100A6000AC7C002000030050D87C0020764B1B6833
:100A700010B45C1C00F0B880744A082B126822D0B5
:100A8000714B1B68082B72D0591C15D06F4A126825
:100A9000082B00F0CB806E4AD2F8883043F4700304
:100AA000C2F88830BFF34F8FBFF36F8F694B6A4A2C
:100AB0005DF8044B1A607047684A694B12681B78EE
:100AC000C2F30312E4E7032A40F2A1805F4A1268EE
:100AD000082BD5D1032AD3D84FF08052614BD2F8DE
:100AE0000414C3F82015D2F80814C3F82415D2F85A
:100AF0000C14C3F82815D2F81014C3F82C15D2F82A
:100B00001414C3F83015D2F81814C3F83415D2F8F9
:100B10001C14C3F84015D2F82014C3F84415D2F8B9
:100B20002414C3F84815D2F82814C3F84C15D2F889
:100B30002C14C3F85015D2F83014C3F85415D2F859
:100B40003414C3F86015D2F83814C3F86415D2F819
:100B50003C14C3F86815D2F84014C3F86C15D2F8E9
:100B60004424C3F87025384B1B68082B8CD1374BB5
:100B70001A68032A8FD83C4B9B5C13B13B4B3C4912
:100B800019603C4B9B5C6BB12F4B3B491B682F4A58
:100B9000FB20C1F81805082B12687FF475AF032AF3
:100BA0003FF679AF354B9B5CA3B1354B354C19689B
:100BB0002068264AA3F5947320F00F001B68126882
:100BC00001F00F010143082B21607FF45DAF032A80
:100BD0003FF661AF2C4B9B5C5BB31B4B2B4A1B68F6
:100BE0004FF4007111604FE71D4A1C4B12781B68CF
:100BF000082A4FEA13137FF443AF13F00C0F06D00B
:100C0000164A174B12681B78C2F3031260E70E4BAB
:100C10001B684FF080420021581CC2F80C11C2F82A
:100C20001011C2F838157FF451AFE9E7032A3FF6F7
:100C300032AF4FF08043D3F80024D20744BF6FF0A7
:100C40000102C3F8002426E730010010340100102F
:100C500000ED00E01C6100200090D003E80F00F0E0
:100C6000E00F00F000C00040183E03008C5600402A
:100C700048810300183E030000F00040183E0300C6
:100C800058020010E40E0040183E03004096024057
:100C900008B5F7F7ADFB054B4FF080525A6040BFE7
:100CA000BFF34F8FBFF36F8F08BD00BF00ED00E0B3
:100CB000704700BF704700BF044B036010B464234B
:100CC000034C0C605DF8044B13607047F47C00200B
:100CD000487D0020054B036010B44FF48073044C32
:100CE0000C605DF8044B1360704700BFD87E002095
:100CF0002C7F002070B51F4D84B028684FF0FF3264
:100D000003A9FDF7BFFE0028F7D0039C237A66688D
:100D1000052B0CD8DFE803F02629211B1403D4E9A6
:100D20000523D4E90301E4690094B047039C2068DB
:100D300010B100F06BFA039C204600F067FADCE784
:100D4000D4E90523D4E90301B047039CEFE7D4E9D4
:100D50000412E068B047039CE9E7D4E90301B04717
:100D6000039CE4E7B047039CE1E7E068B047039CDD
:100D7000DDE700BF308300202DE9F043304B314DDB
:100D80005B6885B0C3F30803019001AF53B1002342
:100D9000286839461A46FDF7F7FD012809D105B044
:100DA000BDE8F083286839466422FDF707FC012876
:100DB000F5D0DFF89480D8F800000022400004212C
:100DC000FDF7BAFB06460028E9D0DFF88090D9F895
:100DD0000000FEF751FBFFF7DFFA01E0FDF7EEFB45
:100DE000002203A92868FDF74DFE04460023642273
:100DF00003A93046002CF1D12868FEF727F92E60B0
:100E0000FFF7D4FAD9F80000FEF7F6FBD8F8003067
:100E10000B4A28685B00C8F800305368C3F3080326
:100E2000394633B123462246FDF7AEFD05B0BDE895
:100E3000F0836422FDF7C2FB05B0BDE8F08300BF7C
:100E400000ED00E0308300202C830020348300205C
:100E50002DE9F8439DF8206005460F4690469946D7
:100E60009EB1B0000C3000F0B7F9044658B1002331
:100E7000C0F804800672036005B147B90EBB204676
:100E8000FFF77AFF0120BDE8F8831020EBE7384632
:100E900000F0A2F980462060D0B13A46294600F021
:100EA000B1FB002EEBD0711EC9B209EB8101A9F193
:100EB000040252F8043FAB4208BFC2F800809142DE
:100EC000F7D1B200494604F10C0000F09BFBD6E7D5
:100ED000204600F09BF94046D5E700BF70B540239F
:100EE0000B4D82B004460022184604212B60FDF70A
:100EF00023FB084D084B0193064602230093074944
:100F00002E60A2B200230648FEF73EFA02B070BD82
:100F10002C83002030830020348300201C3E0300FB
:100F2000F50C030011DF704708B50446FFF7FAFF20
:100F30000D4B4FF080414FF0FF32C3F88020C3F8D3
:100F40008021C3F88420C3F88421C1F81C45BFF375
:100F50004F8F0649064BCA6802F4E0621343CB6028
:100F6000BFF34F8F00BFFDE700E100E000ED00E0C0
:100F70000400FA054FF08043194AD3F800141948C9
:100F800030B41160D3F80054D3F80024164C17493C
:100F90002A43C3F80024D4F84025026001224FF40C
:100FA0000030C3F818259A60C1F88000BFF34F8F56
:100FB000BFF36F8F0E4C03F588334FF0A0454FF40D
:100FC00080304FF0FF31C3F84803C3F808035A607C
:100FD0009A60C5F80815C4F8081530BC704700BF02
:100FE000388300203C83002000A0004000E100E0A6
:100FF0000003005008B54E20FFF796FF16281BD8B7
:101000003C4B53F820301F2B86BF3B4A03F01F0395
:101010004FF0A0420E290FD8DFE801F0655F595369
:101020004D474039322B241D160F080003F5E0739D
:1010300040F2037142F82310704703F5E07340F269
:10104000036142F82310704703F5E07340F2035147
:1010500042F82310704703F5E07340F2034142F871
:101060002310704703F5E07340F2033142F8231078
:10107000704703F5E07340F2032142F823107047F4
:1010800003F5E07340F2031142F82310704703F5B3
:10109000E0734FF4403142F82310704703F5E073DA
:1010A0004FF4003142F82310704703F5E073134901
:1010B00042F82310704703F5E073114942F82310FA
:1010C000704703F5E073042142F82310704703F5DD
:1010D000E0730C2142F82310704703F5E0730321FD
:1010E00042F82310704703F5E073002142F8231003
:1010F000704700BFA03D0300000300500400020041
:101100000C00030016280FD80B4B53F820301F2B70
:1011100086BF0A4A03F01F034FF0A04229B1012104
:1011200001FA03F3C2F808357047012101FA03F30D
:10113000C2F80C35704700BFA03D0300000300500B
:1011400000F108034FF0FF310022C0E90333816052
:1011500002604360704700BF00230361704700BF17
:101160004368026810B49C688C609C684B600132D4
:10117000616099605DF8044B08610260704700BFD0
:1011800030B40D686B1C10D000F108031C465B687E
:101190001A68AA42FAD902684B60013299608C60E1
:1011A0006160086130BC0260704704696368F2E7FF
:1011B000036910B4D0E901125C688A60844251600E
:1011C00008BF5A601A685DF8044B0021013A0161BA
:1011D0001A601868704700BF10B50446FEF716FE87
:1011E000022804D02046BDE8104000F0FBB9FEF70D
:1011F000B3FA204600F0F6F90446FEF75DFB0CB1A9
:10120000204610BDFFF756FDFAE700BF10B50446B3
:10121000FEF7FCFD02280AD144B1FEF79DFA2046F4
:1012200000F0E8F9BDE81040FEF746BB10BD2046CF
:10123000BDE8104000F0DEB910B582B00190FEF7B5
:101240008BFA019800F0CEF90446FEF735FB14B195
:10125000204602B010BDFFF72DFD204602B010BDA4
:1012600050B110B50446FEF777FA204600F0C2F9F7
:10127000BDE81040FEF720BB704700BF53B94AB924
:10128000002908BF00281CBF4FF0FF314FF0FF308E
:1012900000F06EB9ADF1080C6DE904CE00F006F86F
:1012A000DDF804E0DDE9022304B070472DE9F047E2
:1012B000089D04468C46002B40F083808A421746E6
:1012C00047D9B2FA82F242B1C2F1200024FA00F00A
:1012D0009140974040EA010C94404FEA1748230C94
:1012E000BCFBF8F61FFA87FE08FB16C143EA014370
:1012F00006FB0EF1994209D9FB1806F1FF3080F088
:101300001981994240F21681023E3B445B1AA4B215
:10131000B3FBF8F008FB103344EA034400FB0EFE75
:10132000A64509D93C1900F1FF3380F00581A64597
:1013300040F2028102383C4440EA0640A4EB0E042D
:1013400000261DB1D4400023C5E900433146BDE865
:10135000F08702B9FFDEB2FA82F2002A50D1CB1B2D
:101360004FEA174E1FFA87F80126B3FBFEFC210C4B
:101370000EFB1C3341EA034108FB0CF38B4207D9F7
:1013800079180CF1FF3002D28B4200F2E9808446DA
:10139000C91AA3B2B1FBFEF00EFB101143EA0144DF
:1013A00008FB00F8A04507D93C1900F1FF3302D231
:1013B000A04500F2D9801846A4EB080440EA0C408E
:1013C000BFE78B4209D9002D00F0B1800026C5E9A6
:1013D000000130463146BDE8F087B3FA83F6002EAF
:1013E0004AD18B4202D3824200F2B880841A61EB68
:1013F000030101208C46002DA8D0C5E9004CA5E7CB
:10140000C2F1200320FA03F6974001FA02F04FEAF6
:10141000174ED9403043030CB1FBFEF61FFA87F894
:101420000EFB161143EA014306FB08F1994204FA48
:1014300002F409D9FB1806F1FF3C80F08D80994237
:1014400040F28A80023E3B445B1A81B2B3FBFEF05D
:101450000EFB103341EA034100FB08F38B4207D92E
:10146000791800F1FF3C73D28B4271D902383944AC
:10147000CB1A40EA064678E7C6F1200C03FA06F4D8
:1014800022FA0CF31C4320FA0CF701FA06F34FEA98
:10149000144E21FA0CF11F433B0CB1FBFEF91FFA6D
:1014A00084F80EFB191143EA014109FB08FA8A4549
:1014B00002FA06F200FA06F308D9611809F1FF30C2
:1014C00048D28A4546D9A9F102092144A1EB0A0173
:1014D000BFB2B1FBFEF00EFB101147EA014700FB63
:1014E00008F8B84507D9E71900F1FF312ED2B84501
:1014F0002CD90238274440EA0940A7EB0807A0FB93
:1015000002894F45C64649461AD317D05DB1B3EBA1
:101510000E0267EB010707FA0CFCF2404CEA0202EC
:10152000F740C5E9002700263146BDE8F0872E4682
:1015300028460BE70646E9E61846FDE64345E5D2B0
:10154000B8EB020E69EB04010138DFE70846D2E789
:1015500060468DE78146B9E7664675E730464AE75B
:10156000ACF1020C394413E702383C4424E700BFD5
:10157000704700BF08B5074B044613B10021AFF315
:101580000080054B1868836A03B19847204602F033
:10159000C9FA00BF00000000283E030070B50D4DE1
:1015A0000D4C641BA4100026A64209D10B4D0C4C17
:1015B00002F0BAFA641BA4100026A64205D170BD41
:1015C00055F8043B98470136EEE755F8043B984739
:1015D0000136F2E7F0620020F0620020F0620020A5
:1015E00004630020024B0146186800F09BB800BF5E
:1015F00020610020024B0146186800F043B800BF8C
:10160000206100200A44914200F1FF3300D170476D
:1016100010B511F8014B03F8014F9142F9D110BDFB
:10162000884210B501EB020402D98442234607D850
:10163000431EA14208D011F8012B03F8012FF8E74F
:10164000024401468A4200D110BD13F8014D02F850
:10165000014DF7E702440346934200D1704703F877
:10166000011BF9E713B54A431146019200F05AF8FD
:10167000044618B1019A0021FFF7ECFF204602B0A2
:1016800010BD000037B5002948D051F8043C019046
:10169000002BA1F10404B8BFE41801F069FA204A54
:1016A00001981368154633B96360146003B0BDE850
:1016B000304001F063BAA3420BD92168621893420B
:1016C00004BF1A685B68636004BF521822602C6014
:1016D000ECE71A465B680BB1A342FAD911685518BA
:1016E000A5420BD1246821445418A3421160DDD1D6
:1016F0001C685B68536021441160D7E702D90C2352
:101700000360D3E7256861198B4204BF19685B68E1
:10171000636004BF491921605460C7E703B030BD5E
:1017200040830020F8B5CD1C25F0030508350C2DAD
:1017300038BF0C25002D064601DBA94203D90C2336
:1017400033600020F8BD01F013FA21490A681446FD
:101750009CB9204F3B6823B92146304600F080FBFE
:1017600038602946304600F07BFB431C23D10C2314
:101770003360304601F002FAE3E723685B1B17D4BD
:101780000B2B03D923601C44256004E06368A2424C
:101790000CBF0B605360304601F0F0F904F10B0010
:1017A000231D20F00700C21ACCD01B1AA350C9E792
:1017B00022466468CCE7C41C24F00304A042E3D0B2
:1017C000211A304600F04CFB0130DDD1CFE700BFDD
:1017D00040830020448300202DE9FF4755EC104B47
:1017E000002D0E4619462B46BBBF05F100431D4692
:1017F00000232D230B700D9BDDF830A0914623F0C4
:101800002008BCBF22461446B8F1460F05D0B8F1F7
:10181000450F00D10136022100E0032103AB019303
:1018200002AB009345EC104B5346324600F0BCFB34
:10183000B8F1470F074602D119F0010F22D0B8F1D5
:10184000460F07EB060910D13B78302B0AD1002256
:1018500000232046294602F0E7F818B9C6F1010630
:10186000CAF80060DAF800309944002200232046CC
:10187000294602F0D9F808B1CDF80C903022039B2C
:101880004B4507D3039B0E9ADB1B3846136004B00D
:10189000BDE8F087591C03911A70F0E7F7B50346CD
:1018A0000029B8BF494203F8022BB4BF2D222B22D6
:1018B000092942702ADD0DF10704A4460A27A6462D
:1018C0000A4691FBF7F607FB16153035632A04F13B
:1018D000FF340EF8015C3146F1DC3031AEF1020527
:1018E00004F8011C441C294661450AD30DF1090284
:1018F000A2EB0E02654588BF00221344181A03B0FC
:10190000F0BD11F8012B04F8012FEDE73023303141
:101910008370C170031DF1E72DE9F04F2DED028BAF
:101920008DB00C46DDF8608016461F46054601F076
:1019300019F9D0F800A0504600F0A2FA00230A934B
:1019400023680593D8F8003094F818B0073323F0D3
:10195000070303F10802C8F80020D3E90023C4E913
:101960001223D4E9128929F000430793CDF8188097
:1019700008EE100A9F4BDDE906014FF0FF3202F03E
:1019800085F888BBDDE906019A4B4FF0FF3202F083
:101990005FF848BB002200234046494602F04EF85B
:1019A00010B12D2384F84330934B9448BBF1470F7B
:1019B00094BF9846804603232361059B23F00402CD
:1019C00022604FF00009009733460BAA21462846B3
:1019D00000F0D8F9013040F090804FF0FF300DB0AA
:1019E000BDEC028BBDE8F08F42464B46404649466F
:1019F00002F04CF840B14B46002BBCBF2D2384F8BD
:101A000043307F487F4BD1E763680BF0DF020692DB
:101A10005A1C3FD106236360059B616843F48062D2
:101A2000002303930AABCDE901B309AB49EC108B5A
:101A3000009322600DF123032846FFF7CDFE069B9D
:101A40000999472B804608D1C81C02DB636899427C
:101A500041DDABF1020B5FFA8BFBBBF1650F20D8C8
:101A600001395A4604F150000991FFF717FF0A9A0D
:101A70001318012A8146236102DC2268D20701D5AE
:101A8000013323619DF82330002B9CD02D2384F853
:101A9000433098E7069A472ABED1002BBCD10123D8
:101AA000B9E7BBF1660F18D1002963680BDD21612E
:101AB00013B92268D00702D501330B442361A16515
:101AC0004FF00009DEE713B92268D20701D50233CF
:101AD000F4E70123F2E74FF0670B0A9B994205DB1D
:101AE00023682161D807EAD54B1CE7E70029D4BF5A
:101AF000C1F1020201221344E0E723685A0507D42A
:101B00002369424631462846B84701302CD164E764
:101B1000BBF1650F40F2E080D4E9120100220023FE
:101B200001F082FF002834D0374A0123314628468D
:101B3000B84701303FF451AFDDE909239A4202DB97
:101B40002368D80710D518EE103A52463146284679
:101B5000B84701303FF441AF4FF0000804F11A09D3
:101B60000A9B013B434509DC23689B0700F1058183
:101B7000E0680B9B9842B8BF184630E701234A46FD
:101B800031462846B84701303FF427AF08F1010835
:101B9000E6E7099B002B39DC1B4A01233146284626
:101BA000B84701303FF419AFDDE90923134302D1EF
:101BB0002368D907D8D518EE103A52463146284640
:101BC000B84701303FF409AF4FF0000904F11A0A99
:101BD000099B5B424B4501DC0A9B92E7012352467D
:101BE00031462846B84701303FF4F7AE09F1010904
:101BF000EEE700BFFFFFEF7F2C3E0300303E030007
:101C0000383E0300343E03003C3E03000A9AA36DB5
:101C10009A42A8BF1A46002A914637DC4FF0000BC3
:101C200029EAE97904F11A02A36D0593A3EB0903EC
:101C30005B4533DCDDE909239A423BDB2368DA07A5
:101C400038D40A9A059B0999D31AA2EB0109994540
:101C5000A8BF9946B9F1000F35DC4FF0000829EA1A
:101C6000E97904F11A0ADDE909239B1AA3EB0903B8
:101C700043457FF779AF0123524631462846B8479E
:101C800001303FF4AAAE08F10108ECE713463146F3
:101C900042462846B8470130C0D19EE6012331466E
:101CA00028460592B84701303FF497AE059A0BF1EC
:101CB000010BB9E718EE103A524631462846B847AC
:101CC0000130BED189E6059A4B464244314628464A
:101CD000B8470130C1D180E60A9A012A01DCDB074E
:101CE00038D50123424631462846B84701303FF4F3
:101CF00074AE18EE103A524631462846B8470130C5
:101D00003FF46BAED4E912010022002301F08CFEF7
:101D1000D8B90A9B08F10102013B31462846B84771
:101D200001300ED159E60123524631462846B847C4
:101D300001303FF452AE08F101080A9B013B4345D4
:101D4000F1DC4B4604F15002DCE64FF0000804F1F0
:101D50001A0AF2E701234246DFE701234A463146E9
:101D60002846B84701303FF438AE08F10108E3686F
:101D70000B995B1A4345F0DCFAE64FF0000804F1DA
:101D80001909F4E72DE9F047164699468A680B6968
:101D9000DDF820809342B8BF1346336091F84320AA
:101DA00007460C460AB1013333602368990642BFE7
:101DB000336802333360256815F0060506D104F157
:101DC000190AE36832689B1AAB4226DC94F8432078
:101DD000131E226818BF012392062BD404F143027C
:101DE00049463846C04701301ED02368E56832684E
:101DF00003F00603042B08BFAD1AA36822690CBFC9
:101E000025EAE57500259342C4BF9B1AED1800260C
:101E10001A34B5421AD1002008E00123524649463F
:101E20003846C047013003D14FF0FF30BDE8F0879E
:101E30000135C6E7E1185A1C302081F843002244DE
:101E400094F8451082F843100233C7E70123224675
:101E500049463846C0470130E6D00136D9E7000090
:101E600038B5064D0023044608462B6001F04CFEB1
:101E7000431C02D12B6803B1236038BDD0850020FC
:101E8000034613F8012B002AFBD1181A01387047BA
:101E90002DE9F74F03690C69A3420746C0F2818020
:101EA000013C01F1140800F1140505EB84030193D2
:101EB00058F8243055F8242001339A424FEA840B15
:101EC00008EB8409B2FBF3F631D34FF0000E404625
:101ED000AC46F24650F8042B93B206FB03E34FEAFC
:101EE000134E9BB2AAEB0303120CDCF800A006FB16
:101EF00002E213FA8AF34FEA124E1FFA82FADCF872
:101F00000020CAEB124202EB23429BB243EA024397
:101F100081454CF8043B4FEA224ADBD255F80B309E
:101F20002BB9019B043B9D421A462ED33C61384697
:101F300001F055F8002824DB013628464FF0000C4C
:101F400058F8042BD0F800E093B2ACEB0303120C6A
:101F500013FA8EF3C2EB1E4202EB23429BB243EA1A
:101F60000243C14540F8043B4FEA224CE8D255F801
:101F7000242005EB840322B9043B9D421A460AD370
:101F80003C61304603B0BDE8F08F1268043B002A84
:101F9000CCD1013CC7E71268043B002AF0D1013CD8
:101FA000EBE70020EEE700002DE9F04F2DED028B6E
:101FB00057EC106B95B0456ADDF880800591CDE94E
:101FC0000267044609920F933DB91020FFF704F908
:101FD000C0E9015560620560C560636A196851B166
:101FE0005A684A60012393408B60204600F000FE4F
:101FF000636A00221A603B1EB9BF23F000430393BB
:102000000023C8F80030DDF80C90B74BBCBF0122AC
:10201000C8F8002033EA09031BD10F9A42F20F736C
:102020001360C9F31303334300F07585219B63B933
:10203000AE4B25E0AE4B00930833219A1360009815
:1020400015B0BDEC028BBDE8F08FA84B00930333B5
:10205000F3E79DED027B002251EC170B00238DED81
:102060000A7B01F0E1FC804660B10F9A0123136006
:10207000219B002B00F04C859E4B219A1360013B65
:102080000093DCE79DED0A0B12AA13A9204601F08C
:1020900038F8C9F30A558246002D7ED00B9BCDF847
:1020A0004080C3F31303DDE90A6743F07F5747F429
:1020B0004017A5F2FF35904B00223046394601F01B
:1020C00093F883A3D3E9002301F046FA82A3D3E96E
:1020D000002301F08BF8064628460F4601F0D2F99E
:1020E0007FA3D3E9002301F037FA02460B463046BE
:1020F000394601F07BF806460F4601F0DDFC002270
:10210000814600233046394601F098FC48B14846E4
:1021100001F0B8F932463B4601F086FC08B909F1F6
:10212000FF39B9F1160F56D8744B03EBC903D3E945
:102130000023DDE90A0101F081FC00284DD009F1FE
:10214000FF3900230E93129B5D1B6B1E049343BF4C
:102150000023C5F1010804934FF00008B9F1000F06
:102160003DDB049BCDF834904B440493002306934D
:10217000059B092B00F29A80052BC4BF043B0593F5
:10218000059BA3F10203CCBF00250125032B00F220
:102190009980DFE803F02C7D7B89DDE912531D4433
:1021A00005F23243202BC1BFC3F1400305F21240B8
:1021B00009FA03F326FA00F0DABFC3F1200306FAA6
:1021C00003F0184301F04EF901230646A1F1F87718
:1021D000013D10936FE70123B4E70E90B3E7C9F117
:1021E000000306930023A8EB09080D93C0E7002322
:1021F0000893099B002B00F385804FF0010BCDF86D
:1022000004B05B46CDF824B0666A002272600422F6
:1022100002F11400984271687AD9204600F0B4FCAB
:10222000636A30601B680093019B0E2B00F2F580FF
:10223000002D00F0F280B9F1000F7DDD2F4A09F08A
:102240000F0302EBC30393ED007B19F4807F4FEA89
:102250002917B0EE478AF0EE678A5DD0284BDDE99A
:102260000A01D3E9082301F0A1FACDE9020107F040
:102270000F070325224E002F50D1DDE9020153EC58
:10228000182B01F093FACDE902016FE00123AFE7CB
:1022900000230893099B09EB030B0BF10103012BAE
:1022A0000193B8BF0123AFE70123F2E70125002323
:1022B000059308954FF0FF3B0022CDF804B01223A0
:1022C0000992A1E701230893F4E700BFAFF3008070
:1022D00061436F63A787D23FB3C8608B288AC63F2C
:1022E000FB799F501344D33F0000F07F473E03002B
:1022F0003E3E03003D3E03000000F83FD83E030091
:10230000B03E0300DDF824B0CDF804B05B467BE7B7
:102310000131716052007BE70225ABE7F90708D570
:1023200051EC180BD6E9002301F016F941EC180B1B
:1023300001357F1008369EE700F0AB80C9F100063A
:10234000AA4BAB4F06F00F0203EBC203D3E9002305
:10235000DDE90A0101F000F9CDE90201361100239F
:102360000225002E40F08A80002B8CD10E9B002B82
:1023700000F09180DDE902679E4B0022304639462D
:1023800001F05CFB002800F08680019B002B00F030
:102390008280BBF1000F3CDD09F1FF33079300227F
:1023A000954B3046394601F0D7F8CDE902010135A9
:1023B000CDF830B0DDE90267284601F063F8324617
:1023C0003B4601F0C9F88D4B002200F00FFFA1F150
:1023D0005073CDE9020103930C9B002B60D1884B15
:1023E00000223046394600F0FFFEDDE902230646B2
:1023F0000F4601F041FB002840F09982DDE90221FF
:10240000304601F10043394601F018FB002840F046
:102410008B82DDE90A23CDE90223139B002BC0F256
:102420005B81B9F10E0F00F35781704B03EBC903C9
:1024300093ED007B099BB0EE478AF0EE678A002B94
:1024400080F2E280019B002B00F3DE8040F06C8282
:102450006B4B51EC170B002201F07EF8DDE90223F3
:1024600001F000FB019E3746002840F04282009DAB
:10247000312305F8013B09F101093EE2F20705D5D8
:10248000D7E9002301F068F80135012376100837F9
:1024900067E702256AE7019BCDF81C900C9389E75A
:1024A00000990C980C9A514B9DED027B01440291CE
:1024B0000899B0EE478AF0EE678A03EBC20353E94E
:1024C0000223002945D04F49002001F06FF953EC59
:1024D000182B00F089FE009D41EC180B3946304660
:1024E00001F0EAFA0C9000F0CDFF02460B463046B0
:1024F000394600F079FE0C9B303305F8013B53EC74
:10250000182B06460F4601F099FA002865D132468D
:102510003B463849002000F067FE53EC182B01F0D1
:102520008DFA002840F0B880029B9D423FF471AFC5
:10253000314B51EC180B002201F00EF82E4B41EC00
:10254000180B00223046394601F006F806460F46C1
:10255000C4E751EC170B00F0FFFF029B009D0C93AA
:1025600041EC180B3946304601F0A6FA119000F004
:1025700089FF02460B463046394600F035FE119B76
:10258000303305F8013B029B9D4206460F464FF053
:10259000000225D11B4B51EC180B00F027FE024620
:1025A0000B463046394601F067FA002874D153ECE7
:1025B000182B1449002000F017FE02460B46304647
:1025C000394601F03BFA00283FF423AF0C9D6B1E07
:1025D0000C9315F8013C302BF8D0DDF81C9049E045
:1025E000054B00F0B9FF06460F46BBE7D83E030097
:1025F000B03E03000000F03F0000244000001C40FB
:10260000000014400000E03FDDE90267009D53EC4C
:10261000182B3046394601F0C9F801F04DFA8046D2
:1026200000F030FF53EC182B00F096FF02460B46EB
:102630003046394608F1300600F0D6FD05F8016B4A
:10264000009E019FAE1BB74202460B4637D100F0F9
:10265000CDFD53EC182B06460F4601F00DFAC8B914
:1026600053EC182B3046394601F0DEF910B118F062
:10267000010F0FD12046514600F0BAFA00232B700B
:102680000F9B09F101001860219B002B3FF4D7AC90
:102690001D60D4E4CDF81C902B461D4613F8012D87
:1026A000392A08D1009A9A42F7D1079A0099013243
:1026B000079230220A701A7801321A708DE79E4B09
:1026C000002200F049FF0022002306460F4601F0D9
:1026D000ABF900289BD0CDE7089A002A00F0C6800D
:1026E000059A012A00F3AA80109A002A00F0A2801D
:1026F00003F23343069E4546049A01211A442046BC
:102700009844049200F019FB0746002D0BDD049B52
:10271000002B08DDAB42049AA8BF2B46A8EB0308A8
:10272000ED1AD31A0493069BFBB1089B002B00F013
:10273000A180002E11DD39463246204600F0A2FB72
:10274000524601460746204600F000FB51460790DE
:10275000204600F04DFA079B9A46069B9A1B04D030
:102760005146204600F08EFB82460121204600F0B3
:10277000E4FA0D9B002B06467EDD1A4601462046F4
:1027800000F080FB059B012B064678DD00230693B5
:10279000336906EB8303186900F07FFAC0F120006B
:1027A000049B184410F01F0000F08880C0F1200343
:1027B000042B40F38180C0F11C00049B034480443F
:1027C00005440493B8F1000F05DD5146424620460A
:1027D00000F0A6FB8246049B002B05DD31461A461D
:1027E000204600F09DFB06460E9B002B68D031462C
:1027F000504600F0F4FB002862DA002351460A221A
:10280000204600F00CFA089B09F1FF398246002BA4
:1028100000F08881394600230A22204600F0FFF9A3
:10282000BBF1000F074600F38F80059B022B40F39E
:102830008B804DE0129BC3F136035BE7019B5E1E6C
:10284000069BB342BFBF069B0696F21A0D9BB6BF0E
:102850009B189E1B0D93019BB8BF0026002BB5BF94
:10286000A8EB0305019B0023454645E7069E089F0C
:1028700045464AE7069A73E7059B012B18DC029B45
:10288000B3B9039BC3F31303A3B9039B23F0004322
:102890001B0D1B052BB1049B0133049308F10108A8
:1028A000012306930D9B002B7FF472AF012077E785
:1028B0000023F6E7029BF4E784D018461C307CE73F
:1028C000019B002B3ADC059B022B37DDDDF804B0C1
:1028D000BBF1000F0DD131465B460522204600F0CA
:1028E0009EF901460646504600F079FB00283FF766
:1028F000BEAD099B009D6FEA03094FF00008314609
:10290000204600F075F9002F3FF4B4AEB8F1000F87
:1029100005D0B84503D04146204600F069F9394654
:10292000204600F065F9A5E600263746E1E70C9E53
:10293000DDF81C9037469AE500002440089BDDF83E
:1029400004B0002B00F0F580002D05DD39462A4645
:10295000204600F0E5FA0746069B002B55D0796823
:10296000204600F011F93A6902320546920007F15B
:102970000C010C30FEF746FE01222946204600F0ED
:10298000CFFA009B01330193009B5B440793029BAA
:1029900003F00103B84606930746019B31465046B3
:1029A00003F1FF3BFFF774FA0346303302904146D0
:1029B0005046089300F013FB3A46049031462046F7
:1029C00000F029FBC268089B054602BB0146504641
:1029D00000F005FB089B024629462046CDE9083257
:1029E00000F006F9059B099A019D43EA0201069B46
:1029F0000B43089B0DD1392B27D0049A002A01DD07
:102A0000029B31338BF8003079E73846B9E7012271
:102A1000E2E70499002904DB059801430698014385
:102A200020D1002AEEDD514601222046019300F01C
:102A300077FA3146824600F0D2FA0028019B02DC88
:102A4000E0D1DA07DED5392BDAD139238BF8003023
:102A50002B461D46013B15F8012C392A50D0013276
:102A60001A704CE7002A03DD392BEED00133C9E799
:102A7000019A079902F8013C8A422AD05146002364
:102A80000A22204600F0CBF8B84582464FF00003FA
:102A90004FF00A024146204607D100F0C0F88046B8
:102AA0000746019B0133019377E700F0B8F83946F8
:102AB000804600230A22204600F0B1F80746F0E7DE
:102AC000BBF1000F009ACCBF5D46012515444FF0C5
:102AD0000008514601222046019300F021FA3146B8
:102AE000824600F07CFA0028B2DC02D1019BDB07B1
:102AF000AED42B461D4613F8012D302AFAD0FEE63F
:102B0000009A9A42A5D1312309F101091370F6E622
:102B1000124BFFF7B5BA219B002B7FF48BAA104B09
:102B2000FFF7AEBABBF1000F03DC059B022B3FF7AA
:102B3000CFAE009D31465046FFF7AAF900F13003B1
:102B400005F8013B009AAA1A9345B9DD51460023C6
:102B50000A22204600F063F88246EBE73C3E030081
:102B60003E3E030000487047746200207047704783
:102B70000148FFF7FBBF00BFC88500200148FFF7F1
:102B8000F6BF00BFC885002070B5466A04460D46F2
:102B90003EB91020FEF720FBC0E9016660620660C6
:102BA000C660666AF36883B1636ADB6853F8250020
:102BB000B8B9012101FA05F6721D92002046FEF710
:102BC00051FD60B1C0E901560EE0212204212046EA
:102BD000FEF748FD636AF060DB68002BE4D100205B
:102BE00070BD026843F825200023C0E90333F7E7EE
:102BF00070B5466A05460C463EB91020FEF7ECFA61
:102C0000C0E9016668620660C6603CB16B6A6268D2
:102C1000DB6853F82210216043F8224070BD2DE993
:102C2000F0410E69074698460C4601F11400002356
:102C30000568A9B202FB01814FEA114C2D0C02FB81
:102C400005C589B2013301EB05419E4240F8041BE2
:102C50004FEA1548ECDCB8F1000F1BD0A368B34273
:102C600012DC616838460131FFF78EFF22690232BB
:102C700004F10C01054692000C30FEF7C3FC21461E
:102C80003846FFF7B5FF2C4604EB86030136C3F840
:102C9000148026612046BDE8F081030C1B04D3B9E3
:102CA0000004102310F07F4F04BF0002083310F01F
:102CB000704F04BF0001043310F0404F04BF800088
:102CC0000233002805DB10F0804F03F1010308BF39
:102CD0002023184670470023E4E7036813F0070237
:102CE00001460BD0DA0724D4980749BF5B089B083C
:102CF00001200B605CBF0B600220704798B2B0B936
:102D00001B0C102013F0FF0F04BF1B0A08301A071A
:102D100004BF1B0904309A0704BF9B080230DA077E
:102D200003D45B0800F1010005D00B60704710462A
:102D3000E8E7002070472020704710B50C460121BD
:102D4000FFF722FF01224461026110BD2DE9F04F1F
:102D500015460A692B699A42B8BF0B460C46BCBFA0
:102D60002C461D462769D5F81090A368616807EBCB
:102D70000906B342B8BF013185B0FFF705FF00F186
:102D8000140101EB86080B46002243451DD304F1D4
:102D9000140305F1140203EB870702EB8903029386
:102DA0003B1B153B23F00303043304F11505AF422D
:102DB00038BF04230193029B0392934208D8002E4C
:102DC0005ADC066105B0BDE8F08F43F8042BDCE760
:102DD000B2F800A0BAF1000F24D004F1140E894615
:102DE0004FF0000C5EF8045BD9F800B0ABB21FFAEC
:102DF0008BFB0AFB03B34FEA154BD9F80050634431
:102E00004FEA154C0AFB0BC505EB13459BB243EA91
:102E10000543774549F8043B4FEA154CE2D8019B3E
:102E200041F803C0039BB3F802900432B9F1000FDC
:102E300020D00B6804F1140C8E464FF0000ABCF849
:102E40000050BEF802B009FB05B5AA449BB243EAA4
:102E50000A434EF8043B5CF8043BBEF800501B0CE0
:102E600009FB035303EB1A4367454FEA134AE6D8BD
:102E7000019D4B5104319EE758F8043D002BA0D131
:102E8000013E9CE72DE9F843154612F00302064681
:102E90000F4607D0214C013A002354F82220FFF7B7
:102EA000BEFE0746AD1035D0746A3CB91020FEF75F
:102EB00093F9C0E9014470620460C460D6F82480CC
:102EC000D8F808404CB940F271213046FFF735FF81
:102ED0000023C8F80800044603604FF00009EB0720
:102EE0000AD5394622463046FFF730FF394680463C
:102EF0003046FFF77DFE47466D100BD0206838B98D
:102F0000224621463046FFF721FF2060C0F800909E
:102F10000446E4E73846BDE8F88300BFA03F03005D
:102F20002DE9F0470C464968236903EB6218A36852
:102F3000074691464FEA621A08F10106B3423FDBA9
:102F40003846FFF721FE0023054600F1140100F189
:102F500010021846534536DB20692AEAEA7A04F162
:102F6000140319F01F0901EB8A0103EB800C2ED02A
:102F7000C9F1200E8A460022186800FA09F00243BF
:102F80004AF8042B53F8042B9C4522FA0EF2F3D88E
:102F9000ACEB0403153B23F00303043304F11500E9
:102FA000604588BF0423CA500AB108F10206013EF9
:102FB00038462E612146FFF71BFE2846BDE8F08704
:102FC00001315B00BAE742F8040F0133C2E704396C
:102FD00053F8042B41F8042F9C45F9D8E7E730B5A6
:102FE00002690C69121B0ED100F11403143103EBBA
:102FF000840001EB840150F8045D51F8044DA542B2
:1030000003D005D30122104630BD8342F3D3FAE743
:103010004FF0FF32F7E72DE9F84F0C460646114610
:1030200020461746FFF7DBFF051E08D1294630462C
:10303000FFF7AAFD0123C0E90435BDE8F88FA4BF5E
:103040003B46274630467968A6BF1C460025012529
:10305000FFF79AFD3E69C560256907F1140104F187
:10306000140900F1140E07F1100201EB860C09EBB4
:103070008505F246002759F8043B52F804BF1FFAB1
:1030800083F817FA8BF71B0CA7EB0808C3EB1B435D
:1030900003EB28431FFA88F81F144D4548EA034301
:1030A0004AF8043BE7D82B1B153B23F003030433FA
:1030B0001534A54238BF0423194473449E460D4677
:1030C00065450ED30CF10302521A22F003020339B4
:1030D0008C4538BF00221A4452F8043D7BB106618A
:1030E000ABE755F8048B17FA88F4221402EB184268
:1030F000A4B244EA02444EF8044B1714E0E7013E40
:10310000EAE72DE9F7438946012157EC106B904619
:10311000FFF73AFDC7F30A550446C7F3130335BB5F
:10312000002E019328D068460096FFF7D6FD00993F
:1031300000B3019AC0F1200302FA03F30B43C2402B
:1031400063610192019BA361002B14BF0222012243
:103150002261D5B1A5F233450544C9F80050C0F14C
:103160003500C8F80000204603B0BDE8F08343F402
:103170008013D5E76161E5E701A8FFF7AEFD019B8C
:103180006361012222612030E3E704EB8203A0F2B5
:103190003240C9F800001869FFF77FFDC0EB42100C
:1031A000DFE782B001B901A942B14BB113780B60DE
:1031B0001278101E18BF012002B070471046FBE7BE
:1031C0006FF00100F8E749B1FF2A85BF8A23036049
:1031D0000A704FF0FF3098BF0120704708467047D3
:1031E00081F0004102E000BF83F0004330B54FEAB8
:1031F00041044FEA430594EA050F08BF90EA020F25
:103200001FBF54EA000C55EA020C7FEA645C7FEAB7
:10321000655C00F0E2804FEA5454D4EB5555B8BFDA
:103220006D420CDD2C4480EA020281EA030382EA4B
:10323000000083EA010180EA020281EA0303362DDD
:1032400088BF30BD11F0004F4FEA01314FF4801CB0
:103250004CEA113102D0404261EB410113F0004FC2
:103260004FEA03334CEA133302D0524263EB430379
:1032700094EA050F00F0A780A4F10104D5F1200E17
:103280000DDB02FA0EFC22FA05F2801841F1000172
:1032900003FA0EF2801843FA05F359410EE0A5F146
:1032A00020050EF1200E012A03FA0EFC28BF4CF077
:1032B000020C43FA05F3C01851EBE37101F000452D
:1032C00007D54FF0000EDCF1000C7EEB00006EEB3A
:1032D0000101B1F5801F1BD3B1F5001F0CD34908C4
:1032E0005FEA30004FEA3C0C04F101044FEA44521B
:1032F00012F5800F80F09A80BCF1004F08BF5FEAA2
:10330000500C50F1000041EB045141EA050130BD81
:103310005FEA4C0C404141EB0101013C28BFB1F593
:10332000801FE9D291F0000F04BF01460020B1FADE
:1033300081F308BF2033A3F10B03B3F120020CDAB1
:103340000C3208DD02F1140CC2F10C0201FA0CF08F
:1033500021FA02F10CE002F11402D8BFC2F1200CF4
:1033600001FA02F120FA0CFCDCBF41EA0C019040AA
:10337000E41AA2BF01EB0451294330BD6FEA0404F3
:103380001F3C1CDA0C340EDC04F11404C4F12002DE
:1033900020FA04F001FA02F340EA030021FA04F3F0
:1033A00045EA030130BDC4F10C04C4F1200220FA47
:1033B00002F001FA04F340EA0300294630BD21FA85
:1033C00004F0294630BD94F0000F83F4801306BF4B
:1033D00081F480110134013D4EE77FEA645C18BF3F
:1033E0007FEA655C29D094EA050F08BF90EA020FD6
:1033F00005D054EA000C04BF1946104630BD91EACE
:10340000030F1EBF0021002030BD5FEA545C05D1D0
:103410004000494128BF41F0004130BD14F580040F
:103420003CBF01F5801130BD01F0004545F0FE4183
:1034300041F470014FF0000030BD7FEA645C1ABFB8
:10344000194610467FEA655C1CBF0B46024650EAEF
:10345000013406BF52EA033591EA030F41F400211B
:1034600030BD00BF90F0000F04BF0021704730B5A1
:103470004FF4806404F132044FF000054FF0000176
:1034800050E700BF90F0000F04BF0021704730B537
:103490004FF4806404F1320410F0004548BF40420C
:1034A0004FF000013EE700BF42004FEAE2014FEA61
:1034B00031014FEA02701FBF12F07F4393F07F4F3C
:1034C00081F06051704732F07F4208BF704793F03F
:1034D0007F4F04BF41F40021704730B54FF4607452
:1034E00001F0004521F000411CE700BF50EA010255
:1034F00008BF704730B54FF000050AE050EA0102FE
:1035000008BF704730B511F0004502D5404261EB6D
:1035100041014FF4806404F132045FEA915C3FF4AE
:10352000D8AE4FF003025FEADC0C18BF03325FEA4B
:10353000DC0C18BF033202EBDC02C2F1200300FAFC
:1035400003FC20FA02F001FA03FE40EA0E0021FA21
:1035500002F11444BDE600BF70B54FF0FF0C4CF40F
:10356000E06C1CEA11541DBF1CEA135594EA0C0FC1
:1035700095EA0C0F00F0DEF82C4481EA030621EAFC
:103580004C5123EA4C5350EA013518BF52EA033537
:1035900041F4801143F4801338D0A0FB02CE4FF0E9
:1035A0000005E1FB02E506F00042E0FB03E54FF019
:1035B0000006E1FB03569CF0000F18BF4EF0010E11
:1035C000A4F1FF04B6F5007F64F5407404D25FEA0D
:1035D0004E0E6D4146EB060642EAC62141EA5551C0
:1035E0004FEAC52040EA5E504FEACE2EB4F1FD0C02
:1035F00088BFBCF5E06F1ED8BEF1004F08BF5FEA80
:10360000500E50F1000041EB045170BD06F0004631
:1036100046EA010140EA020081EA0301B4EB5C04DE
:10362000C2BFD4EB0C0541EA045170BD41F48011D6
:103630004FF0000E013C00F3AB8014F1360FDEBFFB
:10364000002001F0004170BDC4F10004203C35DAD7
:103650000C341BDC04F11404C4F1200500FA05F35A
:1036600020FA04F001FA05F240EA020001F00042FB
:1036700021F0004110EBD37021FA04F642EB060171
:103680005EEA430E08BF20EAD37070BDC4F10C049B
:10369000C4F1200500FA04F320FA05F001FA04F25F
:1036A00040EA020001F0004110EBD37041F100014B
:1036B0005EEA430E08BF20EAD37070BDC4F1200556
:1036C00000FA05F24EEA020E20FA04F301FA05F2BE
:1036D00043EA020321FA04F001F0004121FA04F266
:1036E00020EA020000EBD3705EEA430E08BF20EA36
:1036F000D37070BD94F0000F0FD101F00046400070
:1037000041EB010111F4801F08BF013CF7D041EAF1
:10371000060195F0000F18BF704703F000465200F5
:1037200043EB030313F4801F08BF013DF7D043EAC6
:103730000603704794EA0C0F0CEA135518BF95EA7C
:103740000C0F0CD050EA410618BF52EA4306D1D103
:1037500081EA030101F000414FF0000070BD50EA22
:10376000410606BF1046194652EA430619D094EAAC
:103770000C0F02D150EA013613D195EA0C0F05D196
:1037800052EA03361CBF104619460AD181EA0301EA
:1037900001F0004141F0FE4141F470014FF00000A2
:1037A00070BD41F0FE4141F4780170BD70B54FF03D
:1037B000FF0C4CF4E06C1CEA11541DBF1CEA1355BD
:1037C00094EA0C0F95EA0C0F00F0A7F8A4EB05049F
:1037D00081EA030E52EA03354FEA013100F0888096
:1037E0004FEA03334FF0805545EA131343EA12635F
:1037F0004FEA022245EA111545EA10654FEA002614
:103800000EF000419D4208BF964244F1FD0404F5CC
:10381000407402D25B084FEA3202B61A65EB030528
:103820005B084FEA32024FF480104FF4002CB6EBE5
:10383000020E75EB030E22BFB61A754640EA0C0065
:103840005B084FEA3202B6EB020E75EB030E22BFA5
:10385000B61A754640EA5C005B084FEA3202B6EBE6
:10386000020E75EB030E22BFB61A754640EA9C00A5
:103870005B084FEA3202B6EB020E75EB030E22BF75
:10388000B61A754640EADC0055EA060E18D04FEA33
:10389000051545EA16754FEA06164FEAC30343EAD3
:1038A00052734FEAC2025FEA1C1CC0D111F4801FA0
:1038B0000BD141EA00014FF000004FF0004CB6E799
:1038C00011F4801F04BF01430020B4F1FD0C88BF38
:1038D000BCF5E06F3FF6AFAEB5EB030C04BFB6EB43
:1038E000020C5FEA500C50F1000041EB045170BD36
:1038F0000EF0004E4EEA113114EB5C04C2BFD4EB63
:103900000C0541EA045170BD41F480114FF0000EE6
:10391000013C90E645EA060E8DE60CEA135594EA62
:103920000C0F08BF95EA0C0F3FF43BAF94EA0C0F65
:103930000AD150EA01347FF434AF95EA0C0F7FF4DA
:1039400025AF104619462CE795EA0C0F06D152EA2E
:1039500003353FF4FDAE1046194622E750EA410612
:1039600018BF52EA43067FF4C5AE50EA41047FF423
:103970000DAF52EA43057FF4EBAE12E74FF0FF3C88
:1039800006E000BF4FF0010C02E000BF4FF0010C59
:103990004DF804CD4FEA410C7FEA6C5C4FEA430CD2
:1039A00018BF7FEA6C5C1BD001B050EA410C0CBF21
:1039B00052EA430C91EA030F02BF90EA020F002083
:1039C000704710F1000F91EA030F58BF994208BFEA
:1039D00090422CBFD8176FEAE37040F001007047A7
:1039E0004FEA410C7FEA6C5C02D150EA013C07D1FE
:1039F0004FEA430C7FEA6C5CD6D152EA033CD3D049
:103A00005DF8040B704700BF8446104662468C4642
:103A10001946634600E000BF01B5FFF7B7FF002875
:103A200048BF10F1000F01BD4DF808EDFFF7F4FF9E
:103A30000CBF012000205DF808FB00BF4DF808ED29
:103A4000FFF7EAFF34BF012000205DF808FB00BF4C
:103A50004DF808EDFFF7E0FF94BF012000205DF86E
:103A600008FB00BF4DF808EDFFF7CEFF94BF012023
:103A700000205DF808FB00BF4DF808EDFFF7C4FF1C
:103A800034BF012000205DF808FB00BF4FEA410C65
:103A90007FEA6C5C02D150EA013C0AD14FEA430C48
:103AA0007FEA6C5C02D152EA033C02D14FF0000085
:103AB00070474FF0010070474FEA410212F50012C3
:103AC00015D211D56FF47873B3EB625212D94FEA65
:103AD000C12343F0004343EA505311F0004F23FA4F
:103AE00002F018BF404270474FF00000704750EAA4
:103AF000013005D111F0004008BF6FF00040704761
:103B00004FF00000704700BF044A05491368002BBE
:103B100008BF0B46184410601846704748830020C1
:103B2000D4850020FEE700BFF8B500BFF8BC08BC94
:103B30009E467047F8B500BFF8BC08BC9E4670476B
:103B4000524144494F204841524457415245204632
:103B500041494C454420544F20494E495449414C19
:103B6000495A4521000000002D2D2D205245434586
:103B700049564552205354415254494E47202D2D09
:103B80002D0000004C697374656E696E6720666F66
:103B9000722070756C7365732E2E2E00535543433F
:103BA000455353212048656172642070756C7365BC
:103BB00020636F6E7461696E696E673A2000000061
:103BC00044454352595054204641494C000000009E
:103BD0000338FDD87047000054696E795553422070
:103BE00053657269616C0000000000000000000075
:103BF00031860200A584020095840200118402002F
:103C00005D8402003184020089840200ED84020098
:103C1000F0FFFFFF000000009D86020047656E6513
:103C20007269630053757065724D696E69206E52DA
:103C3000463532383430000030313233343536379F
:103C40003839414243444546000000001201000259
:103C5000000000400912855200010102030100002A
:103C600009020900000100A0320000004164616601
:103C700072756974000000004D6173732053746F96
:103C80007261676500000000312E30007573626458
:103C900000000000050F3900021810050038B608B2
:103CA00034A909A0478BFDA0768815B665000101EF
:103CB000011C100500DF60DDD88945C74C9CD2652A
:103CC0009D9E648A9F00000306B20002000103006B
:103CD0005F757362645F71646566000000000000D8
:103CE0008D910200219202004D92020099920200F1
:103CF000599302001D940200000000000000000023
:103D0000159E020000000000259E0200359E020064
:103D1000C99E0200FD9F020000000000000000009C
:103D20007D9502008D95020091950200A1950200FB
:103D300089960200AD98020000000000000000001B
:103D400061AE02007DAE020081AE02009DAE0200B7
:103D5000FDAF0200B5B70200000000000000000047
:103D6000C5990200399A0200659A02008D9A0200F4
:103D7000BD9B0200C19B020000000000000000008B
:103D8000C9A702003DA8020069A8020089A8020094
:103D9000B98E020059A902000000000000010101D3
:103DA00006000000080000001100000014000000E0
:103DB0001600000018000000200000000B000000AA
:103DC0002400000026000000090000000A00000096
:103DD0002B0000002D0000002F000000020000005A
:103DE0001D0000001F000000210000002200000054
:103DF000270000000D0000000F0000000D0A000069
:103E0000546D725100000000546D722053766300AF
:103E10006C6F6F70000000000100000043616C6C6B
:103E20006261636B0000000024610020494E46007F
:103E3000696E66004E414E006E616E003000496E44
:103E400066696E697479004E614E000000000000E2
:103E50000000000000000000000000000000000062
:103E60000000000000000000000000000000000052
:103E70000000000000000000000000000000000042
:103E80000000000000000000000000000000000032
:103E90000000000000000000000000000000000022
:103EA0000000000000000000000000000000000012
:103EB0000080E03779C34143176E05B5B5B8934626
:103EC000F5F93FE9034F384D321D30F94877825AF2
:103ED0003CBF737FDD4F1575000000000000F03F10
:103EE00000000000000024400000000000005940D5
:103EF0000000000000408F40000000000088C34028
:103F000000000000006AF8400000000080842E419C
:103F100000000000D01263410000000084D79741E8
:103F20000000000065CDCD41000000205FA00242EE
:103F3000000000E876483742000000A2941A6D4263
:103F4000000040E59C30A2420000901EC4BCD64256
:103F500000003426F56B0C430080E03779C3414301
:103F600000A0D8855734764300C84E676DC1AB4377
:103F7000003D9160E458E143408CB5781DAF154495
:103F800050EFE2D6E41A4B4492D54D06CFF0804470
:103F9000F64AE1C7022DB544B49DD9794378EA4485
:103FA00005000000190000007D0000004300504F94
:103FB000534958002E0000202020202020202020BF
:103FC00028282828282020202020202020202020C9
:103FD00020202020202020881010101010101010F9
:103FE000101010101010100404040404040404043D
:103FF00004101010101010104141414141410101C5
:1040000001010101010101010101010101010101A0
:1040100001011010101010104242424242420202AE
:104020000202020202020202020202020202020270
:10403000020210101010200000000000000000001C
:104040000000000000000000000000000000000070
:104050000000000000000000000000000000000060
:104060000000000000000000000000000000000050
:104070000000000000000000000000000000000040
:104080000000000000000000000000000000000030
:104090000000000000000000000000000000000020
:1040A0000000000000000000000000000000000010
:0C40B00000000000000000000000000004
:0840BC009431FF7F01000000B8
:1040C40011223344550000000A00000000000306DA
:1040D400B200080001000000A8000800020000006F
:1040E400A0001400030057494E555342000000003D
:1040F4000000000000008400040007002A004400BF
:104104006500760069006300650049006E00740074
:104114006500720066006100630065004700550099
:10412400490044007300000050007B003900370050
:104134003500460034003400440039002D003000BE
:104144004400300038002D003400330046004400A1
:104154002D0038004200330045002D0031003200AC
:104164003700430041003800410046004600460045
:10417400390044007D0000000000000010000C0025
:1041840074760020D03C0300000000000000000012
:10419400000000000000000000000000000000001B
:1041A400000000000000000000000000000000000B
:1041B40000000000000000000000000000000000FB
:1041C40000000000000000000000000000000000EB
:1041D4000000000000000000FF0000000090D00379
:1041E40024610020000000006C3E03008C3E0300AC
:1041F4004C3E03000000000000000000000000002E
:1042040000000000000000000000000000000000AA
:10421400000000000000000000000000000000009A
:10422400000000000000000000000000000000008A
:10423400000000000000000000000000000000007A
:104244000000000043000000000000000000000027
:10425400000000000000000000000000000000005A
:104264000000000043000000000000000000000007
:10427400000000000000000000000000000000003A
:1042840000000000430000000000000000000000E7
:10429400000000000000000000000000000000001A
:1042A40000000000430000000000000000000000C7
:1042B40000000000000000000000000000000000FA
:1042C40000000000430000000000000000000000A7
:1042D40000000000000000000000000000000000DA
:1042E4000000000043000000000000000000000087
:1042F40000000000000000000000000000000000BA
:104304000000000043000000000000000000000066
:104314000000000000000000000000000000000099
:1043240000000000C7310300A331030000000000B7
:10433400B63F0300B43F0300B53F0300B53F03009D
:10434400B53F0300B53F0300B53F0300B53F03008D
:10435400B53F0300B53F0300B53F0300FFFFFFFF78
:10436400FFFFFFFFFFFFFFFFFFFF000001004153BE
:104374004349490000000000000000000000000064
:104384000000000000000000000000000000415395
:104394004349490000000000000000000000000044
:1043A4000000000000000000000000000000000009
:1043B4000172020035720200957302004188020006
:0843C400B1E1020011720200D8
:04000003300006FDC6
:00000001FF
