:020000022000DC
:10700000000004205D0803009D0803009F080300A2
:10701000A1080300A3080300A50803000000000066
:10702000000000000000000000000000D90703007D
:10703000A908030000000000F9070300AD080300E1
:10704000E9090300AF080300AF080300AF0803001D
:10705000AF080300AF080300E1E40200AF0803003B
:10706000AF080300AF080300AF080300AF08030038
:10707000AF080300AF080300AF080300AF08030028
:10708000AF08030029050300AF080300AF080300A1
:10709000AF080300AF080300AF080300AF08030008
:1070A000AF080300AF080300AF080300AF080300F8
:1070B000AF080300AF08030000000000000000005C
:1070C000AF080300AF080300AF080300D50A0300B0
:1070D000AF080300AF080300AF080300559002009B
:1070E000AF080300AF080300AF0803000000000072
:1070F00000000000AF080300000000004D0B03007B
:10710000000000000000000000000000000000007F
:10711000000000000000000000000000000000006F
:10712000000000000000000000000000000000005F
:10713000000000000000000000000000000000004F
:10714000000000000000000000000000000000003F
:10715000000000000000000000000000000000002F
:10716000000000000000000000000000000000001F
:10717000000000000000000000000000000000000F
:1071800000000000000000000000000000000000FF
:1071900000000000000000000000000000000000EF
:1071A00000000000000000000000000000000000DF
:1071B00000000000000000000000000000000000CF
:1071C00000000000000000000000000000000000BF
:1071D00000000000000000000000000000000000AF
:1071E000000000000000000000000000000000009F
:1071F000000000000000000000000000000000008F
:10720000F1EE103A43F08073E1EE103A704700BFA0
:1072100010B5054C237833B9044B13B10448AFF3D0
:1072200000800123237010BD1463002000000000C3
:107230004842030008B5034B1BB103490348AFF3B1
:10724000008008BD000000001863002048420300D1
:10725000154B002B08BF134B9D46A3F5803A002128
:107260008B460F461348144A121A0AF0C5FA0F4B00
:10727000002B00D098470E4B002B00D098470020E1
:10728000002104000D000D48002802D00C48AFF387
:1072900000800AF055FA2000290009F037FB0AF0B7
:1072A0003BFA00BF000008000000042000000000BE
:1072B0000000000014630020E485002000000000AE
:1072C0000000000038B51D4D1D4C28464FF4E1313B
:1072D00001F07AFB02210A2009F040FF01210B2076
:1072E00009F03CFF00210B2009F0BCFF204600F014
:1072F0001BF920460122002101F04AF90022204614
:10730000072101F021F82046002101F025F8204650
:10731000012101F045F820460A4901F0EBF820462A
:10732000094A012101F05EF82046012100F060FFCA
:1073300028460649BDE8384007F082B8D0690020E9
:10734000386300200C60002004600020E83C03004B
:107350002DE9F04385B02D480DF10E0100F0ECFC55
:10736000B8B90A2009F09CFF294D041E2B7818BFDC
:107370000124A34202D105B0BDE8F083052007F047
:10738000FDF80A2009F08CFFA8B12C7005B0BDE80B
:10739000F0830DF10F011D48012200F069F91D4B2A
:1073A0009DF80F201B789A420CBF012100210B2071
:1073B00009F058FFD5E7184E07F0D4F83368C01A23
:1073C000FA28E2D907F0CEF81449DFF848900346CE
:1073D0001348336007F034F80C4801221146804608
:1073E00000F054FF0326012700230122494600979D
:1073F000404600F04BF9022007F0C0F8013EF3D1FF
:107400000248012100F0F4FE2C70BFE73863002031
:10741000126000200060002030630020183D03004F
:10742000D0690020014800F047B800BF3863002051
:107430001E4B0021012270B5C3F810111A610546D8
:1074400007F090F81A4E044604E007F08BF8031B8F
:10745000FA2B10D83368002BF7D0144B06210022EA
:10746000C3F81021C3F80012D3F85015082903D926
:10747000002385F8253470BD0121C3F8542119601B
:1074800007F070F80B4E044604E007F06BF8031B9E
:10749000FA2BF0D83368002BF7D0044B0022C3F846
:1074A0005421002385F82534E5E700BF0010004093
:1074B0001011004054110040F0B41A4940F2055533
:1074C00020224FF416747326A0F81A5280F826244E
:1074D000A0F844440022A0F8066100F2474500F5F8
:1074E000847400F5CD6680F8282480F82324A0F861
:1074F000242480F8432480F846240027C1F80C5542
:10750000C1F8104500F5AA65C1F8086500F5CF641B
:1075100043F23906C1F81455C4E90067F0BC80F89D
:107520001122704700F000404FF0804300210122FB
:1075300070B5C3F800111A60044607F013F8454E01
:10754000054604E007F00EF8431BFA2B7FD833689A
:10755000002BF7D04FF0804300210122C3F8041123
:107560009A6006F0FFFF3C4E054604E006F0FAFF85
:10757000431BFA2B6BD83368002BF7D0374B384AB4
:10758000384E394D0120C3F8FC0FC3F8142594F888
:10759000262442EA022242F08272C3F818254FF0F4
:1075A000E732C3F81C2500214FF04332C3F82025F1
:1075B000C3F82465C3F82855C3F83005C3F82C1563
:1075C000D3F81C25C4F83424D3F82425C4F838246F
:1075D000D3F81C25C4F82C24D3F82425C4F830246F
:1075E0000222C3F83425214D4FF6FF72C3F83C2523
:1075F000C3F8385540F201220825C3F80445C3F802
:107600001015C3F85026C3F80C554C224FF0013525
:10761000C3F80825C4F8125294F8126284F82314AF
:10762000320442EA0622C4F81652C3F81425D3F8ED
:107630001825120C1204C3F8182594F82624D3F840
:10764000181542EA02220A43C3F8182570BD00202B
:1076500070BD00BF00010040040100400010004068
:1076600000010100E743C323A363E31321100100DA
:1076700010B50446084604F21D210AF095F80023CF
:1076800084F83C3484F8463410BD00BF2DE9F04F37
:107690002DED028B044689B090F8230494F827540A
:1076A0009DF85060059508EE101A07960292049313
:1076B000002800F051822A46C14B0132D2B2A3FB0E
:1076C0000213D11A03EB51039B08C3EBC303D31A74
:1076D0005B00DBB2059394F8113284F827241BB1C8
:1076E000079A002A40F0C881002200920692009A70
:1076F000DFF8E892B34DDFF8E88284F843240028ED
:1077000040F05281059A60702270002B00F0918148
:10771000079B002B00F08D8194F81232002B40F073
:107720004B81224608200523B4F8786694F87A162F
:10773000E652234420449970D4F88136136094F8BB
:1077400085361371029B04F20B11A3F108020AF0B3
:107750002BF89D4B00210122C3F80C119A6006F012
:1077600001FF064605E006F0FDFE801BFA2800F248
:107770004681D9F80030002BF5D0934B0022C3F896
:107780000C21049A002A40F0EA81D3F82C252244E7
:1077900092F812220392002A00F0E181D3F83025FA
:1077A000D3F82C05019294F8231401228240C3F8E7
:1077B0003025E9B994F81212049884F823040A04D5
:1077C00042EA012294F82614069184F82604C3F8AC
:1077D0001425D3F81825120C1204C3F8182594F8B0
:1077E0002624D3F8181542EA02220A43C3F81825C2
:1077F000754B00210122C3F810111A6106F0B2FE88
:10780000064604E006F0AEFE801BFA2820D82B685E
:10781000002BF7D06C4B00220121C3F81021C3F8D4
:107820000022C3F85821C3F83021596006F09AFEAF
:10783000064604E006F096FE801BFA2808D8634B43
:107840001B68002BF6D0604A0123936084F825342E
:1078500094F82334B4F84464002B40F0D8805A4B99
:10786000D3F81025002A00F0ED80D3F81035022B54
:1078700000F0E880873ED8F80C30DF0126EAE67693
:1078800040F1B080524B1A68D00740F1AB805F687E
:10789000BF09DFF834B1DFF840A107E01368DB0768
:1078A0000FD553689B09DB1BB34214D8DBF830318A
:1078B000474A83B9DBF834316BB9D8F80C30D901B9
:1078C000ECD407F0BFFFA0FB0A01830A43EA81530F
:1078D000DB1BB342EAD93C4BD3F83021002A40F0FD
:1078E0005481D3F8341109B1C3F8342194F81B0240
:1078F00010EBC01004D0374BC00143F00103984790
:10790000314B00210122C3F810111A6106F02AFE42
:10791000064604E006F026FE801BFA2811D82B68E4
:10792000002BF7D0284B06210022C3F81021C3F802
:107930000012D3F85015082940F28780002384F8FC
:10794000253494F8230400286AD194F81212069A78
:1079500084F826241C4B84F823040A0442EA0122FA
:10796000C3F81425D3F81825120C1204C3F81825EF
:1079700094F82624D3F8181542EA02220A43C3F8E1
:107980001825019AC3F83025009A94F81A3201326A
:1079900093420092C0F2EF80009A94F8113284F87A
:1079A000432400283FF4AEAE059A6270029A22701A
:1079B000002B37D0079BABB3A21C0A200723B3E6EA
:1079C0002549922410110040001000405811004039
:1079D000001000E0603D030040420F000C11004029
:1079E000F0ED00E007F02EFFC74BA0FB0301870A74
:1079F00047EA81574DE7C549C54806F021FD0023F8
:107A00001846039309B0BDEC028BBDE8F08F94F8E3
:107A10002434A3B194F82634202B10D8C8362AE792
:107A2000BC4BAEE7A01C029A18EE101A09F0BCFE7F
:107A30008FE694F81232002BF4D12046F3E706F2D9
:107A4000EE2618E7A6F5967615E70121C3F854212E
:107A5000196006F087FD064605E006F083FD801BF1
:107A6000FA283FF66EAFAC4B1B68002BF5D0A94B44
:107A70000022C3F8542161E7029B002B79D0A74E66
:107A8000DFF8B08204F2816704F2866A4FF00009E1
:107A900006F068FD054604E006F064FD401B64281E
:107AA000ADD83368002BF7D0C8F80091D8F8083566
:107AB00007F8013B5745EBD1994DD4F89026C4F80F
:107AC00078269848029AC4F87C9618EE101AC5F8E1
:107AD000040584F8482404F24A4084F8479484F862
:107AE000499409F061FE40F20912002104F5847006
:107AF00009F082FE0123C5F80091C5F804912B60BE
:107B000006F030FD884E054605E006F02BFD401BD3
:107B1000FA283FF674AF3368002BF6D0804BD3F8C9
:107B20000821002A7FF46BAF94F80931002B3FF451
:107B300066AFD4F8903602987C4901330C30C0B25D
:107B40008B42C4F89036029094F8113294F82304D2
:107B500088BFC4F89026C7E56A1CD2B2BBE50123F2
:107B6000184684F82934039309B0BDEC028BBDE8B4
:107B7000F08F1346B8E50023184684F829340393A0
:107B800009B0BDEC028BBDE8F08F94F82434002BD3
:107B900079D02578002D76D094F81132002B00F0A2
:107BA000AB80079B04F21D26002B00F09E80A5F100
:107BB0000802304622EAE27204F10A0109F0F4FDFB
:107BC000A71C3B68C4F881363B7984F88536234688
:107BD000DFF84C8133F8072F55499B7884F87A36C3
:107BE0000027A4F8782604F24A402A46C8F804156B
:107BF000314609F0D9FD394684F8485484F8477471
:107C000084F8497440F2091204F5847009F0F4FD17
:107C10000123C8F80071C8F80471C8F8003006F0F4
:107C2000A1FC414F054605E006F09CFC401BFA28EC
:107C30003FF6E1AE3B68002BF6D0394BD3F8082174
:107C4000002A7FF4D8AED3F80034002B3FF4D3AE33
:107C500094F80931002B3FF4CEAE25780B2D02D9D4
:107C60000C3DEDB2257030462A4604F20B1109F0A6
:107C70009BFD284B84F81C52D3F8083484F83D341B
:107C8000012384F83C34234D0023C5F830312046CD
:107C9000FFF7CEFB94F82334D3B994F81212069A66
:107CA00084F826240A0442EA012284F82334C5F821
:107CB0001425D5F818351B0C1B04C5F8183594F895
:107CC0002634D5F8182543EA03231343C5F818359D
:107CD000104A01990398C2F83015012384F8293419
:107CE00009B0BDEC028BBDE8F08FA71C30463946C9
:107CF0002A4609F059FD64E72A46A11C04F21D201A
:107D000009F052FDB5E700BF40420F00443D0300BB
:107D1000D0690020001000405411004000D1004004
:107D200000F000400000010104F10040400D03009C
:107D30000100010100D000402DE9F04F90F84654B9
:107D400083B00F46002D40F0F68090F825240446BD
:107D500022B990F83C34002B40F00581BD4BD3F89C
:107D60003011002900F0DA8094F823140020C3F8C1
:107D70003001002940F0E780B64BD3F808343B705F
:107D800094F823242ABB54FA83F393F81232002B7D
:107D900040F0CB8194F81132002B00F0B28194F8BE
:107DA000262404F21D2A083A504604F1080109F07D
:107DB000FBFC2368C4F88136227984F885262346A3
:107DC000267833F8052F9B7884F87A36A4F878263D
:107DD0000CE094F81132002B40F0C881267804F2B0
:107DE0001D2A32465046A11C09F0DEFC94F82324DB
:107DF000012384F82234002A00F0C18033466678DB
:107E0000DFF8509284F81C3284F82764D9F80C14F7
:107E1000D9F8083454FA83F31FFA81F893F8123230
:107E2000002B40F0AF8094F81132002B61D0002A73
:107E300040F00B8194F82674083FFFB2DFF81C92E3
:107E4000854BC9F80435002F00F065814FF0000B19
:107E50003A46514604F24A4009F0A6FC84F84874B8
:107E6000594640F2091284F847B484F849B404F53D
:107E7000847009F0C1FC0123C9F800B1C9F804B14C
:107E8000C9F8003006F06EFBDFF8D891074605E030
:107E900006F068FBC01BFA2800F23D81D9F80030DB
:107EA000002BF5D06D4BD3F80811002940F0338139
:107EB000D3F80034002B00F02E8194F80931002B08
:107EC00000F029814FF48172504609F095FC94F836
:107ED0002334002B00F0628194F81C220C3AD2B2B9
:107EE00084F81C22504604F20B1109F05DFC94F852
:107EF000232494F8253484F83E64A4F840844BB1DC
:107F00005449D1F8083454FA83F393F812320BB978
:107F100001238B607AB394F81C3263BB4D4BD3F8CA
:107F2000342122B100210122C3F834119A6028467D
:107F300003B0BDE8F08F474BD3F808340B702846E8
:107F400003B0BDE8F08FD3F834352178C3F58073E2
:107F5000994202D800297FF40FAF002AE7D03D4BA9
:107F600001229A60E3E790F83D240A701D462846F6
:107F700003B0BDE8F08F012584F84654D7E794F8A4
:107F800026343DE72046FFF753FA354BD9F82CB598
:107F9000D9F80824C9F82C2543F001034FF4965072
:107FA000984794F82434002B62D03A7894F8283417
:107FB0009A4200F00B8100220092114601232046D4
:107FC000FFF764FB234BDFF8A090C3F82CB5002229
:107FD000C3F8102101221A6106F0C4FA074604E032
:107FE00006F0C0FAC01BFA2823D8D9F80030002BBD
:107FF000F6D0184BDFF874900022C3F81021C3F8B4
:108000000022C3F85821C3F8302101225A6006F03B
:10801000A9FA074604E006F0A5FAC01BFA2808D81A
:10802000D9F80030002BF6D00A4A0123936084F877
:108030002534084BD3F8342522B194F83E24B242BB
:1080400000F0B98094F82324EDE694F81C72083F00
:10805000FFB2F3E6001000400100010100F0004013
:10806000603D030004F10040101100405811004031
:1080700094F82324002A40F09C8094F8121294F87B
:10808000267484F823240B0443EA012384F826246D
:10809000C9F81435D9F818351B0C1B04C9F8183564
:1080A00094F82634D9F8182543EA03231343C9F872
:1080B000183500220123009211462046FFF7E6FA08
:1080C00094F82334002B7FF47DAF94F81202454AD4
:1080D00084F82674010441EA002184F82334C2F8AC
:1080E0001415D2F818351B0C1B04C2F8183594F877
:1080F0002634D2F8181543EA03230B43C2F8183587
:1081000060E704F21D2A94F826245046214609F01F
:108110004BFB26786AE63449344806F091F994F826
:108120002534002B7FF41BAF01E794F811325BB3C9
:1081300094F9262404F21D2A083A22EAE2725046F3
:1081400004F1080109F030FB26782246234652F854
:10815000021FC4F88116127984F8852633F8072F98
:108160009B7884F87A36A4F878263FE694F90020C4
:10817000267804F21D2A083A22EAE272504604F1F7
:108180000A0109F011FBE0E704F21D2A94F8262405
:108190005046A11C09F008FB267827E694F826240F
:1081A0005046043204F20B1109F0FEFA94F823242D
:1081B0009FE61F467DE7B4F8402442457FF442AF76
:1081C00094F82524002A3FF4B2AEC9E600230093B8
:1081D00094F81F23012304F548712046FFF756FA4F
:1081E000F0E600BF00100040443D0300D0690020CD
:1081F000F8B5234B234E00240122C3F810411A6125
:1082000004460F4606F0AEF9054604E006F0AAF96A
:10821000401BFA2823D83368002BF7D0184B0022D4
:10822000C3F81021E7B9164B174E00220121C3F8FD
:108230000022C3F85821C3F83021596006F092F9A2
:10824000054604E006F08EF9431BFA2B07D8336885
:10825000002BF7D00A4A0123936084F82534F8BD37
:10826000D4F82C14C3F81C15D4F83014C3F8241512
:1082700040F20121C3F85016C3F84425D3E700BFEC
:108280000010004010110040581100402B4B2DE908
:10829000F0410024C3F8104101241C610E4604463D
:1082A000904606F05FF9264F054604E006F05AF9BD
:1082B000401BFA2829D83B68002BF7D01F4B00221F
:1082C000C3F81021B8F1000F07D0D4F83424C3F854
:1082D0001C25D4F83824C3F824255EB1174BB4F814
:1082E000061100204FF40072C3F82C05C3F84415A2
:1082F000C3F85026114B0622C3F80022D3F85025AC
:10830000082A04D9002384F82534BDE8F08100212F
:108310000122C3F854111A6006F024F9094E0546EB
:1083200004E006F01FF9431BFA2BEED83368002B4C
:10833000F7D0024B0022C3F85421E3E700100040BD
:108340001011004054110040024B41EA0222C3F8D0
:10835000082570470010004010B50446082200F2BE
:10836000122009F049FA94F82334B3B994F81212A0
:108370000A4A0B0443EA0123C2F81435D2F818352F
:108380001B0C1B04C2F8183594F82634D2F81815C3
:1083900043EA03230B43C2F8183510BD0010004018
:1083A00010B490F812420E4A80F82614230443EACF
:1083B0000423002480F82344C2F81435D2F8183579
:1083C0005DF8044B1B0C1B04C2F8183590F82634DA
:1083D000D2F8181543EA03230B43C2F81835704747
:1083E0000010004070B41468D2F80130250924014F
:1083F00004F0F03205F00F351C091B01154303F0A2
:10840000F03304F00F34AA081C43AD0005F0CC355E
:10841000A30802F03332A4002A4304F0CC3403F062
:1084200033335508234352005C0805F0553502F0FC
:10843000AA325B0004F055342A4303F0AA332343E5
:1084400012BA2B4C120E1BBA19BBD0F83054C4F818
:108450002455C4F81C35D4F8243523F0FF03C4F8A0
:108460002435D4F824351A43C4F82425D4F81C350F
:10847000C0F82C34D4F82435C0F830341C4A012319
:10848000D2F8300503FA01F1014370BCC2F830158F
:108490007047032919D8D0F83054C4F82455C4F8CB
:1084A0002035D4F82455CB00FF269E4025EA06054A
:1084B000C4F82455D4F824559A402A43C4F82425F6
:1084C000D4F82435C0F83034D8E7C4F82035081F74
:1084D000D4F82855C300FF20984025EA0000C4F8CE
:1084E0002805D4F828059A400243C4F82825C5E792
:1084F0000010004030B4D1F801300D68234C190948
:108500001B0103F0F03301F00F3119438B08890090
:1085100001F0CC3103F033330B4359085B0001F019
:1085200055312A0903F0AA332D010B4305F0F0352C
:1085300002F00F322A431BBAC4F81C35930892008C
:10854000D4F8241502F0CC3203F03333134321F076
:10855000FF015A085B00C4F8241502F0553203F0FD
:10856000AA33D4F8241513431BBA41EA136300223B
:10857000C4F82435C4F82C25D4F81C35C0F834349C
:10858000D4F82435C0F8383430BC704700100040AF
:1085900059B101290ED0022911D003290A4B14BF69
:1085A00000220822C3F80C257047074BF422C3F8B9
:1085B0000C257047044B0222C3F80C257047024B70
:1085C0000622C3F80C257047001000400146014800
:1085D00000F00EBBEC69002038B5064B1D783DB1AC
:1085E00000242046013400F051FEE0B28542F9D863
:1085F00038BD00BFE8690020407DFF280AD010B5D3
:1086000000F0E4FD044608B1204610BD08F0F0FB80
:10861000204610BD00207047407DFF280ED000B5D9
:1086200083B00DF1070100F027FE20B19DF807008F
:1086300003B05DF804FB4FF0FF30F9E74FF0FF3077
:10864000704700BF407DFF280FD000B583B00122E6
:108650000DF1070100F0C6FD20B19DF8070003B041
:108660005DF804FB4FF0FF30F9E74FF0FF30704743
:10867000407DFF2801D000F009BE7047407DFF28F3
:1086800001D000F06BBE0020704700BFF8B5064671
:10869000407DFF281CD017465AB10D46144600F005
:1086A00071FD2946224680B1707D00F033FE241A08
:1086B00001D13846F8BD054408F09AFB707D00F002
:1086C00061FD294622460028EED13F1B3846F1E7DE
:1086D0000020F8BD002A00F097802DE9F0434B49B7
:1086E00091F81C9191F81D7191F81E8193B01D466F
:1086F000064608F1010309F102001446BA1C81F88C
:108700001C0181F81D2181F81E3101A8422200219F
:1087100009F072F8412D73D9327D8DF814207A1C3E
:10872000204662F07F0440F60832ADF8042040F2A3
:10873000094540F20122ADF80C50ADF81020242577
:10874000334A8DF81650069209F1010304220125DF
:10875000DBB28DF81C508DF81F208DF8302040F2D0
:10876000022640F2075240F224658DF81E308DF843
:1087700027308DF83130ADF808600223ADF8245071
:10878000ADF82820ADF83820224E8DF807300325AB
:1087900008228DF812308DF833308DF83B30089672
:1087A00005238DF82B508DF82C2067F07F074FF4B0
:1087B00011660A2540228DF81530ADF82E608DF82F
:1087C000345001A98DF806908DF80E908DF8269002
:1087D0008DF83A808DF82A7007268DF83C2044F2F7
:1087E000020542228DF840308DF841408DF83F60FF
:1087F000ADF8425008F0D8FF422013B0BDE8F08336
:10880000002013B0BDE8F08342207047EC690020DF
:10881000200105242402060570B50368184A5B6828
:1088200082B093428DF8071021D10546407DFF2884
:1088300023D000F0A7FC0DF10706012431462246A3
:1088400088B1687D00F066FD241A02D1012002B0D3
:1088500070BD064408F0CCFA687D00F093FC314608
:1088600022460028EDD1C4F1010002B070BD012202
:108870000DF10701984702B070BD002002B070BD35
:108880008D860200002A00F097802DE9F0434B49C5
:1088900091F81C9191F81D7191F81E8193B01D46BD
:1088A000064608F1010309F102001446BA1C81F8DA
:1088B0001C0181F81D2181F81E3101A842220021EE
:1088C00008F09AFF412D73D932798DF814207A1C63
:1088D000204662F07F0440F60832ADF8042040F2F2
:1088E000094540F20122ADF80C50ADF810202425C6
:1088F000334A8DF81650069209F10103042201252E
:10890000DBB28DF81C508DF81F208DF8302040F21E
:10891000022640F2075240F224658DF81E308DF891
:1089200027308DF83130ADF808600223ADF82450BF
:10893000ADF82820ADF83820224E8DF807300325F9
:1089400008228DF812308DF833308DF83B300896C0
:1089500005238DF82B508DF82C2067F07F074FF4FE
:1089600011660A2540228DF81530ADF82E608DF87D
:10897000345001A98DF806908DF80E908DF8269050
:108980008DF83A808DF82A7007268DF83C2044F245
:10899000020542228DF840308DF841408DF83F604D
:1089A000ADF8425008F000FF422013B0BDE8F0835C
:1089B000002013B0BDE8F08342207047EC6900202E
:1089C0002001052424020605437DFF2B02D10A4B1A
:1089D0001A7802B1704710B500F1100442750749CA
:1089E000204601221A7000F0D7F921460448BDE85C
:1089F000104000F0DFB800BFE8690020683D0300C8
:108A0000EC69002001B900B1704700B583B0694638
:108A100000F0CEFB009BB3F5966F02D003B05DF87B
:108A200004FB00F02DFBF9E730B4084B084A4FF483
:108A30007F4102F10805002430324FF47A709982A8
:108A4000C3E901401D601A6130BC7047D069002045
:108A5000783D03000378002B00F09280F0B50546C6
:108A6000002004462E4603E001342B5D2E19C3B1CD
:108A700003F14002D2B2012AF6D9F42BF4D81A0637
:108A800010D40122A3F55846B6F5006FECD3144478
:108A9000202806D021F810302B5D01302E19002B34
:108AA000E6D1F0BD03F0E002C02A52D003F0F0029C
:108AB000E02A61D003F0F802F02AD5D103F00703D1
:108AC0000427727802F0C00CBCF1800FCCD196F86C
:108AD00002C00CF0C00E02F03F02BEF1800F42EA6D
:108AE0008313C1D10CF03F0C032F4CEA83132AD01F
:108AF000F27802F0C006802EB6D102F03F0242EAC0
:108B00008313A3F58032B2F5801F38BF0427ABD2A0
:108B1000A3F55842B2F5006FA6D3B3F5803F3C44AD
:108B2000B6D31E28BDDCA3F5803342009E0A0A445A
:108B3000C3F30903A6F52056A3F5105321F81060DE
:108B40005380023091E7A3F50062B2F5784FDFD38E
:108B50008AE7727802F0C006802E03F01F0383D1EB
:108B600002F03F0242EA8313A3F18002B2F5F06FF4
:108B7000BFF47AAF022285E703F00F030327A0E7D3
:108B80001846704790F850310B2B0CD871B110B4C7
:108B900003F148025C1C80F850415DF8044B40F83A
:108BA0002210184670470023184670470B46184697
:108BB000704700BF70B504460E68B4F81821B4F8C9
:108BC0001A31656936689B1A08469BB294F81C11E5
:108BD0002A44B04758B1B4F81831626903449BB2D3
:108BE000A4F81831538094F81C311371012070BD22
:108BF0002DE9F043264DDFF8A890AC4604468846A0
:108C0000BCE80F0089B003AF0FC703AE0FCE05F16C
:108C1000140E25460FC59EE80700DCF800303B80A7
:108C20006B4636682E8003C36B4603CB012504F1E7
:108C300018034FF480766361A061E16184F820201D
:108C400004F59870C4F818912022A4F81C61002142
:108C500084F81E5108F0D0FD0E4E0F48A571042275
:108C600040F2EF2340F209470021C4E94A0184F8A9
:108C70005021A3804FF4E131C4E948760748FFF75B
:108C8000A3FE404600F0EAF9284609B0BDE8F083AB
:108C9000DC3D0300AC3D0300B43D0300D06900207F
:108CA000090000012DE9F047D0F82C0188B00E46EC
:108CB00030B10231FFF7CEFEC0B208B0BDE8F08798
:108CC000684600F0DFF98646F8B1431E06F1040954
:108CD000DBB2114DE84609EB830904AC95E80F00BF
:108CE00018F8017B84E80F0007F00F0C0DF1200A43
:108CF000D4440AEB17171CF810CC17F8103CA6F850
:108D000004C073800436B145E8D14FEA4E00C0B2CA
:108D100008B0BDE8F08700BFC83D030000487047B9
:108D2000EC690020014B5869704700BFEC690020D6
:108D300010B5B0B103281CD0154C94F850318342C3
:108D400023D9483004F5AA7154F82000FFF782FEB9
:108D5000C3B201335B0043F440730E48A4F85231B0
:108D600010BD0B4CD4F82031A4F854314FF44173AA
:108D7000F3E70849A1F5A9742046FFF793FF431CC8
:108D80005B0043F440739BB2E7E7002010BD00BFD7
:108D9000EC6900203E6B002010B504460248FFF746
:108DA000F1FE207110BD00BFEC690020024B53F8AA
:108DB000200000B1C0687047806B002030B4094CBF
:108DC000BDF8085054F8204044B1246934B1084635
:108DD000A44611461A462B4630BC6047002030BCE2
:108DE000704700BF806B002030B4084CBDF80850BD
:108DF00054F8204044B1646934B10846A446114691
:108E00001A462B4630BC604730BC7047806B002050
:108E1000024B186808B190F860007047886B00201A
:108E20002DE9F843234C2568002D40D01E462C2305
:108E300003FB00530446D3F8209088461746B9F147
:108E4000000F30D0484609F0EDF80828024628BF48
:108E500008222C2000FB0454D4E90954DFF85CC03C
:108E6000154B002D08BF654649464046002C08BFFB
:108E70001C4608F099FC284609F0D4F81028024650
:108E8000294628BF1022384608F08EFC204609F0FB
:108E9000C9F8042802462146304628BF0422BDE80E
:108EA000F84308F081BCDFF818900822D1E7BDE84C
:108EB000F88300BF886B0020183E0300083E0300C3
:108EC000FC3D030070B5104E3368CBB12C2404FB7D
:108ED0000034054662691AB19047336884F832005D
:108EE0002C2202FB053393F832400CB1204670BDB2
:108EF000284623463A22022101F074F8204670BD2C
:108F00001C46204670BD00BF886B0020074B1B68C5
:108F100053B110B42C2404FB0030C46A038E0C60DF
:108F20005DF8044B13807047704700BF886B0020CA
:108F300008B520220023052101F054F84FF0FF303E
:108F400008BD00BF30B4084C256855B1044608463A
:108F500011461A462C2303FB0454E3690BB130BCC1
:108F60001847012030BC7047886B002030B4094C92
:108F7000029A25684DB10446084619462C2303FB86
:108F80000454A3680BB130BC18474FF0FF3030BC1D
:108F9000704700BF886B002030B4094C029A2568E6
:108FA0004DB10446084619462C2303FB0454E368DC
:108FB0000BB130BC18474FF0FF3030BC704700BFDA
:108FC000886B0020044B1B682BB12C2202FB003065
:108FD000036903B118477047886B0020054B1B6875
:108FE0002BB12C2202FB0030836903B1184701200A
:108FF000704700BF886B002004F062BF00B5134BC0
:10900000402283B083F82723002002F09BFF4FF01B
:1090100080430024D3F838548DF80040684607F0A8
:10902000A3FC0B4B019301A807F0CAFC07F0D4FC8A
:10903000EB0707D400214FF0FF3003F005F8FFF7EE
:10904000CBFAF7E7204604F03BFFF3E700E100E04E
:10905000F98F0200002004F07FBB00BF00B50023A1
:1090600083B00322CDE9002303490448C82206F057
:10907000F9F903B05DF804FB1C3E0300FD8F02000C
:1090800008F068B84FF08052536E1BBA0360136E3D
:109090001BBA43600820704700487047243E030015
:1090A00070B51E4D2B6883B1012913D11478C4F318
:1090B0004114012C0BD0022C07D15478012C0BD079
:1090C000022C07D19388072B20D0002070BD517847
:1090D00022290BD0012070BD9C69002CF5D023788B
:1090E00011462246BDE8704003F042BE5188003967
:1090F00018BF01215975114603F020FE2A68D36973
:10910000002BE7D0507D9847204670BD044C114697
:1091100023892246BDE8704003F02ABE8C6B0020F4
:109120001460002070B5044602F0F4FE08B9002077
:1091300070BD02F0F7FE05460028F8D1E378002B59
:10914000F5D004F11006304602F0F0FC3F28EED9CD
:10915000E178284603F032FD0028E8D0304602F0DE
:10916000E5FC3F2808D9E178284604F5367240230B
:10917000BDE8704003F042BDE178284603F02EFDC3
:10918000D5E700BF10B5044602F0C4FE08B90020C0
:1091900010BD02F0C7FE0028F9D104484FF4567301
:1091A00003FB0400007900F0010010BD946B002067
:1091B000054B4FF4567202FB0033986808609A8999
:1091C0009B7B8B718A807047946B002008B5044BA1
:1091D0004FF4567202FB0030103002F08DFC08BDD7
:1091E000946B00202DE9F8434FF4567404FB00F40F
:1091F000204F4FF6FE704FF6FF7304F110058242C8
:1092000088BF1A463D4492B2284602F0A1FC0646A9
:1092100002F080FE10B93046BDE8F88302F082FE0D
:1092200081460028F7D107EB040898F80330002B9B
:10923000F1D0284602F07AFC3F28ECD998F80310C8
:10924000484603F0BBFC0028E5D0284602F06EFC3F
:109250003F2809D904F5367298F803103A44484675
:10926000402303F0CBFCD6E798F80310484603F000
:10927000B5FCD0E7946B0020034B4FF4567202FB11
:109280000030103002F0D2BC946B00202DE9F04188
:10929000044602F03FFE10B90020BDE8F08102F064
:1092A00041FE06460028F7D14FF45671DFF8608082
:1092B00001FB04F404F124054544284602F01CFC9B
:1092C0000028E9D008EB04073046B97803F076FCB3
:1092D0000028E1D004F54674444428462146402243
:1092E00002F036FC054660B1B978224630462B467E
:1092F00003F084FC40B9054B1B68DB07CCD500BEEE
:10930000CBE7B97803F06AFC2846C6E7F0ED00E049
:10931000946B002038B5104B4FF4567404FB0034A6
:1093200005464FF6FF734FF6FE70824288BF1A461D
:10933000243492B2204602F0B3FC034620461C4679
:1093400002F0DAFB3F2801D8204638BD2846FFF757
:109350009DFF204638BD00BF946B002008B5044B2C
:109360004FF4567202FB0030243002F0DFFB08BDE0
:10937000946B0020F0B5214C214F83B04FF456720E
:109380000021204608F038FAFF2300264FF4E1328E
:1093900008256371012304F13801A260A5734FF41D
:1093A00080721D46009604F11000A6813E7002F006
:1093B0006BFB2B4604F59C7100954FF4807204F111
:1093C000240002F061FB04F50E71284605F014FB41
:1093D000034604F5227128461D4605F00DFB05B134
:1093E00030B9084B1B68DB0700D500BE03B0F0BDE9
:1093F000C4E90765C4E90C0603B0F0BD946B002016
:10940000906B0020F0ED00E038B5094C206A256B28
:1094100020B105F089FE0023C4E907332DB12846A9
:1094200005F082FE0023C4E90C33012038BD00BFE3
:10943000946B002010B50F4C0F4823780022026077
:109440000271DA0707D59B070BD5BDE810400B4822
:10945000012102F0E7BC103002F0C4FC23789B0726
:10946000F3D4064802F0BEFCBDE8104003480121D9
:1094700002F0D8BC906B0020946B0020B86B0020E9
:10948000F0B54B79022B83B002D18B79022B03D03C
:109490000025284603B0F0BD264FBB782BB1264BE4
:1094A0001B68DB07F4D500BEF2E78B783B700C78C5
:1094B0000C440646617824294FF009050BD1082A8F
:1094C00002D80FE0AA420DD323781C442B446178C4
:1094D00024299DB2F6D005290AD0042902D1637946
:1094E0000A2B13D01348FFF71DFE284603B0F0BD2A
:1094F0002146304603F03EFB0028D0D0A3787B7095
:1095000023781C442B4461789DB2E6E70B4A277808
:1095100001920223013200923046E1191A4603F00B
:1095200099FA0028BBD005F10E0317FA83F39DB218
:10953000D8E700BF946B0020F0ED00E0966B0020B0
:1095400038B5137803F06003202B0CD1274C938897
:1095500025789D4207D15378203B032B03D8DFE8C1
:1095600003F00A172004002038BD012930D0032958
:1095700033D0012038BD01290CD00329F9D11C4B6F
:10958000002BF6D01B490020AFF30080012038BD2E
:109590000129EED111460723164A03F0E9FB012009
:1095A00038BD012914D00329E3D15588257105F070
:1095B0000104114884F0010102F034FC0F4B002B30
:1095C000D7D0C5F3400221460020FFF71BFAD0E7B1
:1095D000114603F0B3FB012038BD094B002BC8D066
:1095E00051880020AFF30080012038BD946B00202B
:1095F000000000009C6B0020B86B0020058A020070
:10960000000000002DE9F0474A4DEA788A420C46F6
:1096100007461E4654D19AB205F5367105F1100081
:1096200002F03EFB444BD3B16B79FF2B17D0B6B1A0
:1096300005F2D72808EB060AA8F2C72902E0D045B0
:109640000DD06B7918F8012F9A42F8D1484602F0F4
:1096500063FA0028F3D16979AFF30080EFE7374B65
:1096600023B1374802F058FA00285BD03148FFF7A1
:1096700059FDAB78A34203D001242046BDE8F08712
:10968000304B13B10020AFF3008002F043FC20BB4D
:109690002D4802F031FA0028EED1002EECD016F061
:1096A0003F06E9D1A978384603F088FA0446002835
:1096B000E2D0A97838463346324603F09FFADCE719
:1096C000AB788B42DCD0214B1C6814F00104D4D061
:1096D00000BE00242046BDE8F08702F023FC0446CB
:1096E0000028D5D1184802F007FA0028D0D0A97870
:1096F000204603F063FA0028CAD015494022A1F59C
:109700003D7002F025FA034678B1114AA978204647
:1097100003F074FA0028AFD10C4B1B68DB07B7D5F8
:1097200000BEB5E7AFF30080A0E7A97803F056FAD2
:10973000AEE700BF946B00200000000000000000B6
:10974000A46B002000000000B86B0020F0ED00E0EA
:10975000AC6E0020704700BF01207047704700BF0B
:10976000704700BF02484FF4CC72002108F044B8A3
:10977000EC6E00200120704702484FF4CC720021AB
:1097800008F03AB8EC6E00202DE9F0474B79032B36
:1097900082B014D10B79C3EBC3051235ADB295423B
:1097A0000C4607D8304F7A7806466AB197F8CD2034
:1097B000002A50D02D4B1B68DA0700D500BE0025CB
:1097C000284602B0BDE8F087904692464FF0010E61
:1097D0004FF0020C2278A11848782128EAD14FF0E6
:1097E000CC0909FB0A7907EB0E00C9F8081014F838
:1097F00002E0019007EB0C02009271441A463046D9
:10980000032303F027F90028D4D0A379012B04BF48
:10981000E37989F80330CC2303FB0AFA07EB0A0348
:1098200001229A71A27807F80A209A689978B2F80A
:1098300007209A800029C3D008F18C023A443046B0
:10984000402303F0DBF90028BAD1084B1B68DB0783
:10985000B6D500BEB4E74FF0CD0E4FF0CE0C4FF0B2
:10986000CC084FF0010AB5E7EC6E0020F0ED00E007
:10987000137803F01F0CBCF1010F14D12DE9F04156
:109880000C468249978815460A78FFB2BA4282B0E0
:1098900006460AD091F8CC20BA4200F0CB800020D6
:1098A00002B0BDE8F081002070470027BC460622C8
:1098B0000C204FF0070E13F0600306D1012C00F0CE
:1098C0009F80012002B0BDE8F081202BE7D16B78AA
:1098D000013B0A2BE3D80FF2080858F823F000BF29
:1098E000B3990200A9990200959902009F9802007D
:1098F0009F9802009F9802009F9802009F98020084
:10990000559902002D9902000D990200012C1BD0DF
:10991000032CD6D16B88CC2202FB0717DBB2604642
:109920001946BB71FFF716FF0120B9E7012CC8D11A
:109930006B88CC2202FB07171B0A60461946FB7195
:10994000FFF70AFF0028AAD02946304603F0F6F9AF
:109950000120A5E7012C00F08280032CB1D16C8896
:10996000ED88402D01EB0003284628BF402014F06D
:10997000FF014FEA142207D0012D05D91C788C4233
:1099800002D1013880B2013300906046FFF72CFA13
:10999000012085E7012C94D10A442946304623460C
:1099A00003F0E6F920467BE7012C8AD101EB0E0299
:1099B000F3E7012C85D1B5F806E06B880F187046E7
:1099C000402828BF402013F0FF014FEA13223B46F6
:1099D00057D0BEF1010F56D9013803F8011B80B2F0
:1099E00000906046FFF7EAF923189BB2002B41D1A3
:1099F000274A1268D2077FF552AF00BE18464FE7DC
:109A00006B78062B7FF44BAF6B881B0A212B17D08A
:109A1000222B7FF444AF6046FFF7C8F91B49CC23E3
:109A200003FB07170246BB882946304603F0A0F91E
:109A3000204635E7D222D8204FF0D30E67463AE7CA
:109A4000CC2303FB07139A68002A3FF428AF13784E
:109A50002946304602B0BDE8F04103F089B9EB88F1
:109A6000402B3FF61CAF0A182946304603F080F918
:109A7000204615E73A462946304603F079F9012099
:109A80000EE70C46ACE70024AAE700BFEC6E00200E
:109A9000F0ED00E070B52C4EB4788C4282B00546F3
:109AA00013D0707888422CD096F8CE00884243D0EC
:109AB00096F8CD00884244D0244B1B68DA0702D4C4
:109AC000002002B070BD00BEFAE7747800208C421E
:109AD00018D002BB9BB206F18C04009311462346BA
:109AE0000222FFF781F9B17822462846402303F08D
:109AF00085F80028E5D1154B1B68DB07E0D500BED3
:109B0000DFE700207AB99AB206F14C01FFF726FE92
:109B1000012002B070BD06F18C049BB222460221E6
:109B2000FFF71EFEDFE79BB206F14C020121FFF7B3
:109B300017FE012002B070BD96F8CD400120CC3652
:109B4000C5E7CC360120DDE7EC6E0020F0ED00E04B
:109B500070B500F124050446284601F0CDFF08B990
:109B6000002070BD6178002003F028F80028F7D0AD
:109B700004F5067628463146402201F0E9FF054605
:109B800060B1034661783246002003F037F840B9EF
:109B9000054B1B68DB07E3D500BE70BD617803F0A1
:109BA0001DF8284670BD00BFF0ED00E070B51A4CFE
:109BB00082B000210D464FF41672204607F01CFEBD
:109BC00004F138010123802204F11000009501F016
:109BD0005BFF04F1B80101238022009504F1240009
:109BE00001F052FF04F59C71012004F005FF04F51B
:109BF000C4710646012004F0FFFE30B9074B1B6814
:109C0000DB0700D500BE02B070BDC4E90756C4E949
:109C10000C0502B070BD00BF5C830020F0ED00E0D9
:109C200038B5094C206A256B20B105F07DFA002378
:109C3000C4E907332DB1284605F076FA0023C4E9BC
:109C40000C33012038BD00BF5C83002010B5084CE8
:109C5000002304F11000C4E90033C4E9023302F028
:109C6000C1F804F12400BDE8104002F0BBB800BF09
:109C70005C8300202DE9F0434B79012B83B002D1A6
:109C80008B79012B04D00025284603B0BDE8F08372
:109C9000CB79002BF7D10B78CC1806466578242DAC
:109CA00099B20BD1914202D9EDE78A42EBD32378E6
:109CB0001C440B446578242D99B2F6D0042DE2D1D2
:109CC0006379012BDFD1A379032BDCD1E579002D5A
:109CD000D9D1DFF8CC8098F8010098F8023050EA2A
:109CE000030905D02B4B1B68DB07CCD500BECBE7A7
:109CF000A37888F8003027782079CB199DB22744C3
:109D000030B922E03B7881451D44ADB21F441CD2DE
:109D1000AA421AD37B78052BF4D1394630460192FA
:109D200002F028FF019A68B3BB782079D90914BFE3
:109D300088F8013088F80230397809F101030D44C0
:109D40005FFA83F9ADB20F44DCE7134801F0EEFE91
:109D50003F2899D998F80210002002F02FFF002820
:109D600092D00D4801F0E2FE3F2898F8021005D984
:109D70000A4A4023002002F041FF85E7002002F05C
:109D80002DFF81E7034B1B68DA077FF57CAF00BE30
:109D9000054679E7F0ED00E06C8300203485002073
:109DA0005C83002000207047F8B52D4DAA788A42C8
:109DB0001E4619D19AB205F5EC7105F1100001F0BB
:109DC0006FFF284B13B10020AFF30080264801F04D
:109DD000ADFE3F2805D9A978002002F0EFFE044629
:109DE00068BB01242046F8BD6B788B4208D01F4B1E
:109DF0001C6814F00104F5D000BE00242046F8BD14
:109E000007462846FFF7A4FE0028EAD105F1240002
:109E100001F072FE0028E4D1002EE2D016F03F06D9
:109E2000DFD16978384602F0C9FE04460028D8D050
:109E3000697838463346324602F0E0FED2E70A48F7
:109E400001F074FE3F28A97805D9094A4023002073
:109E500002F0D4FEC6E7002002F0C0FEC2E700BF59
:109E60005C830020000000006C830020F0ED00E027
:109E70003485002070B5324CE28AA36852BA92B29F
:109E800086B0054612B1B3FBF2F292B2A06BD4F8E1
:109E90001110B0FBF2F61B1AB3F5007F28BF4FF488
:109EA000007309BA009302FB16023144254B607B14
:109EB000FFF75CF8011E1EDB0AD08BB2214A94F832
:109EC0002E10284602F09AFE002833D006B070BD4E
:109ED00094F82E300391072203A8CDE904118DF8E0
:109EE0000C508DF80D208DF810308DF8111002F007
:109EF00095FC06B070BDA268A36B43F6022000215A
:109F0000D31AA08784F83E1001200221A36284F8AE
:109F10002C0084F83010002AD8D0002BD6D0237B18
:109F2000DB0914BF94F82E1094F82F10284602F085
:109F3000A5FECBE7044B1B68DB07C7D500BEC5E712
:109F40008472002084700020F0ED00E038B5214BD1
:109F5000214C05461BB1607BFFF740F8B0B1A06B08
:109F6000A36894F82F101D4A1B1AB3F5007F28BF71
:109F70004FF4007328469BB202F040FE00B138BD9A
:109F8000174B1B68DB07FAD500BE38BDA26BA16872
:109F900084F83E008B1A42F207720120A287022247
:109FA000A36284F82C0084F830200029E7D0002B2D
:109FB000E5D0237BDB0906D094F82E102846BDE8B7
:109FC000384002F05BBE94F82F102846BDE83840B8
:109FD00002F054BEDD8F02008472002084700020E5
:109FE000F0ED00E0044880F83C1080F83D2080F857
:109FF0003E300120704700BF84720020024840229A
:10A00000002107F0F9BB00BF847200200248402203
:10A01000002107F0F1BB00BF847200204B79082BB0
:10A0200001D0002070478B79062BFAD1CB79502BC9
:10A03000F7D1162A06D81C4B1B68D907F1D500BEEC
:10A040000020704770B5194D8B7885F82D300B784E
:10A0500082B005F12F0205F12E0619440223CDE945
:10A0600000261A46044602F0F5FC30B90E4A126882
:10A07000D2070FD500BE02B070BD204695F82F1054
:10A0800000241F232A4685F8304002F0B7FD20B196
:10A090001720F0E7002002B070BD034B1B68DB0700
:10A0A000F6D500BE1720E6E7F0ED00E08472002050
:10A0B000012901D00120704770B5137803F07F04A7
:10A0C000022C84B0054611D003F06003202B0AD186
:10A0D0005378FE2B28D0FF2B05D153881BB9D68887
:10A0E000B3B2002B3CD0002004B070BD5478012CDA
:10A0F000EAD15388002BF6D1374E938896F830205A
:10A10000042ADBB250D096F82E10994236D096F839
:10A110002F409C4205D122B9214602F0A1FD002822
:10A1200047D0012004B070BD5388002BDBD1D38809
:10A13000012BD8D129488DF80F3030B10192FEF7AC
:10A1400067FE019A01460028CDD04C1E28461146D4
:10A1500001230DF10F028DF80F4002F009FEE0E738
:10A160001D4C11462846A687C4E90D3384F83030CB
:10A1700084F83E3002F0E2FD0120B5E7022AD0D19A
:10A18000B26BB3689B1A0324B36206F120020D235D
:10A1900086F8304002F032FD0028C2D1104B1B6817
:10A1A000DB07A0D500BE9FE7194602F067FD2046F9
:10A1B0009AE72146284602F07FFD0028B1D100230E
:10A1C00086F8303096F82F10034A28461F2302F0F5
:10A1D00015FD0028A5D1E1E784720020118E020050
:10A1E000F0ED00E02DE9F041AC4C94F83050012D39
:10A1F0008EB01E46074670D0032D47D035B1022DD4
:10A2000000F08A8001200EB0BDE8F08194F82F3074
:10A210008B42F7D11F2E40F09E80A14B22689A42BC
:10A2200040F09980E27B9F4863682062636201206E
:10A23000A368A562282A84F82C50A56384F830000E
:10A24000636300F0E3802A2A00F0DE82002B00F036
:10A250003381207BC00940F02F81B3F5007F40F2AD
:10A26000278394F83C20A3620120022384F82C0069
:10A2700084F8303022B942F2050384F83E20A387E7
:10A28000384602F0FBFC94F83050B8E794F82E30D2
:10A290008B42B7D10D2EB5D1E37B282B00F09A82EB
:10A2A0002A2B00F08F82804B23B1607B04F10F01D9
:10A2B000AFF30080002084F83000784A94F82F1023
:10A2C0001F23384602F09AFC0028DCD1774B1B682C
:10A2D000DA0700F19980002095E7E37B282B12D064
:10A2E0002A2B59D0A36B227B3344D209A36347D0D6
:10A2F000626B9A420DD96D4B1B68DB07C3D500BE5C
:10A3000094F830507BE7D4E90D2333449342A363A0
:10A3100075D3022384F8303094F82E10384602F0BA
:10A32000CBFC00287FF46EAFA368A26B934202D9E6
:10A33000217BC9091ED19B1A0325A36294F82E1014
:10A340005B4A84F8305038460D2302F057FC002851
:10A350007FF458AFBAE7042394F82E1084F8303015
:10A36000384602F08BFC384694F82F1002F086FC39
:10A37000002048E794F82E10384602F07FFC41E7B1
:10A38000A38E4C4A607B04F10F01FEF7D1FD00283B
:10A39000C0F2F681A36BABE7E08A40BA80B218B195
:10A3A000A368B3FBF0F080B2D4F81110A26B414D5A
:10A3B000B2FBF0F309BA00FB13221944607B00964C
:10A3C0002B46FEF7E9FD0028C0F23A8286425CD9AE
:10A3D000361A002840F06282002194F82F2005915F
:10A3E000072305A8CDE906168DF814708DF819100D
:10A3F0008DF818208DF8153002F010FA43E7FFF7BA
:10A4000039FD94F83050FAE600BEFCE6E08A40BA26
:10A4100080B2A3B900283FF47CAF94F83C3002220C
:10A42000002184F82C2084F83020A162002B7FF4D6
:10A4300073AF42F2050284F83E30A2876CE7257BB9
:10A44000ED090BD0002800F014828342C0F0538243
:10A45000282A3846D3D0FFF779FD14E794F83C203A
:10A46000A362022384F82C3084F83030002A7FF471
:10A4700007AF42F205020023A28784F83E30257B15
:10A48000ED09002D3FF4FCAED2E1D4E90D233344B5
:10A490009342A363BFF43DAF3846DCE784720020EB
:10A4A000555342435553425300000000F0ED00E085
:10A4B000A472002084700020657B252A27D8DFE85D
:10A4C00012F0020126002600C40026002600260005
:10A4D000260026002600260026002600260026004C
:10A4E0002600260026003F01260026002600260022
:10A4F00026002600260081002E01260026009B0053
:10A50000260026002600260008012600540094F8A4
:10A510003C20002A40F08380B24AB3499BB22846CF
:10A52000FEF706FD00287ADB002833D1A368002B54
:10A530003FF4EFAEA16B94F83C205B1A012002219E
:10A54000A36284F82C0084F8301022B942F205018D
:10A5500084F83E20A187002B3FF4DEAE237BDB098D
:10A5600040F0668194F82F108AE6284604AA05A9CF
:10A57000FEF7CCFC059B002B00F0B281BDF810204B
:10A58000002A00F0AD819749013B1BBA12BAC1E91C
:10A5900000320820A368002B40F09381A36B94F84D
:10A5A0003C205B4201200221A36284F82C0084F845
:10A5B0003010002A7FF4B0AE42F2050384F83E204A
:10A5C000A387A9E6059B894A03F4000343F003032C
:10A5D0000593002A00F09D812846FEF7FFFC9DF8B8
:10A5E0001630804A80F0010060F3C7138DF81630F2
:10A5F000059B13600420CDE77D4B002B96D0227D78
:10A60000E17C2846AFF3008000288FD194F83C30DD
:10A610002BB943F602220023A28784F83E30A268B9
:10A62000A36B94F83C100120D31A84F82C0002206C
:10A63000A36284F8300021B942F2050084F83E108C
:10A64000A087002A3FF468AE85E794F83C2094F890
:10A650003D0094F83E10DFF88CC1DFF8A8E14FF020
:10A6600000084FF00003CDE90588CDE9078862F3C3
:10A6700003038DF81630F0220A23ADF824808DF8FC
:10A6800020008DF821108DF814208DF81B3005AEB8
:10A690000FCEACE80F003368ACF80030BEF1000F0D
:10A6A00000F03181ACF1100128464FF40072AFF395
:10A6B00000800028A4F83C8084F83E80BFF634AFC8
:10A6C000657B636B28E72846FEF7FCFB00289DD0DE
:10A6D0002CE705AE00230DF10E02284604A9736095
:10A6E0000593B360FEF712FC049A002A00F0F8808C
:10A6F000BDF80E30002B00F0F38012BA5BBA0820D0
:10A700000221ADF81E3006928DF817008DF81C104E
:10A7100096E80700334B83E807000C203AE7354BF7
:10A72000002B3FF403AFE17C2846C1F3400301F066
:10A7300001020909FEF706FC00287FF4F7AE65E781
:10A740004FF02033284600221F250692CDE90A3318
:10A75000294E089307A909AA079309930D930C930F
:10A760008DF818500DAB05AD0596FEF759FB0FCDD2
:10A770001C4E0FC60FCD0FC62B683360242009E78F
:10A78000A268A36B94F83C0084F82C50D11A0225DF
:10A79000A16284F8305020B942F2050584F83E00E9
:10A7A000A587002A3FF4A4AD00293FF4A1AD237B87
:10A7B000DB0900F0A28094F82E10384602F05EFA11
:10A7C000A36B95E50D4B002B3FF474AD607BFEF75A
:10A7D000F9FB6FE50A4B002B3FF46CAD607BAFF3E8
:10A7E000008067E58470002093720020DD8F0200F6
:10A7F00000000000458F020000800202C58F0200A9
:10A800000000000000000000E08A40BA80B2002B87
:10A810003FF400AE257BED093FF414AE94F83C20E4
:10A82000A362022384F82C3084F83030002A72D0DE
:10A8300094F82E10384602F021FA94F83050DEE4F5
:10A84000A36BA2683344D11A43F60220A36300230A
:10A85000A08784F83E3001200223A16284F82C00F6
:10A8600084F83030002A3FF457AD00293FF454AD4E
:10A8700074E6012094F83C2084F82C000220A362A6
:10A8800084F83000002A7FF4FCAD42F2050084F821
:10A890003E20A087002B3FF43FADF0E5A36B2918C5
:10A8A00013FA80F332462846A36306F08BFF93E544
:10A8B0001C4A9BB2384602F0A1F900287FF4E3ACB1
:10A8C00004E5984228BF184683B26063154A94F89D
:10A8D0002E10384602F092F900287FF4D4ACF5E44B
:10A8E00094F83C30002B7FF49AAE43F6022284F8B1
:10A8F0003E30A28793E60220BCE794F82F1038463A
:10A9000002F0BCF946E5A4F83CE084F83EE01220F1
:10A9100040E6012063E642F2050384F83E20A38767
:10A92000ADE500BF847000202DE9F041044601F040
:10A93000F1FA10B90020BDE8F08101F0F3FA064603
:10A940000028F7D14FF4E671DFF8608001FB04F4D2
:10A9500004F118054544284601F0CEF80028E9D056
:10A9600008EB04073046797802F028F90028E1D096
:10A9700004F5C674444428462146402201F0E8F814
:10A98000054660B17978224630462B4602F036F90A
:10A9900040B9054B1B68DB07CCD500BECBE7797807
:10A9A00002F01CF92846C6E7F0ED00E0C472002072
:10A9B00070B51A4C82B000210E464FF4E672204664
:10A9C00006F01AFF04F12C0101234022201D0096FD
:10A9D00001F05AF804F16C0101234022009604F1C1
:10A9E000180001F051F804F1AC01012004F004F862
:10A9F00004F1FC010546012003F0FEFF05B130B96A
:10AA0000074B1B68DB0700D500BE02B070BDC4E970
:10AA10000465C4E9090602B070BD00BFC47200201D
:10AA2000F0ED00E038B5094C6069656A20B104F0CA
:10AA30007BFB0023C4E904332DB1284604F074FBEA
:10AA40000023C4E90933012038BD00BFC4720020CF
:10AA500010B5064C2046002340F8043B01F0C2F933
:10AA600004F11800BDE8104001F0BCB9C472002028
:10AA70004B79FF2B01D0002070472DE9F0412D4C80
:10AA80006678A378334382B003D0002002B0BDE8DB
:10AA9000F0810D780E798B7823700F460D4416B334
:10AAA0006B78052B0AD0AB189D4202D306E0AB426F
:10AAB00004D929780D4469780529F8D1DFF87C801C
:10AAC000CDF8048008F101030093324602232946A1
:10AAD00001F0C0FF60B13B79A178C3EBC3031D4413
:10AAE00081B9637853B9E81B80B202B0BDE8F08148
:10AAF000114A1268D207C8D500BEC7E70020FFF789
:10AB000013FFF0E7002002F059F80028E9D008F11F
:10AB1000030001F00BF83F2807D9A17808F24B1287
:10AB20004023002002F06AF8DBE7A178002002F061
:10AB300055F8D6E7C4720020F0ED00E0C5720020A1
:10AB4000F8B53B4FBC788C421D4624D07B788B42B5
:10AB50001ED1384B06461BB1A9B20020AFF30080CE
:10AB600001F0D8F9B0BB344800F0C6FF20BB1DB3DC
:10AB700015F03F0520D17978304602F01FF80446E1
:10AB8000D0B1797830462B462A4602F037F800E0FB
:10AB900000242046F8BD9AB207F5A671381D01F0D1
:10ABA0007FF8264B13B10020AFF30080B978002066
:10ABB00002F004F8044608B90124EAE7204800F04E
:10ABC000B5FF3F28B9782AD91E4A4023002002F059
:10ABD00015F8DEE701F0A6F904460028C3D11648AF
:10ABE00000F08AFF0028BED07978204601F0E6FF09
:10ABF0000028B8D014494022A1F5BA7000F0A8FF8F
:10AC0000034680B1104A7978204601F0F7FF00280A
:10AC1000D2D10E4B1B68DB07A5D500BEA3E70020F1
:10AC200001F0DCFFB5E7797801F0D8FF9BE700BFC2
:10AC3000C472002000000000DC7200200000000050
:10AC4000C87200201074002050740020F0ED00E065
:10AC5000F8B50F688D883D44AF420E46B9780BD2E7
:10AC60000B468B423C4603D10DE06378042B05D0A4
:10AC700023781C44A542F8D80020F8BDAC42FBD292
:10AC8000A3788B42F4D1E3789A42F1D1A542F3D96B
:10AC9000237D012B1FD8237923B3012BECD12378FB
:10ACA000E289617A1A44194422442144914204D32E
:10ACB000E2E70B7819448A42DED94B78052BF8D1AC
:10ACC0008A42D9D901F056FF60B9084B1B68DB07EF
:10ACD000D2D500BEF8BD054B1B68DA07CCD500BE47
:10ACE0000020CAE7E41BF4800120F8BDF0ED00E08D
:10ACF000F0B4C4880378002C44D003EB830203EB48
:10AD0000420366488A78C05803191D7BAA4239D885
:10AD100022B9012D00F2A78001228A7001258D60E1
:10AD2000C1F80E504D7700266FF03F0581F8226084
:10AD30008D766FF003066FF06405CE760D77584E72
:10AD4000C1F81E60082581F82350005DB3F80D504E
:10AD500005441D440344AB4214D2524F9C78112C3D
:10AD60000CD827FA04F0C04310F0010006D1DE78B9
:10AD7000B24203D112E0587824280CD0187803444A
:10AD80009D42F8D8484B1B68DA0702D40020F0BC7B
:10AD9000704700BEFAE79D42E0D8F3E79D42F1D04C
:10ADA000042C66D0062CF2D191F803C01A79944590
:10ADB0001BD8BCF1000F05D1012A54D84FF0010C6B
:10ADC00081F803C01A781A44AA420ED2967806F087
:10ADD000FD07052F0FD0112E03D10CE05678242E3D
:10ADE00044D0167832449542F8D82F4B1B68DB07C5
:10ADF000CCD500BECBE7D678B445F2D19542F4D09D
:10AE0000D1F812506DB9042C3CD0062C07D1B2F801
:10AE10000530B2F8075005FB03F52D01ED08C1F828
:10AE200012504C6854B9537E012B1CD8D2F81A40EA
:10AE30001BB9D2F81E30A34215D14C6042F20F73F9
:10AE40009C42D2D9194A6B1EA2FB042403EB543353
:10AE5000640BB3FBF4F30233B3F5807F28BF4FF4E8
:10AE60008073C1F816300120F0BC70479542ADD810
:10AE7000BBE7012291F803C00A731A79487394451D
:10AE800097D9B2E7B2F80560B2F807405D7D04FBE0
:10AE900006F305FB03F5ED08C1E700BF9074002041
:10AEA0000301010150100200F0ED00E05917B7D185
:10AEB0002DE9F04F0B78624C03EB8305894603EBD9
:10AEC00045030989E75883B01646804681B1394465
:10AED000CB7803F00303012B00F09C80B9F80A3013
:10AEE00033B13B44DA7802F00302012A00F0998082
:10AEF0000023B9F80240B9F80450C9F81430C9E980
:10AF000003333C443D44A278AC4238BF134609D2D7
:10AF10009A4203D10FE06378042B07D023781C44B6
:10AF2000A542F8D8002003B0BDE8F08FA542F9D9BA
:10AF3000A3789A42F2D1E3789E42EFD1A542F1D9AB
:10AF400023790193022B0FD8E31BA9F806308EB9A1
:10AF500099F81D30012B4BD123781C44019B6BB910
:10AF6000012003B0BDE8F08F364B1B68DA07D9D556
:10AF700000BED7E723781C44019B6BB309F1080A94
:10AF80004FF0000BA54206D8EEE7042BECD0237857
:10AF90001C44A542E8D96378052BF6D1A542E3D934
:10AFA000E37803F003030EB1012B19D0022BB9D1C2
:10AFB0002146404601F0DEFD00283AD0E31B2AF886
:10AFC000023B019A21780BF101039A420C444FF0A5
:10AFD000010BD7D8002EC3D0022389F81D30BFE75C
:10AFE000A188D9F81830C1F30A019942E0D299E753
:10AFF00009F11E03314689F81D60C9F8186018462A
:10B00000302206F0F9FB01464846FFF771FE0028A2
:10B01000A2D187E70023A9F80830897801F05AFE09
:10B020005CE70022A9F80A209978404601F052FE18
:10B030005EE7044B1B68DB077FF574AF00BE72E769
:10B0400090740020F0ED00E0044B05480021C3E9B6
:10B0500000115022C3F8071006F0CEBB90740020F8
:10B060009C74002001207047044B05480021C3E96F
:10B0700000115022C3F8071006F0BEBB90740020E8
:10B080009C7400202DE9F84F4B790E2B03D18B795E
:10B09000012B0E4603D000273846BDE8F88FCB7948
:10B0A000012BF8D1DFF834911446D9F800202AB1E9
:10B0B000484B1B68DB07EED500BEECE749468046EF
:10B0C000C9F80060A9F80440FFF7C2FD0028E2D0EB
:10B0D000B9F80620D9F80030B17813443444A642B8
:10B0E00093F814A0334605D308E05A78042A3DD0DB
:10B0F0000B2A3BD01A7813449C42F6D8BAF1000FC1
:10B1000065D03549DFF8D8E048884FF0000C62463A
:10B11000E3460028CCD19D1B0EF8010B0870A8B2A5
:10B1200048809C429F784A7005D84DE05A78042A9E
:10B1300016D00B2A14D01A7813449C42F6D89A1BC6
:10B1400097B28F8081F81DB0BCF1000F14D00CF1C4
:10B15000010C5FFA8CF29245DBD8A9F804709BE7EA
:10B160009C42ECD99A78BA42E5D0E8E79C42C5D92E
:10B170009A788A42BED0C1E7BAF1010FE7D116FA38
:10B1800085F516FA82F29542A9780AD20B469942C1
:10B1900003D113E06B78042B0BD02B781D44AA420B
:10B1A000F8D80D4940460022FFF782FE0028D4D18E
:10B1B00071E7AA42F5D9AB789942EED1EB78012B31
:10B1C000EBD1AA42C9D1ECE707462A46B9E79B1B57
:10B1D0009FB2C2E7F0ED00E09C7400209074002064
:10B1E000987400202DE9F0471678174606F01F02E4
:10B1F000012A8CB019D1DFF80093BB88D9F8005030
:10B2000080465FFA83FC15B1AA78624512D0B84E29
:10B2100074885CB1357805EB850205EB420559F879
:10B2200005502C44A278624511D0002420460CB071
:10B23000BDE8F087C6F3411A16F0600F54464ED0B1
:10B24000012C27D0072389F809300024EEE73A784B
:10B25000C2F3411912F0600F484600F0B580012892
:10B2600015D11B0A13D17A88100A022800F04A81EE
:10B27000062800F0FA80012800F00C819D4B1B6825
:10B28000DB0704D500BE072333770024CEE707236E
:10B290003377CAE7180A65D0B9F80630EC18EA5CCB
:10B2A000E3891A442244944214D2A1780239052930
:10B2B00002D8E17881420DD021780C44A24204D812
:10B2C00008E023781C44A24204D96378242BF8D1E7
:10B2D000A242EAD8002389F809300124A6E77B7846
:10B2E0000A2B5AD00B2B33D10129F3D1FB88002B29
:10B2F0004ED1B9F80630EA181179C1B1E85CD189AC
:10B30000537A0144034413440A44934205D3C4E1ED
:10B3100019780B449A4240F2C08159780529F7D137
:10B320009A4240F2BA819978404601F0D3FC002558
:10B33000A9F806507A8870494046FFF789FC044610
:10B3400030B33946404601F0F9FC89F809506DE701
:10B35000684B1B6813F0010364D107221C4689F86F
:10B36000092063E77B881A0A012A60D0022A4FD19C
:10B370007B78812B00F04381862B49D10129A9D10B
:10B380000B465E4A3946404601F0F2FC0028A1D146
:10B39000FF2389F80930002448E701299AD1FB8866
:10B3A000012BF5D1B9F8062005EB020E39469EF8BF
:10B3B00003208DF800206A4601F0DAFC04460028DC
:10B3C000E6D089F809A031E77B780A2B0AD00B2B4D
:10B3D0000FD0484B1B68DF077FF559AF00BE07232E
:10B3E000337722E7012900F0F3800023337701242B
:10B3F0001CE70129F9D17A8831464046FFF758FD0C
:10B40000002800F0F9803946404601F097FCECE74F
:10B41000384B1C6814F0010440F0D480072389F8ED
:10B42000093003E700BE072389F80930FEE67B7880
:10B43000812B00F00F81862B00F0FC80012BE7D1DF
:10B44000012900F00A8102297FF444AF2C4B002B24
:10B450003FF440AF99F80A100020AFF30080B0FA33
:10B4600080F489F809006409E0E67B78812B00F01C
:10B47000D380862B7FF402AF0129B6D11F4A39460B
:10B480004046012301F074FC0028AED1FF2333773E
:10B490000024CBE6727F02B1737797F801C0BCF14C
:10B4A000010F00F0E8800CF17F03DBB2062B3FF6C2
:10B4B000E5AEACF18104062C3FF6E0AEDFE804F027
:10B4C0002C3C3C3C04663C0001298ED1FB88022BBD
:10B4D000DCD13024394640466A46ADF8004001F0E0
:10B4E00047FC04460028D1D0002333779EE600BFF6
:10B4F0009C740020F0ED00E0907400205D3E03009D
:10B50000000000007B78852BDED050D8012B00F0A6
:10B51000CB80812B7FF4B2AE01297FF466AFFB882C
:10B52000002BB3D0B44A39464046302301F020FC0A
:10B5300000287FF45AAFA9E701297FF456AFFB88B2
:10B54000002BA3D0AC4CE94604F1300A20686168B6
:10B55000A268E368CE46AEE80F0010345445F146C9
:10B56000F4D19DF80210002940F0C380BCF1830F94
:10B5700000F0A481BCF1870F00F08581BCF1820F3F
:10B5800000F081810823337700244FE601297FF4FE
:10B590002CAFFB88012B7FF479AF0B46974A3946D5
:10B5A000404601F0E5FB00287FF41FAF6EE7862BD5
:10B5B0007FF464AE01297FF418AFFB88012B7FF480
:10B5C00065AFEBE700BE072389F8093000242DE6BC
:10B5D000FB88012B10D1F38873B11D444046EA78F3
:10B5E0008DF800200B466A46394601F0C1FB04463F
:10B5F00010B186F81C9019E6FF23337715E6012970
:10B600007FF468AE7E4A39464046012301F0B0FB24
:10B6100000287FF45FAEBBE601297FF4E6AE0B465F
:10B620004046394606F11C0201F0A2FB00287FF4D7
:10B63000DCAE2BE701297FF44DAEFB88012B7FF4B4
:10B64000A7AE6E4A3946404601F092FB00287FF4CF
:10B6500041AE9DE601297FF43DAEFB88012B7FF4CE
:10B6600097AE684A39464046012301F081FB002825
:10B670007FF430AE8CE601293FF454AF02297FF409
:10B68000B4AE5D49A1F11E00FFF732FB044600286D
:10B690007FF4ABAE08233377C8E55B4B1B68DB0751
:10B6A0007FF576AE00BE73E601293FF43BAF022979
:10B6B0007FF49BAE5049A1F11E00FFF719FB044631
:10B6C0000028E7D0514B726BB2613BB14A4A7178A6
:10B6D0003078AFF3008000287FF487AE002302218A
:10B6E0004FF48072C6E903337361A6F85010B28339
:10B6F0009CE59DF80300002840F08C80F288002A29
:10B700003ED0AB18AA5CB3F80D00414C104418446D
:10B710001344984211D99A78112A0AD824FA02F2CD
:10B72000D50706D5DA78914203D107E05A78242A62
:10B73000EFD01A7813449842F8D80346BCF1830F2F
:10B7400056D0BCF1870F4BD0BCF1820F7FF41AAFFB
:10B7500001218DF803101A781A4490420ED994787A
:10B7600004F0FD05052D12D0112C03D10FE0547803
:10B77000242CF2D0147822449042F8D8024609E0F2
:10B78000214B1B68DA077FF5FDAE00BEFAE6D478E0
:10B79000A142EFD19978042917D006297FF4F2AE9F
:10B7A000B2F80510B2F8073003FB01F31B01DB0808
:10B7B000CDF812306A4639464046302301F0D8FAB7
:10B7C000044600287FF490AE60E6B2F80510B2F8A7
:10B7D00007205B7D02FB01F203FB02F3DB08E7E7D6
:10B7E0009A78042A06D0062A7FF4CCAE9979B0E77D
:10B7F0001979AEE7997DACE7BA7400205E3E03008C
:10B80000997400209A740020F0ED00E00000000020
:10B8100050100200019B002BCCD1F288002AAFD03F
:10B82000AB1815F802E0B3F80D205A4D72449C187D
:10B8300073449C4211D99A78112A0AD825FA02F247
:10B84000D20706D5DA78914203D107E05A78242A44
:10B85000EFD01A7813449C42F8D82346197819443B
:10B860008C420ED98B7803F0FD02052A2ED0112BC5
:10B8700003D12BE04B78242BF2D00B7819448C4267
:10B88000F8D8214625E001238DF8023001234FF03E
:10B890000112029300230392ADF810304FF6C0421C
:10B8A00040F29B13ADF81A20ADF81C303A4ACDF89F
:10B8B0001E204FF40063ADF822307BE7F388002BA5
:10B8C000E4D02B441B7B8DF80230DFE7CB78984225
:10B8D000D3D1ACF18203052B3FF654AE01A252F84E
:10B8E00023F000BF6BB902004FB9020025B9020076
:10B8F00085B5020085B50200FDB80200D1F815201B
:10B9000042F21073B2FBF3F30192D2B1DDF81220D0
:10B910008BB9931CB3F5807F28BF4FF48073CDF8AB
:10B92000163047E74B7E63B9D1F8222042F21073FC
:10B93000B2FBF3F3E8E7013A1A44B2FBF3F3023344
:10B94000E8E70023ADF81630ADF8183032E74A7E4C
:10B95000CAB1053201EB8202D2F80220D1F81A30C6
:10B9600042F21071B3FBF1F3CEE74A7E72B10532B9
:10B9700001EB8202D2F80230D1F81A2042F21071A3
:10B98000B3FBF1F3C0E7D1F81E20E7E7D1F81E3092
:10B99000F2E700BF50100200030101012DE9F84F4A
:10B9A000344F3C895CB13B78334E03EB830203EBAD
:10B9B00042020D46B258224492788A4207D02F4B59
:10B9C0001B68DB0718D500BE0020BDE8F88FD7E95B
:10B9D000042494420CD32A490022C7E903227A6145
:10B9E00019B179781846AFF300800120BDE8F88FCF
:10B9F000834601F0E3F810B90020BDE8F88F97F80E
:10BA000050307A693969D7F81890A3EB0208884456
:10BA1000C1454C4628BF4446A34213D9174B1B6867
:10BA200013F0010301D000BE0023164A29465846F0
:10BA300001F0E4F80028D8D1104B1B68DA07DBD5F9
:10BA400000BED3E7F968A4EB030A50331144F81899
:10BA5000524605F0A9FE7B69C14553447B6107D37B
:10BA600097F8512042F00202A3B287F85120DCE798
:10BA7000A3B2DAE79C74002090740020F0ED00E09F
:10BA800000000000EC7400202DE9F041B2F5004FF9
:10BA90009DF818802CD80446C06816460F461D46EF
:10BAA00018B14FF0FF3103F0B7F9206918B14FF02A
:10BAB000FF3103F0B1F9C5F30E05E06827600023FC
:10BAC00045EAC8356381E580A680238118B11A460E
:10BAD000194602F0E1FD206938B100231A461946E3
:10BAE00002F0DAFD0120BDE8F0810120BDE8F0811F
:10BAF0000020BDE8F08100BF03894289808892B2AE
:10BB00009BB2934236BFC2EB40029B1A9B189BB27A
:10BB1000984228BF184670470289438990B29BB269
:10BB2000C01AB0FA80F04009704700BF038942890B
:10BB3000808892B29BB2934236BFC2EB40029B1AFE
:10BB40009B189BB2984286BFC01A80B200207047F3
:10BB50002DE9F047054600698846914618B14FF037
:10BB6000FF3103F059F92B896C89AF889BB2A4B2DD
:10BB7000A34236BFC4EB47061E1BF618B6B2002E12
:10BB80004CD0B74242D34E4528BF4E46A742B6B22C
:10BB900003D8E41BA4B2A742FBD9B5F806902968E4
:10BBA0003B1B9BB2C9F30E029E42914602FB04115D
:10BBB00026D913FB02F3F71B1FFA83FA3C445246C3
:10BBC000404614FB09F405F0EFFD2968A2B208EB2A
:10BBD0000A0005F0E9FD6A89AF8892B293199BB219
:10BBE0009A421DD97A009B1A9BB228696B8120B1B9
:10BBF00000231A46194602F04FFD3046BDE8F08793
:10BC000002FB06F2404605F0CFFDE4E7BB422CBF45
:10BC1000DC1BDC19A4B26C813E46B4E76B899BB295
:10BC2000B3EB470F4FEA4702DFDBDCE738B50446EA
:10BC300000690D4618B14FF0FF3103F0EDF822898D
:10BC40006389A18892B29BB29A4236BFC3EB41008E
:10BC5000D01A801880B200B3814209D28A422CBF28
:10BC6000531A53189BB29942638103D85B1A9BB253
:10BC70009942FBD9E2882168C2F30E02284602FBF2
:10BC8000031105F091FD0125206920B100231A461A
:10BC9000194602F001FD284638BD0546F4E700BF0D
:10BCA0002DE9F04F154683B01AB30646C0688946A1
:10BCB00018B14FF0FF3103F0AFF8F279B6F8088011
:10BCC0007389B788D2091FFA88F89BB215D19845B5
:10BCD00036BFC3EB4703A8EB030343449BB29F4229
:10BCE0002CD80025F06820B100231A46194602F02E
:10BCF000D3FC284603B0BDE8F08FBD4250D2984532
:10BD000036BFC3EB4702A8EB0302424492B279006C
:10BD10002A448A4219DB03EB070A1FFA8AFAAAEBC4
:10BD200005081FFA88F8434558D9A8EB01081FFAFF
:10BD300088F805EB080A1FFA8AFA0AE0FB1A9AB299
:10BD4000954228BF1546002DCCD005EB080A1FFAF6
:10BD50008AFA4745444603D8E41BA4B2BC42FBD24E
:10BD6000F3883068A7EB040B1FFA8BFBC3F30E02BA
:10BD7000AB4502FB04001CD302FB05F2494605F06B
:10BD800013FDB288C2454FEA420302D3BAEB420F19
:10BD900003DBAAEB030A1FFA8AFAA6F808A0A1E7B8
:10BDA000F188ED1BC1F30E0101FB059998463D4654
:10BDB000C9E71BFB02FB1FFA8BFB019249465A465F
:10BDC00005F0F2FCEF1B019B3068274417FB03F2E0
:10BDD00092B209EB0B0105F0E7FCD2E74145B8DC74
:10BDE000A3E700BF10B50446C06818B14FF0FF319B
:10BDF00003F012F8206918B14FF0FF3103F00CF88E
:10BE0000E06800236381238118B11A46194602F0C5
:10BE100043FC206920B100231A46194602F03CFC7D
:10BE2000012010BD38B50446C0680D4618B14FF06A
:10BE3000FF3102F0F1FF206918B14FF0FF3102F03D
:10BE4000EBFFE379E06865F3C713E37120B10023EA
:10BE50001A46194602F020FC206920B100231A4638
:10BE6000194602F019FC012038BD00BF2DE9F04150
:10BE70001B4D1C4F2A781C4E0024804623460DE0A3
:10BE8000336813EB441323D0DB68404698472A7885
:10BE90000134E4B2511DA142234606DBA242A3EBCA
:10BEA0000203EDD807EB4313EEE7104C382220468F
:10BEB000002105F0A1FC4FF0FF33C4E90233C4E9CF
:10BEC0000533C4E9073323616360A384BDE8F081CF
:10BED000074B1B68DB07F9D500BEBDE8F08100BF4A
:10BEE000F07500206C3E0300EC75002044760020C5
:10BEF000F0ED00E0704700BF704700BF00207047C2
:10BF000000207047704700BF704700BF704700BFF8
:10BF1000704700BF024B5878003818BF01207047A7
:10BF200044760020024B1878C0F38000704700BFB1
:10BF300044760020024B1878FF3818BF0120704764
:10BF4000246100202DE9F043334E3378FF2B83B07A
:10BF500003D0012003B0BDE8F0833822002105465C
:10BF60002E4805F049FC2E4B2E49002701201F705A
:10BF700002F042FD2C4B186000283DD02B4C23468C
:10BF8000626833F80C0B0097618802F013FBA1681C
:10BF9000044603F0EDF8264B1C6024B3254B23B177
:10BFA0002548AFF30080254B1860234FDFF89490AD
:10BFB0003A78DFF88880002423460EE0D8F8003075
:10BFC00013EB44130FD05B686BB198473A78013498
:10BFD000E4B2511DA142234614DBA242EED89B1AC3
:10BFE00009EB4313EFE7164B1B68DB0700D500BED8
:10BFF000002003B0BDE8F083114B1B68DA07F7D5CA
:10C0000000BEA7E72846357001F0E6F8284601F0A3
:10C01000E5F801209EE700BF24610020447600205F
:10C0200044770020F47500207C760020C860002052
:10C030008076002000000000F0750020EC750020E4
:10C04000F0ED00E06C3E03002DE9F04FDFF82093A7
:10C0500099F80030FF2B8DB031D004464FF47A723E
:10C0600000238002A10D05F0DBF9012838BF012073
:10C07000BA4DDFF800A3DFF800B30646671C286856
:10C0800000F0CE80002C14BF3246002209A902F035
:10C0900067FDA0B19DF82530013B072B00F2AB8373
:10C0A000DFE803F0B3AAA1968E3D10040A9B0BB102
:10C0B0000B989847286803F02BF80028DED10DB0C4
:10C0C000BDE8F08F9DF82810A54B01F07F0703EB2A
:10C0D000470303EBD11393F826006FF3000083F8B6
:10C0E000260093F826006FF3820083F82600002FC5
:10C0F00000F0A5809B4A1B7D12789342C0F092808D
:10C10000501D9842C0F294809B1A0AEB43139F691A
:10C110009DF829200B9B9DF82400B847CAE7924A56
:10C120001378002B00F084801378013BDBB213708E
:10C13000137803F0FF00002BBCD1894F9DF82480B9
:10C140003B7843F001033B7097F8263060F300031F
:10C1500087F8263097F8263060F3820387F8263078
:10C1600097F8273060F3000387F8273097F82730D7
:10C1700060F3820387F8273000F05EFE9DF82830D8
:10C1800003F06002602A0BD0402A00F0F78003F031
:10C190001F03012B00F0AD80022B79D0002B56D06D
:10C1A000724B1B68DF0700D500BE9DF824000021FC
:10C1B00001F094FA9DF82400802101F08FFA79E7CC
:10C1C000674B1B78D9077FF575AFFFF7A1FE71E7C5
:10C1D000634B1A78D0077FF56DAF1878C0F3C000B5
:10C1E000FFF794FE66E75E4BDB78DA077FF562AF18
:10C1F0000A98FFF781FE5DE79DF82400FFF736FE01
:10C2000000F010FEFFF780FE54E79DF82400FFF7D2
:10C210002DFE00F007FE524B9DF828209A7049E74A
:10C22000224633E7DBF8002012EB43137FF46FAFB5
:10C230004E4B1B68DC077FF542AF00BE3FE70B9B10
:10C240009DF829209DF8240000F008FE32E7202AFE
:10C2500000F0A380002AA3D19DF82930092B9FD894
:10C2600001A252F823F000BFF1C40200D5C40200BD
:10C27000A1C10200B9C40200A1C102009FC4020012
:10C2800029C50200A1C1020013C50200C3C30200F8
:10C290009DF82C1001F07F03082B81D807EB430099
:10C2A00000EBD110DFF8BCC090F814E09CF800005F
:10C2B0000190C8090290019886454FEA430380F037
:10C2C0008381DBF8000000EB4E100190002A00F0A3
:10C2D000598100283FF469AF019F786900F0ACFDF7
:10C2E0007B6940460AAA0121984700287FF4E2AE04
:10C2F0005BE79DF82C300F2B3FF657AF3B44194AB4
:10C300001B791778BB4280F05781DBF8007017EB80
:10C3100043173FF44AAF786900F08EFD7B690AAAA3
:10C3200001214046984700287FF4C4AE9DF828704C
:10C3300017F060077FF439AF9DF829300A3B012BD5
:10C340003FF633AF00F078FD9DF829300A2B0AA99B
:10C35000404600F0B58100F0F1FCABE680760020AD
:10C3600044760020F075002044770020F0ED00E0D6
:10C37000246100206C3E0300EC750020BF480028BB
:10C380003FF413AF00F058FD40460AAA0121FCF724
:10C3900087FE00287FF48EAE07E79DF82C300F2B28
:10C3A0003FF603AF3B44B64A1B791778BB4280F097
:10C3B0004A81DBF8007017EB43173FF4F6AE78695B
:10C3C0008CE79DF82A207B789A4200F046817B78A2
:10C3D000002B40F094817A70002A00F03C81501EBE
:10C3E000C0B2FCF79FFC002800F05D814378022B6F
:10C3F00040F05981C2793978C2F340131B01C2F36E
:10C40000801221F0300143EA42130B433B70438812
:10C41000CDF81880CDE90164C318049300F1090137
:10C42000049B8B4240F28F814B780B2B03BF0B7820
:10C4300091F80380C9184FF001084B78042B40F0A5
:10C440003081049B5A1A8E4B002692B21B780592BB
:10C4500003961CE0DBF8004014EB461400F0218149
:10C460002369059A0698079198470828079906F1C5
:10C470000103024603D90598904280F0F380DEB2B2
:10C480007F4B03961B785A1D964200F30A81039A4C
:10C49000B342A2EB0303DDD80AEB4314E0E70AA89A
:10C4A00000F0D0FC9DF82A10404600F09DFE3B783D
:10C4B00043F002033B70FDE5BDF82A30012B7FF409
:10C4C00074AE3B78404643F008030AA93B7000F085
:10C4D00035FCEFE5BDF82A30012B7FF466AE3B78E2
:10C4E00040466FF3C3030AA93B7000F027FCE1E567
:10C4F0003B789F0807F00207C3F340131F434046F1
:10C5000002230DF122020AA9ADF8227000F030FCDE
:10C51000D0E57B788DF82230404601230DF12202D0
:10C520000AA900F025FCC5E5BDF82A00030A5A1E39
:10C53000C0B20E2A3FF639AE01A151F822F000BF79
:10C5400093C7020083C7020073C70200ABC1020099
:10C55000ABC1020055C7020083C70200ABC1020095
:10C56000ABC10200ABC10200ABC10200ABC1020013
:10C57000ABC10200ABC1020021C70200002A7FF458
:10C5800014AE01929DF8292002F0FD00012827D069
:10C59000002A7FF405AE029A3B441344404693F8C8
:10C5A00026700DF12202C7F3400702230AA9ADF855
:10C5B000227000F0DDFB7DE57A1D9A42FFF6F5ADB5
:10C5C000DB1B0AEB4317A6E600F1050CF445D5DBAF
:10C5D000AEEB00000AEB40100190002AD2D07BE6BF
:10C5E000BDF82A000390B0B9012A71D099F8000073
:10C5F000039301F073F8039B029A3B44134493F8AE
:10C60000262042F0020283F8262093F8262042F0EA
:10C61000010283F82620019B002B3FF44BAD5869A3
:10C6200000F00AFC019B0AAA5B6901214046984779
:10C63000002000F001FC97F82730DB073FF53AAD0A
:10C640000AA9404687E67A1D9A42FFF6AEADDB1B8B
:10C650000AEB4317B3E6FFF757FC40460AA900F080
:10C660006DFB27E5B8F1010F00F0B380B8F1000FC2
:10C6700000F09E8091F802E0002307E0A190020004
:10C68000F0750020A045067140F292800EEB030089
:10C6900057FA80F0013390F804C0BCF1FF0FDCB210
:10C6A000F0D0DDE90164574B1B68D90700D500BE07
:10C6B000544B1B68DA0700D500BE00237B7074E57D
:10C6C00001230DF122028DF8227000F051FBF1E4FC
:10C6D00099F80000049301F025F8049B029A03994D
:10C6E0003B44134493F8262061F3410283F826204B
:10C6F00093F8262061F3000283F826208BE70021BF
:10C700004046029200F082FD404600F027FEBB78D2
:10C7100001934046FFF7AAFB019B029ABB705AE6C1
:10C72000394B002B3FF441ADFCF7B6FC0246002824
:10C730003FF43BAD538840460AA900F019FB00289E
:10C740007FF4B8AC31E5DDE90164DDF81880FFF76E
:10C75000D9FB82E7FFF7D2FB024600283FF425AD64
:10C76000137840460AA900F003FB00287FF4A2AC2E
:10C770001BE5BDF82C10FCF7DBFA02460028EFD1D0
:10C7800013E5022B31D0FFF7BBFB02460028D1D1C5
:10C790000BE5FCF7C3FA024600283FF401AD404622
:10C7A00012230AA900F0E4FA00287FF483ACFCE429
:10C7B000334616480792059101F0D2FD144B079AB3
:10C7C00005991B781144039A05339A427FF728AEE6
:10C7D00067E723690F4C1048A34208BF4FF00208D7
:10C7E000834208BF4FF0020844E7FCF79BFA024679
:10C7F00000289FD1D4E4034B1B68DB077FF55AACBC
:10C8000000BE57E4F0ED00E0999002005876002059
:10C81000F075002081940200759C02002DE9F04320
:10C820004378023B85B005460E46042B0CD8DFE862
:10C8300003F0485C037D3E007E4B1A78D70715D580
:10C840001A7842F004021A707B4B18688EB933468E
:10C850004FF0FF32294601F01FFF003818BF0120BA
:10C86000E8B1697828783246FFF744FB05B0BDE8A7
:10C87000F083002301AA2946019302F0F3F8019BFB
:10C8800043B16E4B4FF080525A6040BFBFF34F8FA1
:10C89000BFF36F8F003818BF01200028E1D1684B2B
:10C8A0001B68DB07E2D500BE05B0BDE8F083654A32
:10C8B00013780133DBB213705F4B1868002ED8D1A8
:10C8C000C5E75C4B1A786FF300021A701A780021E2
:10C8D0006FF341021A7059701A7861F382021A706C
:10C8E000554B1868002EC4D1B1E7574FDFF85C8173
:10C8F0003978DFF85C91002423460AE0D9F800304B
:10C9000013EB44130AD10134E4B24A1DA242234678
:10C9100015DB8C42F2D35B1A08EB4313DB69002B67
:10C92000F1D06968287898473978ECE7414B1A7854
:10C93000D4079BD51A786FF382021A7084E73D4CB6
:10C94000237858072BD523783B4A6FF38203237053
:10C950002978106800230522CDE9013303938DF86F
:10C9600004108DF8052001A9002E51D06A460093CD
:10C9700002F078F8009B43B1304B4FF080525A6080
:10C9800040BFBFF34F8FBFF36F8F003818BF012038
:10C99000002846D12A4B1B68D90700D500BEE37892
:10C9A000DA077FF563AF244A6B6829781068029331
:10C9B00003220023019303938DF804108DF80520C2
:10C9C00001A9E6B16A46009302F04CF8009B43B11E
:10C9D0001A4B4FF080525A6040BFBFF34F8FBFF3E6
:10C9E0006F8F003818BF012000283FF458AF9DF822
:10C9F00005109DF804003246FFF77CFA36E733460F
:10CA00004FF0FF3201F048FE003818BF0120EBE77D
:10CA100033464FF0FF3201F03FFE003818BF0120CF
:10CA2000B6E79DF805109DF804003246FFF762FA5C
:10CA3000B5E700BF447600208076002000ED00E0DE
:10CA4000F0ED00E044770020F07500206C3E03001C
:10CA5000EC7500202DE9F84F0A9F002A3ED0DFF840
:10CA60008890DFF888800C461E4615464FF0000B74
:10CA700018E098F8021099F800A001F03DFC034678
:10CA800021465046E3B100F0D5FBF0B1A378DA09B6
:10CA900016BF0B9A3B70137023780BF1010BAB455B
:10CAA0001C441BD06378052B20460ED1E17801F0A1
:10CAB0000301B14209D1A37803F07F03082BD8D931
:10CAC000084B1B68DA0700D500BE064B1B68DB0766
:10CAD00002D40020BDE8F88F00BEFAE70120BDE8CF
:10CAE000F88F00BFF0ED00E02461002044760020C4
:10CAF00070B51D4E84B000230825CDE902010193D5
:10CB000030688DF80550144682B9134601A94FF0DC
:10CB1000FF3201F0C1FD003818BF0120D8B9134B16
:10CB20001B68DB0700D500BE04B070BD6A4601A9D2
:10CB3000009301F097FF009B43B10D4B4FF08052E3
:10CB40005A6040BFBFF34F8FBFF36F8F003818BFDD
:10CB500001200028E3D09DF805109DF8040022462E
:10CB6000FFF7C8F904B070BD80760020F0ED00E05A
:10CB700000ED00E038B58B7803F07F03082B06D971
:10CB80000B4B1B68DB0700D500BE002038BD094AEF
:10CB9000094B0C46204691781D7801F0ADFB00282A
:10CBA000EED021462846BDE8384000F043BB00BF28
:10CBB000F0ED00E04476002024610020CB09054818
:10CBC000054A263301F07F0103EB41010844116857
:10CBD00001F048BB447600207C760020CB09054854
:10CBE000054A263301F07F0103EB41010844116837
:10CBF00001F064BB447600207C760020154838B5EF
:10CC000001F07F0500EB450000EBD1142034A07942
:10CC1000C00706D5104B1B68DA0700D500BE002000
:10CC200038BDA5790D4845F001050078A57100F0E3
:10CC300049FC0028F4D1A379074A60F30003A371EB
:10CC4000A37960F38203A3711368DB07E7D500BE05
:10CC500038BD00BF44760020F0ED00E024610020E4
:10CC6000054B01F07F0203EB420303EBD11191F876
:10CC7000260000F0010070474476002010B50C4BF0
:10CC800018780C4600F02AFD0A4B04F07F0103EBF4
:10CC9000410303EBD41191F8263043F0020381F8ED
:10CCA000263091F8263043F0010381F8263010BD7C
:10CCB0002461002044760020054B01F07F0203EB45
:10CCC000420303EBD11191F82600C0F340007047F6
:10CCD00044760020144BFBB110B5144B18780C4669
:10CCE00000F086FB124B04F07F0103EB410303EBE2
:10CCF000D41191F826306FF3410381F8263091F872
:10CD000026306FF3000381F8263091F826306FF358
:10CD1000820381F8263010BD064B1B68DB0701D566
:10CD200000BE7047704700BFF1D3020024610020AD
:10CD300044760020F0ED00E0704700BF0B4630B4B1
:10CD40000A4C496805461868224603C293F9002038
:10CD500000239A42C4E902332846A8BF802130BC90
:10CD6000B8BF19461A46FFF749BF00BF48770020F1
:10CD7000F0B50C46284F496806462068BA603D4623
:10CD800003C50021F981E588AB4228BF2B4683B05B
:10CD9000BB81A5B11BB352B397F90000402B28BF4C
:10CDA000402300282ADB1D4A3046FFF727FF98B9A9
:10CDB0001B4B1B68DB071ED500BE03B0F0BD94F90A
:10CDC0000030002BACBF8021002130462B462A4684
:10CDD000FFF714FF0028EBD0012003B0F0BD97F956
:10CDE0000020002AACBF194680211A46DCE70C4B14
:10CDF0001B68D9070CD4002003B0F0BD11460748CA
:10CE000001931A4604F0D0FC044A019B8021CBE731
:10CE100000BE1046E1E700BF487700205C770020A5
:10CE2000F0ED00E0034B0022C3E90022C3E9022237
:10CE30001A61704748770020014B1861704700BFA6
:10CE4000487700200346044A59680068134603C324
:10CE50000023C2E90233704748770020F0B5404C08
:10CE60002578C909B1EBD51F83B01F4606461FD0F0
:10CE70003BB13C4B1B68DA0700D500BE002003B075
:10CE8000F0BD2146FFF758FF236973B122463046B3
:10CE900003219847012003B0F0BD0146304600F061
:10CEA0001DFC3046802100F019FC012003B0F0BDCC
:10CEB00094F90020002A06DBA0680028DED02A4969
:10CEC0001A4604F071FCE589A168E2883D44ADB2E0
:10CED0003944AA42E581A16015D03F2F13D9A28918
:10CEE00094F90000531B9BB2402B28BF402300281D
:10CEF00024DB954230D01C4A00213046FFF77EFEED
:10CF00000028D2D114E023692BB1154A0221304602
:10CF100098470028C1D094F9002000239A42ACBF62
:10CF20008021194630461A46FFF768FE0028BCD11A
:10CF30000C4B1B68DB07A1D500BEA0E7954208D0CB
:10CF40001A460948019304F02FFC074A019B8021EF
:10CF5000D3E780210022D0E700210A46CDE700BFB9
:10CF600048770020F0ED00E05C77002042DF70475A
:10CF700043DF704744DF704712DF7047F0B4364C30
:10CF8000BFF35B8F014604F590730125D3E84F2F63
:10CF9000C3E8405F0028F9D1BFF35B8F12F0FF0FA9
:10CFA0003CD108292CD004EB41122C482C4F01F520
:10CFB000947301EB810C50F823609388D2889A1AFD
:10CFC00093B2B6B200EB8C024FEA411CB34208B2F6
:10CFD00028BF334654F80C60C2F8006707EB8101A4
:10CFE000C2F8043747F82050BFF36F8FBFF34F8F5D
:10CFF0001C4B994209D0043B994206D0F0BC7047C3
:10D00000164BD3F8C024D10313D5BFF35B8F002395
:10D0100084F82031BFF35B8FF0BC7047124B13488C
:10D020005A68C2F30802003AF0BC18BF0122FFF7A9
:10D030005FBD94F80B110029E7D00D49D4F8000129
:10D04000C3F8A007C3F8A4270D60BFF36F8FBFF329
:10D050004F8FF0BC704700BF9C77002000700240EB
:10D06000287002405070024000ED00E0E9D002005C
:10D0700048700240174BBFF35B8F01460122D3E893
:10D080004F0FC3E84C2FBCF1000FF8D1BFF35B8FFB
:10D0900010F0FF0F14D10A60BFF36F8FBFF34F8FF3
:10D0A0000D4B994203D0043B994200D070470B4B83
:10D0B000BFF35B8F002283F82021BFF35B8F7047A3
:10D0C000074B08485A68C2F30802003A18BF012209
:10D0D000FFF70EBDBC780020507002409C77002006
:10D0E00000ED00E075D00200F0B4344CBFF35B8F6C
:10D0F000C1B204F590730125D3E84F2FC3E8405F18
:10D100000028F9D1BFF35B8F12F0FF0F39D1082946
:10D1100029D02B482B4F01F5947304EB411250F8A2
:10D1200023609388D28801EB810C9A1A93B2B6B22D
:10D1300000EB8C024801B3422058C2F8000728BF18
:10D140003346C2F8043707EB810047F82150BFF39C
:10D150006F8FBFF34F8F1C4B984209D0043B98420E
:10D1600006D0F0BC7047164BD3F8C024D10313D5BA
:10D17000BFF35B8F002384F82031BFF35B8FF0BCDB
:10D180007047124B12485A68C2F30802003AF0BCCA
:10D1900018BF0122FFF7ACBC94F80B110029E7D0AF
:10D1A0000C49D4F80001C3F8A007C3F8A4270D6008
:10D1B000BFF36F8FBFF34F8FF0BC70479C77002099
:10D1C00000700240287002405070024000ED00E004
:10D1D000E9D0020048700240704700BF014B802236
:10D1E0005A60704700E100E0074BD3F80014D3F811
:10D1F000002400200A434FF48001C3F80024C3F840
:10D200005801C3F80413704700700240074B4FF4F5
:10D21000001229B1C3F80423054B83F8211170478C
:10D22000C3F80823024B83F82111704700700240B5
:10D230009C77002030B48A788C88C878434D02F0FF
:10D240007F014B0003EBD21305EB031300F0030047
:10D25000C4F30A0401281C814FEAD2142FD0DCB198
:10D260003B488C1C012303FA04F4C0F80443D0F8B3
:10D27000104503FA01F12143C0F81015344B42F474
:10D280008071C3F81825C3F80C15BFF36F8FBFF377
:10D290004F8F012030BC70472D4801F10C05012350
:10D2A00003FA05F5C0F80453D0F814558B4001F586
:10D2B00094712B43C0F8143540F82140DEE708296B
:10D2C00007D0244B186810F00100E3D000BE002006
:10D2D000E0E7ECB9B5F818311BB11D4B8022C3F85B
:10D2E0001C251B4A0023C2F85031D2F8003313F436
:10D2F000001308BFC2F85431154B4FF44012C3F865
:10D300000423D3F8142542F48072C3F81425BCE733
:10D31000B5F808210E4B0021C3F82C1112B1802260
:10D32000C3F81C250A4AD2F8003313F4001308BFCF
:10D33000C2F85431064B084AC3F80423D3F8102529
:10D3400042F48072C3F810259FE700BF9C7700204D
:10D3500000700240F0ED00E0000820001E4B80222B
:10D360002DE9F041C3F88420BFF34F8FBFF36F8FD7
:10D370001A4D1B4F0D244FF0010800261949A0003B
:10D38000A4F10A03014408FA04F208FA03F3134370
:10D39000C7F8083328464E6001348E6220220021EF
:10D3A00004F02AFA142C05F12005E7D10E4BC7F83A
:10D3B00008332022C7F81C6500217E620B48BE643A
:10D3C00004F01AFAC7F81485C7F81085024B8022BA
:10D3D0005A60BDE8F08100BF00E100E0BC770020AA
:10D3E00000700240D06F0240000830009C7800209E
:10D3F00001F07F03082B30B44FEAD1112DD0D9B101
:10D400002E4A2F4801219C1C01FA04F4C2F808435B
:10D41000D2F8104501FA03F524EA0504C2F81045D4
:10D4200001EB430300EB03130022DA72BFF36F8FAB
:10D43000BFF34F8F30BC7047204C2148012203F1CD
:10D440000C0502FA05F5C4F80853D4F814559A40AF
:10D4500025EA0202C4F81425E2E7194800EB01139B
:10D460000022A3F80821154BD9B14FF40062C3F88C
:10D470000823D3F8102522F48072C3F81025B0F8E1
:10D480001821B0F808410D4BE2424FF0000508BFEB
:10D490004FF40012C3F81C5508BFC3F80823082333
:10D4A000BEE74FF48012C3F80823D3F8142522F402
:10D4B0008072C3F81425C3F85011E0E700700240F1
:10D4C0009C77002001F07F00F0B57B4E440004EB18
:10D4D000D11406EB041C0D469CF80B1085B00029F6
:10D4E00040F0A280240101F0FF0732514FEAD51E1F
:10D4F000ACF80430ACF8067000283ED1002B53D1B4
:10D500006E4AD2F88024C2F3C01272454CD06C4FE0
:10D5100079680193C1F3080100394FF0070218BF81
:10D52000012101A8CDE902338DF805208DF80930DD
:10D530008DF80850FFF772F9BFF35B8F06F5907214
:10D540000123D2E84F1FC2E8403F0028F9D1BFF3C2
:10D550005B8FCCB2002C40F08E805A4A1360BFF330
:10D560006F8FBFF34F8FBFF35B8F1C4686F8201180
:10D57000BFF35B8F204605B0F0BDBEF1000F16D1A2
:10D5800006EB40160123F372BFF36F8FBFF34F8F8B
:10D59000B37A2BB1F37A03F0FF04002B40F08380C1
:10D5A0000124204605B0F0BDBEF1000F46D006EBC9
:10D5B000401100EB8003CD8A8A8A0C8B0969521BCB
:10D5C0009B0092B203F1804303F51C33A24228BFB3
:10D5D00022463D4DC3F80016C3F804263B4BBFF36B
:10D5E0005B8F05EB8001012200B2D3E84F4FC3E807
:10D5F000472F002FF9D1BFF35B8FE4B2002C47D146
:10D6000045F82020BFF36F8FBFF34F8F2D4B99420A
:10D6100002D0043B9942C3D1BFF35B8F002386F84D
:10D620002031BFF35B8FBBE7294B1C6814F001046A
:10D63000A0D000BE0024204605B0F0BD0123234A3F
:10D64000F372BFF35B8FD2E84F4FC2E8413F00292E
:10D65000F9D1BFF35B8FE4B254BB1E4A1360BFF332
:10D660006F8FBFF34F8FBFF35B8F86F820E11C46AF
:10D67000BFF35B8F7EE77A6812491748C2F308024E
:10D68000003A18BF0122FFF733FA204605B0F0BD7B
:10D690000B4B11485A68C2F30802003A18BF012226
:10D6A000FFF726FA66E786F80AE0FFF767FC61E70E
:10D6B000034B08495A68E0E79C770020007002405D
:10D6C00000ED00E05070024004700240BC78002081
:10D6D000F0ED00E04C70024075D0020011F07F00C8
:10D6E00008B507D10D4B01225A65BFF36F8FBFF309
:10D6F0004F8F08BD0828F8D0084B41F48072C90943
:10D70000C3F81825F1D1064B03EB40139A7A002A8F
:10D71000EBD09972FFF732FCE7E700BF00700240E0
:10D720009C77002011F0770F12D00A4B41F48072E1
:10D73000C3F80C15C3F80C25CA09C3F8181504BFA3
:10D7400001F5947143F82120BFF36F8FBFF34F8F22
:10D75000704700BF007002402DE9F04F974B98488A
:10D76000D3F80013002389B01D461E46012421FA78
:10D7700003F2D2070BD550F8232042B104FA03F28A
:10D7800040F823601543BFF36F8FBFF34F8F013312
:10D79000192BECD1EF0700F14682DFF834B22E05E9
:10D7A00008D5864BD3F8A83601229BB2ABF81631C8
:10D7B0008BF81C21AC0200F1EB8105F4800404B36A
:10D7C0007E4AD2F8004440F201732340E705C2F8D4
:10D7D000003400F19382660510D5784B0122C3F81E
:10D7E00008259A65D3F8002312F4001208BFC3F885
:10D7F0005421724B4FF40012C3F80423A00500F12A
:10D800007082290240D56D4BD3F880E4D3F884149C
:10D81000D3F88864D3F88C44D3F89074D3F8940484
:10D82000D3F89824D3F89C341EF07F0F5FFA80F869
:10D83000C9B2F6B2E4B25FFA87FC5FFA82F9D8B2F5
:10D840005FFA8EFA01D105291ED000273B463A46E1
:10D850006AF307036CF3070261F30F2368F30F22E7
:10D8600066F3174369F3174264F31F6360F31F62A3
:10D870004FF4C064012105A8CDE90632ADF8167059
:10D88000ADF81440FEF7CAFF4E4B2B40002B40F082
:10D890001082DFF83C81494EC346C14608F59077B7
:10D8A00000241FE05B44DA7A002A00F0A082DA88C4
:10D8B000A9F804200022DA72DB8806929BB2079353
:10D8C00005A80723012105928DF819208DF818A0CD
:10D8D0008DF81530FEF7A2FFBAF1080F4BD00134D6
:10D8E00009F1200904F10C0325FA03F3DA075FFAC2
:10D8F00084FAF1D504EB840206EB8202D9F80030F9
:10D90000D2F808170BEB441213FA81F3C9F8003070
:10D91000D38889B211FA83F39BB2082CD3804FEAE3
:10D920004413BFD0B9F808008842BBD1D288B9F8F7
:10D93000041092B29142B5D9BAF1000FCCD10122B4
:10D94000BFF35B8FD7E84F3FC7E8412F0029F9D1DC
:10D95000BFF35B8F13F0FF0F40F06F821A490A602C
:10D96000BFF36F8FBFF34F8FBFF35B8F8BF8203107
:10D97000BFF35B8FB3E7154B2B40002B00F0058105
:10D980000E4BD3F86C94C3F86C94BFF36F8FBFF356
:10D990004F8F15F4806500F0A181D3F88024D3F86F
:10D9A000803483F08003C3F3C0130393C2F3C01326
:10D9B0000293DFF808A0002414E000BF00700240CA
:10D9C00000710240FCFB1F004C700240000400018B
:10D9D0009C770020002C00F02181072F56D00134C5
:10D9E00008F1200829FA04F104EB840311F0010F77
:10D9F0000AEB83030BEB4412E7B24FEA840EE9D043
:10DA0000D3F80806D8F81060C0B20644C8F8106011
:10DA1000D18A10FA81F189B2D182D18AB8F8145032
:10DA200089B2A942BE497144019167F07F0100911A
:10DA30004FF0000C4FF0010105A880F0DD80D18A85
:10DA4000B8F81820C3F800666D1AADB2954228BF29
:10DA50001546C3F80456B34ABFF35B8F012319463A
:10DA6000D2E84F3FC2E8401F0028F9D1BFF35B8FD7
:10DA700013F0FF0F40F02581A94B01224EF803203F
:10DA8000BFF36F8FBFF34F8F072FA8D119F4803FDB
:10DA900001D1039B6BB19BF80B303BB1BBF8063057
:10DAA000BBF804209BB29A4200F2A88101238BF8B4
:10DAB0000A3019F4003F0DD09BF82B303BB1BBF876
:10DAC0002630BBF824209BB29A4200F29B810123AE
:10DAD0008BF82A3019F4802F0DD09BF84B303BB1D6
:10DAE000BBF84630BBF844209BB29A4200F2C38197
:10DAF00001238BF84A3019F4002F0DD09BF86B30BE
:10DB00003BB1BBF86630BBF864209BB29A4200F28E
:10DB1000C28101238BF86A3019F4801F0DD09BF865
:10DB20008B303BB1BBF88630BBF884209BB29A4265
:10DB300000F26C8101238BF88A3019F4001F40F049
:10DB4000198119F4800F0DD09BF8CB303BB1BBF895
:10DB5000C630BBF8C4209BB29A4200F25F81012319
:10DB60008BF8CA3019F4000F0FD09BF8EB30002B64
:10DB700000F03981BBF8E630BBF8E4209BB29A4252
:10DB800040F231810720FFF7F9F909B0BDE8F08FC5
:10DB9000654BD3F81425D0050ED515F4800400F09C
:10DBA000F780D3F80024D20740F1F280D3F8103583
:10DBB000DB0500F1C5800DE0D3F81025D10500F19B
:10DBC000BD809BF821211AB94FF40012C3F8082335
:10DBD00005F4800405AE544A0023D2F82025736072
:10DBE0003046069201214FF440720593B360ADF8C0
:10DBF0001420FEF713FEE2E5D38ACDF814C09BB2E1
:10DC0000CDE906C34FF007038DF81530009B8DF862
:10DC100018308DF819C0FEF701FEDEE602990029E2
:10DC20003FF4DDAEECE63E4B3F4ADFF80CB13F4837
:10DC300000240127C2F81475C2F81075546094626C
:10DC40005C609C629C60DC62DC601C631C615C63E9
:10DC50005C619C639C61DC63DC611C645462946461
:10DC6000C2F85841D2F80034D2F800140B43C2F87D
:10DC70000034D2F80033C2F808332146C2F8040356
:10DC800058464FF4927203F0B7FD05AE40234FF4AF
:10DC9000807239463046ABF81830ABF80830C6E928
:10DCA000014405948DF81840ADF81420FEF7B6FD38
:10DCB00075E50023BFF35B8F8BF82031BFF35B8FDB
:10DCC000E7E51B4B1B485A680199C2F30802B2EB07
:10DCD0000C0218BF0122FEF70BFF7EE6CDE90255CC
:10DCE00067E600234FF4A06205A80121CDE90533C2
:10DCF0000793ADF81420FEF791FD82E50023012182
:10DD0000C2F82C1505A8CDE9053307934FF48063BD
:10DD1000ADF81430FEF782FD66057FF56FAD5CE56A
:10DD200004700240BC780020007002400514C0015D
:10DD300000ED00E075D002009C77002005F480041F
:10DD40009BF81C31002B3FF445AFBBF8163105AEF4
:10DD500000229BB205928BF81C217260304607228C
:10DD60000793012188238DF81520ADF81830FEF7B0
:10DD700055FD30E79BF8AB3033B1BBF8A630BBF8AC
:10DD8000A4209BB29A4245D801238BF8AA30D8E64A
:10DD9000434BBFF35B8F0122D3E84F1FC3E8402FF3
:10DDA0000028F9D1BFF35B8F11F0FF0F51D13D4B2C
:10DDB000D3F8C004C60335D49BF80B1101F0FF065D
:10DDC00000295CD03849DBF80061C3F8A067C3F8CC
:10DDD000A4070A60BFF36F8FBFF34F8FD3F81035DE
:10DDE000D905ADD4F6E601238BF8EA30CDE62F4B0A
:10DDF0001B68DB077FF5C9AE00BEC6E60020FFF753
:10DE0000BDF856E60120FFF7B9F863E60420FFF7F6
:10DE1000B5F892E60520FFF7B1F892E60620FFF785
:10DE2000ADF89FE6BFF35B8F8BF82011BFF35B8FDC
:10DE3000D3F81035D80583D4CCE61D4B1D485A685D
:10DE40001D49C2F30802003A18BF0122FEF750FE36
:10DE500045E5174B19485A68C2F30802003A18BF43
:10DE600001220821FEF744FE0E4BD3F81035DF05E2
:10DE70003FF566AFAEE60220FFF780F83BE6BFF362
:10DE80005B8F8BF82061BFF35B8FD3F81035DA0519
:10DE90003FF556AF9EE60320FFF770F83CE600BF63
:10DEA000BC7800200070024048700240F0ED00E0B5
:10DEB00000ED00E075D002004C700240E9D0020095
:10DEC000F0B5012885B006D0022800F08B8000282C
:10DED00043D005B0F0BDB34BD3F80025002AF8D0ED
:10DEE0000022C3F80425BFF36F8FBFF34F8FAE49F5
:10DEF0008020C1F88400BFF34F8FBFF36F8FD3F83A
:10DF00000013C3F80813C3F80025BFF36F8FBFF3E6
:10DF10004F8F43F2040103F18D53096803F5772312
:10DF200003F2DB53994201AC00F07A819F4B01224E
:10DF30001A609F4B5968C1F3080100394FF0000384
:10DF40004FF4007218BF01212046C4E90133019348
:10DF5000ADF80420FEF762FCBBE7924BD3F8002536
:10DF6000002AB6D14FF480014FF40062C3F80813C1
:10DF7000C3F80024BFF36F8FBFF34F8F8D4B1B6827
:10DF8000082B00F0CC80874B0122C3F80025BFF39B
:10DF90006F8FBFF34F8F43F2040203F18D5312686A
:10DFA00003F5772303F2DB539A4200F0E2804FF04F
:10DFB0008043D3F80C24D3F80C34DF0300F1ED8058
:10DFC00043F204027C4B12689A4200F007817B4BBB
:10DFD00000221A601B6801934FF0804301220199CF
:10DFE0001A6076E76F4BD3F80435002B4AD16D4A9F
:10DFF000D2F800341805FBD54FF40063C2F80034A2
:10E00000BFF36F8FBFF34F8F6A4B1B68082B4BD04A
:10E01000644B654D80240122C3F81C45C3F80423DA
:10E02000C5F88441FDF786FF002876D1624E43F2A1
:10E0300004054FF080442B68B34211D0D4F80C246F
:10E04000D4F80C34D903F6D5D307F4D5554B0122B7
:10E05000C3F80425BFF36F8FBFF34F8F05B0F0BD3A
:10E0600001A800278DF80470FEF786FF9DF80430A4
:10E07000002BE3D001A80197FEF77CFF019B002B4A
:10E08000D9D0E3E743F204024B4B12689A4200F006
:10E09000B3804FF08043D3F80C24D3F80C34DD0365
:10E0A000A5D5D407A3D514E7454B1B68032BAFD8E0
:10E0B000444B1A68002A40F0C080434849F2753149
:10E0C0001960026019603B4A3D4B12681B68082AC0
:10E0D0009ED1032B9CD83D4AD35C93B1394B1A682F
:10E0E000002A40F0B2803A4849F275311960026066
:10E0F0001960304A324B12681B68082A88D1032BFA
:10E1000086D83449344B40F2E370402208601A60EC
:10E11000BFF36F8FBFF34F8F7AE76C6086E7284BB2
:10E120001B68032B3FF62FAF284AD35CABB1254BBE
:10E130001A68002A40F08D80254949F27532032083
:10E140001A6008601A601B4A1D4B12681B68082A77
:10E150007FF419AF032B3FF616AF1A4B1A68002A4B
:10E160006FD1194949F27532C0201A6008601A60EF
:10E1700009E701A800248DF80440FEF7FDFE9DF894
:10E180000430002B3FF413AF01A80194FEF7F2FE18
:10E19000019B002B7FF49DAE12E7D6073FF599AEA9
:10E1A0000EE700BF0070024000E100E00400004004
:10E1B00000ED00E030010010DBE5B151000100404E
:10E1C0003401001000EC064014EC06402C3F030024
:10E1D00014ED06400078024004780240002301A8B4
:10E1E0008DF80430FEF7C8FE9DF80430002B3FF494
:10E1F000EEAEFEF7BBFE6CE601A800248DF80440ED
:10E20000FEF7BAFE9DF80430002B3FF442AF01A8A0
:10E210000194FEF7AFFE019B002B7FF45AAEE6E6B9
:10E2200020468DF80420FEF7A7FE9DF80430002B51
:10E230003FF47CAEFEF79CFE7BE6084B00221A60A2
:10E2400041E7064BC0221A609DE6054B00221A608A
:10E250004FE7034B03221A6075E700BF14EC06403A
:10E2600014ED0640F8B5037813F001041AD10378D1
:10E270005A070546C3F3800701D52046F8BD0E4670
:10E2800030464FF0FF3100F0C7FD2B7813F001044A
:10E290000BD12B785B0709D42B7843F004032B7048
:10E2A000012403E000242046F8BD3C46002330460C
:10E2B0001A46194600F0F0F92046F8BD70B504463C
:10E2C0000D4608464FF0FF3100F0A6FD2378C3F35A
:10E2D00080065B0708D5237813F0010205BF237879
:10E2E00062F3820300262370002328461A4619464B
:10E2F00000F0D2F9304670BDC378828803F0030085
:10E300000228C2F30A0205D0032819D0012807D039
:10E310000020704702291CD0402A09D801207047EC
:10E32000022940F2FF3308BF4FF480639342F6D2D4
:10E330000A4B186810F00100F1D000BE00207047B1
:10E3400002290CBF4FF4806340239342F0D3012095
:10E35000E5E7B2F5007FE1D0EAE700BFF0ED00E0CD
:10E360000A44914216D230B44C78052C05D00C7872
:10E3700021448A42F8D830BC70478C7804F07F057D
:10E3800000EB4505E4092B550C7821448A42EBD873
:10E3900030BC7047704700BF0F49104A1048114BFE
:10E3A00070B4CD688C68157301251060086915710B
:10E3B000CE6C947350738C6C086D0B4D1E730021E2
:10E3C0009C735873D17311821971D97319821D60AE
:10E3D000916070BC99607047303F0300C0780020A6
:10E3E00000F00240D47800200030024008B501213E
:10E3F000152002F0B3FE0121152002F033FF0121A8
:10E40000162002F0ABFEBDE808400121162002F004
:10E4100029BF00BFF8B5174682B105460E46002455
:10E4200002E00134A74207D02B6816F8011B1B68D5
:10E43000284698470028F4D12046F8BD1446FBE74B
:10E440002DE9F0470768DFF894A0D7F80490044658
:10E450000E4600293AD0084603F0E4FDD145804637
:10E4600022D1002836D0002503E00135A8452768D1
:10E4700020D03B6816F8011B204698470028F4D1AD
:10E480002768D7F80490D14518D13B680D21204664
:10E49000984730B1236820461B680A219847B8B1D5
:10E4A00002352846BDE8F087024631462046C84777
:10E4B00027680546D7F80490D145E6D0064920469E
:10E4C0000222C84705442846BDE8F0870D46DAE732
:10E4D0000135E6E70546D6E78C3F030015E4020068
:10E4E0002DE9F0431B4B1C4FD3F80463DFF86C801D
:10E4F000DFF86C9085B000250123AC00AB4004F13F
:10E500008044334204F5C0440FD0D4F8003163B1E5
:10E51000EB57013306D058F825201AB115F8093009
:10E520007BB990470023C4F800310135082DE3D1B1
:10E53000BFF34F8F00BF00BF00BF00BF05B0BDE8F5
:10E54000F08300210091084603AB039102F030FDF7
:10E55000E8E700BF0060004010790020F07800205C
:10E56000E878002008B501F06DF94FF47A73A0FB4C
:10E570000323900A40EA835008BD00BF014638B526
:10E580004FF47A7200238002890D02F049FF04469D
:10E5900001F058F90546FAF71FF801F053F9431B4B
:10E5A0009C4200D838BD2C44201ABDE8384001F008
:10E5B00081BA00BF38B51C469DF8105043B30029FE
:10E5C00008BF1A460123C4E90F01226084F84630CF
:10E5D00001F092FFD4E90F132268A26001FB03F15E
:10E5E000CB1A134400200A44FF21A063E36084F89F
:10E5F0004410626084F8451004F1100002F072FECD
:10E6000004F1240002F06EFE01F080FF84F84C500B
:10E61000204638BDF8B5064617460D4669B100FBE1
:10E6200001F0503002F0DAFE044690B3002200F10F
:10E63000500380F84620036007E0502002F0CEFE31
:10E64000044630B384F846502460C4E90F6501F0F5
:10E6500053FFD4E90F132268A26001FB03F1CB1A28
:10E66000134400200A44FF21A063E36084F84410AF
:10E67000626084F8451004F1100002F033FE04F1EA
:10E68000240002F02FFE01F041FF84F84C70204678
:10E69000F8BD00242046F8BD2DE9F047044684B0BB
:10E6A0001F460192884600F1240601F025FFA26B67
:10E6B000E36BDFF840939A424FF0000A7CD3022FBD
:10E6C00000F0E880019D002D00F0128102ADBAF14A
:10E6D000000F00F0DB8001F019FF01F0ABF801F052
:10E6E0000BFF94F84430FF2B04BF002384F8443020
:10E6F00094F84530FF2B04BF002384F8453001F027
:10E7000005FF284601A901F0DBFB002840F0F68058
:10E7100001F0F2FEA26BE36B9A4261D001F0F6FECB
:10E7200001F0EAFE94F845506DB2002D05DC12E0D0
:10E730006B1E13F0FF0F5DB20DD0636A304653B10C
:10E7400001F060FB0028F3D001F0EEFB6B1E13F02C
:10E75000FF0F5DB2F1D1FF2384F8453001F0D6FE02
:10E7600001F0CAFE94F844506DB2002D15DD04F19D
:10E77000100A04E06B1E13F0FF0F5DB20DD0236989
:10E78000504653B101F03EFB0028F3D001F0CCFB22
:10E790006B1E13F0FF0F5DB2F1D1FF2384F84430FC
:10E7A00001F0B4FE01F0F6F801F0A6FEA26BE36BF7
:10E7B0009A424FF0010A82D2226CA56B002A40F0E7
:10E7C000E7802668002E00F0F9800135A563636AB2
:10E7D000002B7CD101F09AFE012004B0BDE8F08747
:10E7E00004F1100A01F092FE0199504601F08EFAF0
:10E7F00001F082FE94F845506DB2002D05DC12E068
:10E800006B1E13F0FF0F5DB20DD0636A304653B13B
:10E8100001F0F8FA0028F3D001F086FB6B1E13F02C
:10E82000FF0F5DB2F1D1FF2384F8453001F06EFE99
:10E8300001F062FE94F844506DB2002D05DC12E048
:10E840006B1E13F0FF0F5DB20DD02369504653B11C
:10E8500001F0D8FA0028F3D001F066FB6B1E13F02C
:10E86000FF0F5DB2F1D1FF2384F8443001F04EFE7A
:10E8700001F090F8002897D14FF08053C9F8043088
:10E8800040BFBFF34F8FBFF36F8F8DE7284601F076
:10E890000BFB20E7226CA56B002A92D04146E06872
:10E8A00002F082FF226CE36821689B1A8B42E360CE
:10E8B000C2F1000204D263681A44E260022F84D1DC
:10E8C000002D83D10123A363636A002B82D004F15E
:10E8D000240001F097FA00283FF47CAF454B4FF03D
:10E8E00080525A6040BFBFF34F8FBFF36F8F71E705
:10E8F00001F00CFE284604B0BDE8F08701F0FCFDF5
:10E9000094F845506DB2002D15DD04F1240604E0A5
:10E910006B1E13F0FF0F5DB20DD0636A304653B12A
:10E9200001F070FA0028F3D001F0FEFA6B1E13F02C
:10E93000FF0F5DB2F1D1FF2384F8453001F0E6FD11
:10E9400001F0DAFD94F844506DB2002D15DD04F1AC
:10E95000100604E06B1E13F0FF0F5DB20DD02369AB
:10E96000304653B101F04EFA0028F3D001F0DCFA42
:10E970006B1E13F0FF0F5DB2F1D1FF2384F844301A
:10E9800001F0C4FD01F006F8002004B0BDE8F087F6
:10E99000414607BBA06802F007FFA368216C6268CC
:10E9A0000B449342A360FFF410AF0135A563636A83
:10E9B0002268A260002B3FF40DAF88E76068013544
:10E9C00001F02AFBA563636A6660002B7FF47FAFCA
:10E9D000002883D1FEE6E06802F0E6FE226CE368E0
:10E9E00021689B1A8B42E360C2F10002BFF466AF5C
:10E9F00061E700BF00ED00E0F8B50C4679B30025F3
:10EA000001232160C1E90F3581F84630064601F047
:10EA100073FDD4E90F322168A56303FB02F39A1A50
:10EA20000A440B44FF27C4E90131E26084F84470D2
:10EA300004F1100084F8457002F054FC04F1240045
:10EA400002F050FC01F062FDC4E90055E56084F875
:10EA50004C602B462A4629462046FFF71DFE2046DD
:10EA6000F8BD00BF2DE9F043044683B01646994631
:10EA7000EFF31188402282F31188806BE26B9042A1
:10EA80001ED3022B05D0002088F3118803B0BDE807
:10EA9000F08394F84550226CA76B6DB232BB2368AB
:10EAA000002B47D001376B1CA76335D001356DB201
:10EAB00084F84550012088F3118803B0BDE8F08345
:10EAC00094F84550226CA76B6DB2002AE7D0002B5A
:10EAD00038D1A06802F068FEA368216C62680B441C
:10EAE0009342A36024BF2368A360DBE7E06802F0E1
:10EAF0005BFE226CE0682168801A8842E060C2F107
:10EB0000000205D261680A44E260B9F1020FC9D17E
:10EB1000012F38BF0127C6E7636A002BCAD004F172
:10EB2000240001F06FF90028C4D0002EC2D00120CB
:10EB30003060A9E76068019301F06EFA019B6360A1
:10EB40000137B0E7E06802F02FFE226CE068216830
:10EB5000801A8842E060C2F10002D6D2D2E700BF3C
:10EB60002DE9F043044685B00F46019201F0C4FC44
:10EB7000A56B002D40F02781019B002B00F0D28077
:10EB800002A801F091F9DFF88C8204F1240601F06B
:10EB9000BDFC00F04FFE01F0AFFC94F84430FF2BB9
:10EBA00004BF002384F8443094F84530FF2B04BFA1
:10EBB000002384F8453001F0A9FC01A902A801F066
:10EBC0007FF900285BD101F097FCA36B002B40F08C
:10EBD000AF8001F09BFC0199304601F097F801F0FD
:10EBE0008BFC94F845506DB2002D05DC12E06B1ED5
:10EBF00013F0FF0F5DB20DD0636A304653B101F0E0
:10EC000001F90028F3D001F08FF96B1E13F0FF0F0C
:10EC10005DB2F1D1FF2384F8453001F077FC01F0BB
:10EC20006BFC94F844506DB2002D15DD04F1100911
:10EC300004E06B1E13F0FF0F5DB20DD02369484650
:10EC400053B101F0DFF80028F3D001F06DF96B1E2D
:10EC500013F0FF0F5DB2F1D1FF2384F8443001F0CF
:10EC600055FC00F097FE002853D14FF08053C8F8B0
:10EC7000043040BFBFF34F8FBFF36F8F49E001F007
:10EC80003BFC94F845506DB2002D05DC12E06B1E84
:10EC900013F0FF0F5DB20DD0636A304653B101F03F
:10ECA000B1F80028F3D001F03FF96B1E13F0FF0F0D
:10ECB0005DB2F1D1FF2384F8453001F027FC01F06B
:10ECC0001BFC94F844506DB2002D15DD04F11009C1
:10ECD00004E06B1E13F0FF0F5DB20DD023694846B0
:10ECE00053B101F08FF80028F3D001F01DF96B1E2D
:10ECF00013F0FF0F5DB2F1D1FF2384F8443001F02F
:10ED000005FC00F047FE01F0F7FBA36B53B101F0E7
:10ED1000FDFB01F0F1FBA56B002D54D1019B002BF5
:10ED20007FF435AF01F0F2FB002005B0BDE8F083C1
:10ED300001F0ECFB01F0E0FB94F845506DB2002DC2
:10ED400005DC12E06B1E13F0FF0F5DB20DD0636A9D
:10ED5000304653B101F056F80028F3D001F0E4F842
:10ED60006B1E13F0FF0F5DB2F1D1FF2384F8453025
:10ED700001F0CCFB01F0C0FB94F844506DB2002DC3
:10ED800015DD04F1100904E06B1E13F0FF0F5DB2F6
:10ED90000DD02369484653B101F034F80028F3D070
:10EDA00001F0C2F86B1E13F0FF0F5DB2F1D1FF232B
:10EDB00084F8443001F0AAFB00F0ECFD01F09CFB6C
:10EDC000A56B002DAAD0226C52B1E1686368114492
:10EDD0009942E16024BF2168E160384602F0E4FC1A
:10EDE000013DA56323692BB901F090FB012005B01B
:10EDF000BDE8F08304F1100001F004F80028F3D01E
:10EE0000044B4FF080525A6040BFBFF34F8FBFF3A7
:10EE10006F8FE9E700ED00E02DE9F043044685B08F
:10EE200000F12406019101F067FBA36BDFF8DC829F
:10EE30000027B946002B40F0D780019D002D00F03F
:10EE4000418102ADB9F1000F00F0DE8001F05EFB00
:10EE500000F0F0FC01F050FB94F84430FF2B04BFAD
:10EE6000002384F8443094F84530FF2B04BF00237E
:10EE700084F8453001F04AFB284601A901F020F84A
:10EE800000285FD101F038FBA36B002B40F0C88055
:10EE900001F03CFB2368002B00F01B8101993046F8
:10EEA00000F034FF01F028FB94F845506DB2002DBE
:10EEB00005DC12E06B1E13F0FF0F5DB20DD0636A2C
:10EEC000304653B100F09EFF0028F3D001F02CF83B
:10EED0006B1E13F0FF0F5DB2F1D1FF2384F84530B4
:10EEE00001F014FB01F008FB94F844506DB2002DC2
:10EEF00015DD04F1100904E06B1E13F0FF0F5DB285
:10EF00000DD02369484653B100F07CFF0028F3D0B0
:10EF100001F00AF86B1E13F0FF0F5DB2F1D1FF2371
:10EF200084F8443001F0F2FA00F034FD002853D1A7
:10EF30004FF08053C8F8043040BFBFF34F8FBFF38A
:10EF40006F8F49E001F0D8FA94F845506DB2002D6A
:10EF500005DC12E06B1E13F0FF0F5DB20DD0636A8B
:10EF6000304653B100F04EFF0028F3D000F0DCFF34
:10EF70006B1E13F0FF0F5DB2F1D1FF2384F8453013
:10EF800001F0C4FA01F0B8FA94F844506DB2002DC3
:10EF900015DD04F1100904E06B1E13F0FF0F5DB2E4
:10EFA0000DD02369484653B100F02CFF0028F3D060
:10EFB00000F0BAFF6B1E13F0FF0F5DB2F1D1FF231B
:10EFC00084F8443001F0A2FA00F0E4FC01F094FA75
:10EFD000A36BEBB101F09AFA01F08EFAA36B4FF03C
:10EFE0000109002B3FF429AF2268013BA363002AEB
:10EFF00000F088802369002B74D101F087FA012783
:10F00000384605B0BDE8F083284600F04DFF1DE707
:10F0100001F07CFA002F4AD1384605B0BDE8F083F4
:10F0200001F074FA01F068FA94F845506DB2002DC1
:10F0300005DC12E06B1E13F0FF0F5DB20DD0636AAA
:10F04000304653B100F0DEFE0028F3D000F06CFF34
:10F050006B1E13F0FF0F5DB2F1D1FF2384F8453032
:10F0600001F054FA01F048FA94F844506DB2002DC2
:10F0700015DD04F1100904E06B1E13F0FF0F5DB203
:10F080000DD02369484653B100F0BCFE0028F3D0F0
:10F0900000F04AFF6B1E13F0FF0F5DB2F1D1FF23AA
:10F0A00084F8443001F032FA00F074FC94E701F087
:10F0B00023FA616A19B1236B1968C1F1050160680F
:10F0C00000F0DAFF01F022FA0027384605B0BDE86B
:10F0D000F08301F011FA606800F058FF074601F074
:10F0E00015FADBE604F1100000F08CFE002884D055
:10F0F000064B4FF080525A6040BFBFF34F8FBFF3B3
:10F100006F8F7AE700F0F2FF606073E700ED00E0D8
:10F1100010B5044682B001F0EFF9A06B019001F048
:10F12000F5F9019802B010BD104B5A68904208D012
:10F13000DA68904208BF012204D090F8463093B1BB
:10F1400070470022002110B403EBC20443F83210D0
:10F1500090F84630616013B15DF8044B70475DF87C
:10F16000044B02F04FB902F04DB900BFB485002046
:10F17000074B1A681AB19A6802B17047012210B49D
:10F1800003EBC20443F8321060605DF8044B704733
:10F19000B485002070B504460E46154601F0ACF962
:10F1A00094F84430FF2B04BF002384F8443094F8D3
:10F1B0004530FF2B04BF002384F8453001F0A6F949
:10F1C000A36B002B45D001F097F994F845506DB230
:10F1D000002D15DD04F1240604E06B1E13F0FF0F73
:10F1E0005DB20DD0636A304653B100F00BFE0028CB
:10F1F000F3D000F099FE6B1E13F0FF0F5DB2F1D15A
:10F20000FF2384F8453001F081F901F075F994F895
:10F2100044506DB2002D15DD04F1100604E06B1EA4
:10F2200013F0FF0F5DB20DD02369304653B100F0EB
:10F23000E9FD0028F3D000F077FE6B1E13F0FF0FFE
:10F240005DB2F1D1FF2384F84430BDE8704001F095
:10F250005DB92A46314604F1240000F093FDB2E77F
:10F260002DE9F041044601F047F9344A344D136862
:10F27000013313602B68002B30D0324E336833B328
:10F28000E36A3148314907680A689F4238BF036022
:10F290002F48013203EB83030A6000EB8300E26333
:10F2A000211D02F02FF801F031F933686BB12A68A3
:10F2B000E36AD26A9A4208D2264B4FF080525A60D3
:10F2C00040BFBFF34F8FBFF36F8FBDE8F0812A6857
:10F2D000E36AD26A9A4298BF2C60D2E72C60136826
:10F2E000012B02D0E36A174ECBE71948DFF8908074
:10F2F000194F144E01F0F6FF184801F0F3FF1848BB
:10F3000001F0F0FF174801F0EDFF174801F0EAFFA8
:10F31000404601F0E7FF384601F0E4FF134801F0F2
:10F32000E1FF134801F0DEFF124801F0DBFF124B52
:10F33000124AC2F800801F60E36AA2E788790020C1
:10F3400018790020E87900209C7900209879002025
:10F350002479002000ED00E0B47900203879002005
:10F360004C7900206079002074790020D479002045
:10F37000007A0020EC790020207900201C79002000
:10F38000A07900202DE9F843DDE909C4002C66D0FE
:10F39000BCF1000F60D00D4696009846022332461D
:10F3A00084F85130A5210746C4F830C0604602F009
:10F3B00023FA2A7884F83420236B2978321F1A44E0
:10F3C00022F0070601B36B7884F835306B78DBB137
:10F3D000AB7884F83630AB78B3B1EB7884F837305B
:10F3E000EB788BB12B7984F838302B7963B16B795A
:10F3F00084F839306B793BB1AB7984F83A30AB792A
:10F4000013B1EB7984F83B30089D042D28BF042507
:10F410004FF00009E5626564201D84F83B90C4F854
:10F42000489001F06BFFC5F1050504F1180001F0EB
:10F4300065FFC4F84C9042463946A561246184F8C2
:10F4400050906462304601F01BF820602046FFF7C0
:10F4500007FF2046BDE8F8836046BDE8F8832046F4
:10F46000BDE8F8832DE9F0479600804630460D460A
:10F47000994601F0B3FF002862D00746542001F0FE
:10F48000ADFF044600285FD000230763324684F8AE
:10F4900051303846A52102F0AFF92B7884F834308A
:10F4A0002B78D4F830A003B36B7884F835306B78C0
:10F4B000DBB1AB7884F83630AB78B3B1EB7884F855
:10F4C0003730EB788BB12B7984F838302B7963B1F6
:10F4D0006B7984F839306B793BB1AB7984F83A3089
:10F4E000AB7913B1EB7984F83B30089D042D28BF2C
:10F4F00004250027E5626564201D84F83B70A7643D
:10F50000043E01F0FBFEC5F1050504F11800564468
:10F5100001F0F4FEE764A56126F0070084F850705E
:10F52000246164624A46414600F0AAFF099B2060BC
:10F5300003B11C602046FFF793FE0120BDE8F08771
:10F540004FF0FF30BDE8F087384601F05BFF4FF029
:10F55000FF30F3E770B50446534E00F0CDFF002CAA
:10F5600000F08280251D284601F0F4FEA36A1BB13D
:10F5700004F1180001F0EEFE29464C484C4D01F014
:10F58000C1FE94F85030012B04BF002384F85030A2
:10F5900000F0BCFF2B68002B57D13368A34200D08A
:10F5A00070BD2B68002B66D14049424A0968126839
:10F5B00091426AD0404B1B68002B68D13F4A1360D0
:10F5C0003268336812681B6B9A4266D93C4C3D4BDB
:10F5D000226802EB820080009100185828BB501E60
:10F5E00000EB8005AD0081005D59002D53D1901EC8
:10F5F00000EB8005AD0081005D59002D4BD1D01E80
:10F6000000EB8005AD0081005D59002D43D1101F36
:10F6100000EB8005AD0081005D59002D3BD1053A1E
:10F6200002EB8200800091001858114403EB810026
:10F6300003464168496841600833994204BF4968FC
:10F640004160CB683360226070BD00F055FF1E4BF7
:10F650001A68126852B11A681C4BD268D268526894
:10F660001A6000F053FF98E734687BE7174B4FF0C0
:10F67000FF321A60F5E7164B4FF080525A6040BFD8
:10F68000BFF34F8FBFF36F8F70BD336070BD0B4BF7
:10F6900001221A6070BD0246C7E730683168343114
:10F6A00001F0B6FB92E700BF18790020EC7900204A
:10F6B000E87900208879002094790020187A0020C9
:10F6C0009C790020247900201C790020CC7900202E
:10F6D00000ED00E098B130B51D4D2B68834283B03A
:10F6E00004460AD000F008FF1A4B62699A4207D01C
:10F6F00003B0BDE8304000F009BF03B030BD704733
:10F70000A36A154A9342F3D0002BF1D1211D08467C
:10F71000019101F01FFE114AE36A106801998342CA
:10F720000F4888BF136003EB830300EB830001F0F5
:10F73000E9FD2B68E26ADB6A9A42D9D3094B4FF0A4
:10F7400080525A6040BFBFF34F8FBFF36F8FCFE738
:10F7500018790020EC790020D47900209C790020D1
:10F760002479002000ED00E070B584B0002503AAE4
:10F7700002A901A8CDE9015501F04EFB019C002C26
:10F7800046D00298002843D0039E20630223B6008F
:10F790003246A52184F8513002F02EF8206B1F4B21
:10F7A0006363043E0644C4E91155201D84F83850B3
:10F7B00084F83B50E56201F0A1FD04F1180001F06E
:10F7C0009DFD26F0070605231549A3612A46E56439
:10F7D00030462461646284F8505000F051FE20608D
:10F7E0002046FFF73DFD0F4B1C6000F0EFFD0128A8
:10F7F00011D1402383F311880B490C4A0C4B4FF075
:10F80000FF340C6010601D6000F050FE04B070BD4D
:10F81000044B00221A6004B070BD00BF49444C453F
:10F8200039FB0200C8790020CC790020E87900205B
:10F83000147A0020024A136801331360704700BF36
:10F8400094790020014B1868704700BF147A00209B
:10F85000024A136818441060704700BF147A0020F1
:10F860002DE9F04F404B1B6883B0002B46D13F4B36
:10F870001E6801361E60002E4ED0DFF808B1DBF89E
:10F880000030B3425FD83A4F3B681D68002D65D009
:10F89000DFF8F480DFF8F4A0DFF8F490002522E030
:10F8A000019101F057FDA36A019904F1180013B109
:10F8B00001F050FD0199E36AD8F8002003EB8300C2
:10F8C00093420AEB800088BFC8F8003001F01AFDAF
:10F8D000D9F800203B68E16AD26A1B68914228BFD0
:10F8E0000125002B3AD03B68DB68DC686368211D8A
:10F8F0009E420846D4D2CBF8003004E01D4A13687B
:10F900000133136000251C4B1B68002B0CBF2846DD
:10F91000012003B0BDE8F08F154B184A186818494C
:10F9200014681C6010600A6801320A601A68126864
:10F930005AB9DFF850B04FF0FF33CBF80030DBF8A6
:10F940000030B3429FD90025DDE71B68DFF834B0F3
:10F95000DB68DB685B68CBF8003090E74FF0FF3383
:10F96000CBF80030CFE700BF94790020147A002054
:10F970001C79002090790020187A0020207900203E
:10F98000D0790020CC7900209C79002024790020B7
:10F99000187900202DE9F04F83B000F0ADFD3A4B0F
:10F9A0001A68013A1A601B68002B55D1374B1B6847
:10F9B000002B51D0364D2B68002B62D0354EDFF82E
:10F9C000EC80354FDFF8E8904FF0010AEB68DC6817
:10F9D00004F1040B04F1180001F0BCFC584601F0DE
:10F9E000B9FCE36A326803EB83009342594608EBA3
:10F9F000800088BF336001F085FC3B68E26ADB6A07
:10FA00009A4231D3C9F800A02B68002BDED1234BDA
:10FA10001A681268002A2FD01A68214BD268D2685F
:10FA200052681A601F4E346844B10125FFF718FF71
:10FA300008B1C9F80050013CF8D13460D9F8003061
:10FA400053B1194B4FF080525A6040BFBFF34F8FF4
:10FA5000BFF36F8F012000E00020019000F056FD01
:10FA6000019803B0BDE8F08F2B68002BAED10B4B93
:10FA70001A681268002ACFD1094B4FF0FF321A6082
:10FA8000D0E7DFF82C90CDE794790020887900202A
:10FA9000D47900209C790020187900201C7900205E
:10FAA000CC7900209079002000ED00E0247900203E
:10FAB000187A002070B548B9184B4FF080525A6040
:10FAC00040BFBFF34F8FBFF36F8F70BD144A15490E
:10FAD0001368154D013313600E680446286804301E
:10FAE00001F038FC2B68A4195C600FD20F4B18682A
:10FAF0002968043101F016FC0D4B1A68944238BF96
:10FB00001C60FFF747FF0028D6D070BD094B18686E
:10FB10002968043101F006FCF3E700BF00ED00E0C6
:10FB200094790020147A0020187900201C79002094
:10FB3000CC790020207900202DE9F84F3A4CDFF8ED
:10FB400004913A4D3A4EDFF800813A4FDFF8FCB0AD
:10FB50002368EBB100F0D0FCD9F80C30D3F80CA03E
:10FB60000AF1040001F0F6FB2B68013B2B602368CF
:10FB7000013B236000F0CAFC9AF85130002B34D0CE
:10FB8000012BE5D1504601F03DFC2368002BE1D16B
:10FB90003368012B08D94FF08053CBF8043040BFB5
:10FBA000BFF34F8FBFF36F8F00F056FED8F80030D1
:10FBB0001BBB3B68DB6A002BCAD13368012BC7D85B
:10FBC0001D4B1E4A1B6812689B1A012BC0D91C4A88
:10FBD000136801331360D8F80030A3B13B68DB6AC7
:10FBE00003B93368FFF7D6FEB2E7DAF8300001F068
:10FBF00009FC504601F006FCAAE73B68DB6A002BD3
:10FC0000A6D13368A4E73B68DB6A002BEAD13368EE
:10FC1000012BE7D8084B1868084B1B68C01A01284D
:10FC2000E0D900F0E3FCDDE78C7900208879002042
:10FC30002479002018790020CC790020147A002043
:10FC400094790020007A00209C79002000ED00E0EB
:10FC5000294B1B681BB1294B01221A607047274AA8
:10FC600070B5274C13602268236812681B6B9A4298
:10FC70003CD9244D244B2A6802EB8200800091007D
:10FC8000185808BB501E00EB8006B60081009E5934
:10FC900056BB901E00EB8006B60081009E591EBB2D
:10FCA000D01E00EB8006B60081009E59E6B9101FF9
:10FCB00000EB8006B60081009E59AEB9053A02EB12
:10FCC0008200800091001858114403EB8100034624
:10FCD0004168496841600833994204BF49684160FE
:10FCE000CB6823602A6070BD0246EDE7206821687A
:10FCF000343101F08DF8BCE794790020187A0020A7
:10FD0000187900209C7900202479002070B5174DC7
:10FD10002B680C4603F1180101F004FB144B1E681C
:10FD20002868043001F016FB631C17D02B68A41957
:10FD30005C6007D30F4B18682968BDE87040043138
:10FD400001F0F0BA0C4B18682968043101F0EAFAA6
:10FD50000A4B1A68944238BF1C6070BD2968084875
:10FD6000BDE87040043101F0CDBA00BF1879002021
:10FD7000147A0020207900201C790020CC79002002
:10FD8000EC79002070B5194D2B6816460C4603F12E
:10FD9000180101F0B7FA164B5EB11B6828680430F1
:10FDA00001F0D8FA29681348BDE87040043101F029
:10FDB000A9BA1E682868043001F0CCFA2B68A4198F
:10FDC0005C6007D30C4B18682968BDE870400431AB
:10FDD00001F0A8BA094B18682968043101F0A2FAA9
:10FDE000074B1A68944238BF1C6070BD1879002018
:10FDF000147A0020EC790020207900201C79002062
:10FE0000CC79002030B5C368DC6804F1180583B0F4
:10FE1000284601F09FFA1C4B1B683BBB211D08467E
:10FE2000019101F097FA194AE36A10680199834237
:10FE3000174888BF136003EB830300EB830001F0D6
:10FE400061FA144BE26A1B68DB6A9A4282BF124B6A
:10FE500001201860114B1A68126898BF002052B92F
:10FE60000F4B4FF0FF321A6003B030BD0D482946EA
:10FE700001F048FAE5E71A68094BD268D26852687F
:10FE80001A6003B030BD00BF947900209C79002037
:10FE90002479002018790020187A00201C7900208D
:10FEA000CC790020D4790020034A044B12681B68E7
:10FEB000C0E90023704700BFD0790020147A0020E9
:10FEC000F0B50D4683B0044600F016FB2B68144ACB
:10FED000591C10681DD0DFF84CC0D4E90061DCF873
:10FEE0000070BE4208D0814206D80120019000F087
:10FEF0000DFB019803B0F0BD471ABB420BD91B1A8A
:10FF00000B44DCF8001012682B600020C4E90012DA
:10FF1000ECE70020EAE700232B600120E6E700BFC2
:10FF2000147A0020D0790020014B01221A6070471A
:10FF3000187A0020094B186818B9094B1B6813B1CF
:10FF4000704700207047074A074B10681B68013B49
:10FF5000984214BF01200220704700BFD4790020CE
:10FF6000187A0020EC79002088790020054B1B6866
:10FF700033B1054B1B68002B0CBF022000207047DB
:10FF800001207047E87900209479002070B504467C
:10FF900082B0C8B11D4DC36A2A68D26A934215D295
:10FFA0008269002A04DB2A68D26AC2F105028261F2
:10FFB000174E626903EB830306EB83039A420ED06C
:10FFC0002B68DB6AE362012002B070BD2B68406CD5
:10FFD000DC6AA0422CBF0020012002B070BD211DB0
:10FFE0000846019101F0B6F92A680A4BD06A1A68EE
:10FFF0000199E062904200D9186000EB800006EBA6
:020000023000CC
:10000000800001F07FF90120DEE700BF18790020B1
:10001000247900209C79002068B130B5836CC16AD6
:10002000426C013B914283B00446836400D023B10B
:10003000002003B030BD00207047011D084601912B
:1000400001F088F90A4A636C1068E3628342094848
:1000500088BF1360C3F1050503EB830300EB830046
:100060000199A56101F04EF9012003B030BD00BF38
:100070009C7900202479002070B130B5426CC36AAD
:10008000914238BF11468B4283B0044602D0826C45
:10009000012A02D003B030BD70478269114DC162A0
:1000A000002A03EB83034269A8BFC1F1050105EBF8
:1000B0008303A8BF81619A42ECD1011D08460191DA
:1000C00001F048F9084BE06A1A680199904288BF2C
:1000D000186000EB800005EB800003B0BDE8304005
:1000E00001F010B9247900209C790020044B1A6893
:1000F0001AB119688A6C01328A641868704700BFA7
:10010000187900202DE9F0431D4EDFF87C9085B072
:100110004FF000080CE0DB68DC681F68251D2846EE
:1001200001F018F9636A20469847E369012B0AD069
:1001300033681A68002AEED1124A116831601360E0
:1001400005B0BDE8F083A3693B449F42294610D324
:10015000D9F80030002BEBD0CDE900870294FFF7EF
:1001600005FF0023D9F800001A466946FEF794FA05
:10017000DEE730686360246101F0D4F8D8E700BF9F
:100180001C7A0020207A0020A07C00202DE9F04F6E
:10019000894E8A4CDFF82C82894DDFF82CA28BB077
:1001A0003368D3F800B0BBF1000F00F0A980DB6822
:1001B000D3F800B0FFF73EFBFFF744FB2268824212
:1001C000814600F2AE808345206040F2BF8000226D
:1001D0002868ABEB0901FEF7DDFFFFF7DBFB40B959
:1001E0004FF08053CAF8043040BFBFF34F8FBFF3C6
:1001F0006F8F2868002202A9FEF7B2FC0028CFD03A
:10020000029B002B73DBDDF81090D9F814301BB182
:1002100009F1040001F09EF8FFF714FB23689842EF
:100220000746C0F08580029B2760092BE1D801A218
:1002300052F823F05D0203005D0203005D0203003B
:10024000F3010300B7020300DF0203005D020300B5
:100250005D020300F3010300B70203000398D9F81D
:100260001830C9F81090C2182CBF01210021BA42E1
:10027000C9F804205FD8381A834228D8D9F8243026
:1002800048469847D9F81C302868012BB2D100287D
:10029000B0D0D9F81820039B00211344CDE90739C9
:1002A0000691FFF763FE002328681A4606A9FEF7A9
:1002B000F3F928689EE7039BC9F81090DA19BA424F
:1002C000C9F81830C9F8042039D8002B91D0D8F8D3
:1002D000000009F1040101F025F828688AE799F87F
:1002E0002C30002B85D1484601F08CF881E7039B28
:1002F000DDE904019847029B002BFFF67AAF82E705
:10030000FFF798FAFFF79EFA22689042814608D3D9
:10031000D8F80020C4F800901268B2FA82F25209AC
:1003200056E7FFF7EFFEC4F80090FFF733FB60E7F6
:10033000FFF7E8FE77E7B84201D900299ED0306880
:1003400009F1040100F0EEFF286853E7FFF722FBF4
:100350003268D268D768391D0846019100F0FAFF6B
:10036000F8690199012803D07B6A3846984740E72D
:10037000BA693F610BEB02004845786003D93068E9
:1003800000F0D0FFF0E7A9EB0B039A420FD82B68DF
:10039000002BE9D00023CDE9063B0897FFF7E6FDE7
:1003A000002328681A4606A9FEF776F9DCE7D8F894
:1003B000000000F0B7FFD7E71C7A00204C7C00203B
:1003C000A07C0020207A002000ED00E0F0B51F4C5A
:1003D00089B000F091F82568F5B100F097F8206831
:1003E000C0B1002407AA06A905A8CDE9054400F07C
:1003F00021FDDDE905310222CDE900210293079AB2
:10040000134914482346FEF7BDFF134B1860001B29
:1004100018BF012009B0F0BD104F114E384600F052
:1004200061FF304600F05EFF0E4A0F4900950F4B0A
:1004300017600E600E4A10212020FEF7BBF82060E6
:100440000028CAD00B49FEF793FEC6E7A07C002027
:10045000983F03008D010300A47C0020247C002031
:10046000387C00201C7A0020207A0020507C00205C
:10047000247A0020903F0300402383F31188FEE795
:1004800030B46FF00203084C40F80C4C4FF080750C
:1004900040F8045C40F8081C40F8202C40F8243C4C
:1004A00030BC4438704700BF790403000F4C08B5D6
:1004B000E02384F8223000F07BF80D4B0D4A002138
:1004C0001960D4F8883043F47003C4F88830536856
:1004D00043F040435360236943F01003236100F06D
:1004E00069F9402383F31188FEE700BF00ED00E0C7
:1004F000A87C002030EF00E0402383F31188024AFB
:100500001368013313607047A87C0020034A136806
:10051000013B13600BB983F311887047A87C00205E
:1005200041DF704712DF704770B51D4B00221A6023
:1005300082B01B680193019BEFF31186402383F384
:1005400011881849184BD1F804451A601B680093AC
:10055000009BFFF777F9201A20F07F4323F0010377
:1005600020F07F459BB96C1E6DB10025FFF778F92F
:10057000013C631C45EA0005F8D125B10B4B4FF057
:1005800080525A6040BF86F3118802B070BDFFF7F9
:10059000EDFC0228E7D0FFF763F90546EDE700BF61
:1005A00040110140001001400011014000ED00E049
:1005B0000B4B0C4930B41F200B4DC3F8080501222A
:1005C0000224E020C3F804232A601A60C3F84443DD
:1005D00081F811034FF400330B6030BC704700BF4B
:1005E0000010014000E100E0081001402DE9F04159
:1005F000054684B0EFF3108272B6634CA36883B9EA
:10060000624B63480121A160D3F880100140216052
:10061000C3F88000D3F8841061604FF0FF31C3F855
:10062000841002B962B65B4ED6F80485FFF782FCEF
:1006300078B3594F594AAF4228BF2F4607EB0803FA
:1006400023F07F4301214FF0000CC6F80813C6F8D1
:100650004035C2F800C0136801934FF4803301980D
:10066000C6F80433BFF34F8F25BBC6F808331560B7
:1006700012684B4B0392039A1D601B680293434B15
:10068000029AC6F804134FF40032D6F80415C3F8E2
:100690008021A3685BB1EFF3108272B63B4B2168F7
:1006A0001960616859600023A36002B962B604B0A2
:1006B000BDE8F081F1EE103A23F09F03E1EE103A2D
:1006C000F1EE103A314D4FF480634022C5F8842199
:1006D00003A8C5F884318DF80CC0FFF723FF9DF8FF
:1006E0000C30002B4DD12B4620BFD3F80011D3F88E
:1006F00004210A43F8D0274B2848294A4FF4803177
:10070000C3F808130021016000680390039811608A
:100710001268029201220299C3F80423D3F8043527
:100720001A4AA3EB080828F07F48474528BF4746E8
:100730004FF40033012FC2F8803120D9781EFFF723
:1007400087F8184BDB68DA010FD5174A1368DB0707
:100750000BD5164B516803FB07F7A7F57427A7F5D0
:100760001077BF0A01EB87175760FFF779F8002869
:100770008FD00F4B4FF080525A6040BF89E7F4D0C2
:1007800087E7FFF7CDFEB6E7C885002000E100E06F
:10079000FC06FFBD00100140FDFFFF0040110140BD
:1007A00000110140F0ED00E0001000E040420F00B9
:1007B00000ED00E00748006880F3088862B661B683
:1007C000BFF34F8FBFF36F8F4FF0E00080F31188BE
:1007D00000DF00BF00700200064B19680868B0E82F
:1007E000F04F80F30988BFF36F8F4FF0000080F364
:1007F0001188704718790020EFF30980BFF36F8FDD
:10080000144B1A681EF0100F08BF20ED108A20E963
:10081000F04F10604DF8043D4FF0400080F3118818
:10082000BFF34F8FBFF36F8FFFF712FA4FF0000047
:1008300080F3118808BC19680868B0E8F04F1EF012
:10084000100F08BFB0EC108A80F30988BFF36F8FD8
:10085000704700BF18790020704700BF0A490B4A53
:100860000B4B9B1A03DD043BC858D050FBDC0948F6
:1008700009494FF0AD32026004300439FBD100F079
:10088000A5F9F6F7E5FC00005442030000600020E3
:100890001463002000F8032000080000FEE7FEE7D4
:1008A000FEE7FEE7FEE7FEE7FEE7FEE7FEE7FEE720
:1008B00008B50020F7F78AFEF6F704FD114BBBB12F
:1008C000114B63B1F6F744FD00F092FAAFF30080EC
:1008D000F6F73EFD00F08CFAAFF30080F2E7F6F792
:1008E00037FD00F085FAF6F733FD00F081FAF6E700
:1008F000F6F72EFD00F07CFAF6F72AFD00F078FA04
:10090000F6E700BF000000000000000000B583B063
:1009100000F0E0FBFDF76AFD0E4B019301230E4949
:1009200000934FF4806200230C48FEF79BFD4FF4C8
:10093000407000F083FBFEF717FFBFF34F8F0849AD
:10094000084BCA6802F4E0621343CB60BFF34F8FD9
:1009500000BFFDE7AC7C0020A03F0300B10803000E
:1009600000ED00E00400FA05114B1A78EAB90178AD
:10097000104810B40A464FF0804402F00102C1F35F
:100980004001C4F88015C4F878250268D20706D45F
:10099000E021012280F80013C0F8802102600122CA
:1009A00005485DF8044B1A7070470448704700BF53
:1009B000C485002000E100E00000AD0B0C00AD0B91
:1009C000044B02684FF080414FF46070C1F8080397
:1009D0001A607047B87C00204FF080434FF460727B
:1009E000C3F80423704700BF10B54FF0804386B0B2
:1009F000D3F80443620705D5D3F8082103F58473BF
:100A0000002A4ED1A30603D52A4B1A68002A3FD1EB
:100A1000600603D5284B1A68002A2FD1210602D57B
:100A2000264B1A680ABBE20502D5254B1A6892B913
:100A3000A3050ED5234B1A685AB100221A601A6812
:100A4000214B0592059A1B68022006B0BDE81040B4
:100A5000184706B010BD00221A601B4A1B68049399
:100A600001201368049A9847E2E700201860164AAC
:100A70001B6803931368039A9847D4E700221A600F
:100A8000124A1B68029301201368029A9847C5E72F
:100A9000002018600D4A1B6801931368019A98475B
:100AA000B6E700221A600A4A1B6800931368009A8E
:100AB0009847A7E714010040180100401C010040BE
:100AC0002001004024010040B87C0020B47C0020BC
:100AD000B07C0020194BD3F8182102B970470021CF
:100AE000174AC3F81811D3F81811D37F82B0FF2B1F
:100AF000019101990DD0917F99B11F2B8ABF1148A7
:100B00004FF0A04003F01F03012101FA03F3C0F8E6
:100B10000C35002353771372D2E900310A4802B032
:100B200018471F2B8ABF07484FF0A04003F01F0350
:100B3000012101FA03F3C0F80835EAE7003002406A
:100B4000BC7C002000030050C47C00201B4BD3F869
:100B5000182102B970470021194AC3F81811D3F8B7
:100B6000181192F8433082B0FF2B019101990ED0F9
:100B700092F84210A9B11F2B8ABF12484FF0A04033
:100B800003F01F03012101FA03F3C0F80C35002321
:100B900082F8413082F82C30D2E909310A4802B09B
:100BA00018471F2B8ABF07484FF0A04003F01F03D0
:100BB000012101FA03F3C0F80835E8E700F002402C
:100BC000BC7C002000030050E87C0020764B1B68B2
:100BD00010B45C1C00F0B880744A082B126822D054
:100BE000714B1B68082B72D0591C15D06F4A1268C4
:100BF000082B00F0CB806E4AD2F8883043F47003A3
:100C0000C2F88830BFF34F8FBFF36F8F694B6A4ACA
:100C10005DF8044B1A607047684A694B12681B788C
:100C2000C2F30312E4E7032A40F2A1805F4A12688C
:100C3000082BD5D1032AD3D84FF08052614BD2F87C
:100C40000414C3F82015D2F80814C3F82415D2F8F8
:100C50000C14C3F82815D2F81014C3F82C15D2F8C8
:100C60001414C3F83015D2F81814C3F83415D2F898
:100C70001C14C3F84015D2F82014C3F84415D2F858
:100C80002414C3F84815D2F82814C3F84C15D2F828
:100C90002C14C3F85015D2F83014C3F85415D2F8F8
:100CA0003414C3F86015D2F83814C3F86415D2F8B8
:100CB0003C14C3F86815D2F84014C3F86C15D2F888
:100CC0004424C3F87025384B1B68082B8CD1374B54
:100CD0001A68032A8FD83C4B9B5C13B13B4B3C49B1
:100CE00019603C4B9B5C6BB12F4B3B491B682F4AF7
:100CF000FB20C1F81805082B12687FF475AF032A92
:100D00003FF679AF354B9B5CA3B1354B354C196839
:100D10002068264AA3F5947320F00F001B68126820
:100D200001F00F010143082B21607FF45DAF032A1E
:100D30003FF661AF2C4B9B5C5BB31B4B2B4A1B6894
:100D40004FF4007111604FE71D4A1C4B12781B686D
:100D5000082A4FEA13137FF443AF13F00C0F06D0A9
:100D6000164A174B12681B78C2F3031260E70E4B4A
:100D70001B684FF080420021581CC2F80C11C2F8C9
:100D80001011C2F838157FF451AFE9E7032A3FF696
:100D900032AF4FF08043D3F80024D20744BF6FF046
:100DA0000102C3F8002426E73001001034010010CE
:100DB00000ED00E0286100200090D003E80F00F073
:100DC000E00F00F000C00040A83F03008C56004038
:100DD00048810300A83F030000F00040A83F030043
:100DE00058020010E40E0040A83F03004096024065
:100DF00008B5F7F7F1FB054B4FF080525A6040BF42
:100E0000BFF34F8FBFF36F8F08BD00BF00ED00E051
:100E1000704700BF704700BF044B036010B46423E9
:100E2000034C0C605DF8044B13607047047D002098
:100E3000587D0020054B036010B44FF48073044CC0
:100E40000C605DF8044B1360704700BFE87E002023
:100E50003C7F002070B51F4D84B028684FF0FF32F2
:100E600003A9FDF77DFE0028F7D0039C237A66686E
:100E7000052B0CD8DFE803F02629211B1403D4E945
:100E80000523D4E90301E4690094B047039C20687A
:100E900010B100F08DFA039C204600F089FADCE7DF
:100EA000D4E90523D4E90301B047039CEFE7D4E973
:100EB0000412E068B047039CE9E7D4E90301B047B6
:100EC000039CE4E7B047039CE1E7E068B047039C7C
:100ED000DDE700BF408300202DE9F043304B314D6A
:100EE0005B6885B0C3F30803019001AF53B10023E1
:100EF000286839461A46FDF7B5FD012809D105B025
:100F0000BDE8F083286839466422FDF7C5FB012857
:100F1000F5D0DFF89480D8F80000002240000421CA
:100F2000FDF778FB06460028E9D0DFF88090D9F875
:100F30000000FEF70FFBFFF7DFFA01E0FDF7ACFB67
:100F4000002203A92868FDF70BFE04460023642253
:100F500003A93046002CF1D12868FEF7E5F82E6091
:100F6000FFF7D4FAD9F80000FEF7B4FBD8F8003048
:100F70000B4A28685B00C8F800305368C3F30803C5
:100F8000394633B123462246FDF76CFD05B0BDE876
:100F9000F0836422FDF780FB05B0BDE8F08300BF5D
:100FA00000ED00E0408300203C83002044830020CB
:100FB0002DE9F8439DF8206005460F469046994676
:100FC0009EB1B0000C3000F0D9F9044658B10023AE
:100FD000C0F804800672036005B147B90EBB204615
:100FE000FFF77AFF0120BDE8F8831020EBE73846D1
:100FF00000F0C4F980462060D0B13A46294600F09E
:10100000D3FB002EEBD0711EC9B209EB8101A9F10F
:10101000040252F8043FAB4208BFC2F8008091427C
:10102000F7D1B200494604F10C0000F0BDFBD6E751
:10103000204600F0BDF94046D5E700BF70B540231B
:101040000B4D82B004460022184604212B60FDF7A8
:10105000E1FA084D084B0193064602230093074925
:101060002E60A2B200230648FEF7FCF902B070BD64
:101070003C8300204083002044830020AC3F0300D9
:10108000550E030011DF704708B50446FFF7FAFF5D
:101090000D4B4FF080414FF0FF32C3F88020C3F872
:1010A0008021C3F88420C3F88421C1F81C45BFF314
:1010B0004F8F0649064BCA6802F4E0621343CB60C7
:1010C000BFF34F8F00BFFDE700E100E000ED00E05F
:1010D0000400FA054FF08043194AD3F80014194868
:1010E00030B41160D3F80054D3F80024164C1749DB
:1010F0002A43C3F80024D4F84025026001224FF4AB
:101100000030C3F818259A60C1F88000BFF34F8FF4
:10111000BFF36F8F0E4C03F588334FF0A0454FF4AB
:1011200080304FF0FF31C3F84803C3F808035A601A
:101130009A60C5F80815C4F8081530BC704700BFA0
:10114000488300204C83002000A0004000E100E024
:101150000003005008B54E20FFF796FF16281BD855
:101160003C4B53F820301F2B86BF3B4A03F01F0334
:101170004FF0A0420E290FD8DFE801F0655F595308
:101180004D474039322B241D160F080003F5E0733C
:1011900040F2037142F82310704703F5E07340F208
:1011A000036142F82310704703F5E07340F20351E6
:1011B00042F82310704703F5E07340F2034142F810
:1011C0002310704703F5E07340F2033142F8231017
:1011D000704703F5E07340F2032142F82310704793
:1011E00003F5E07340F2031142F82310704703F552
:1011F000E0734FF4403142F82310704703F5E07379
:101200004FF4003142F82310704703F5E07313499F
:1012100042F82310704703F5E073114942F8231098
:10122000704703F5E073042142F82310704703F57B
:10123000E0730C2142F82310704703F5E07303219B
:1012400042F82310704703F5E073002142F82310A1
:10125000704700BF303F030000030050040002004D
:101260000C00030016280FD80B4B53F820301F2B0F
:1012700086BF0A4A03F01F034FF0A04229B10121A3
:1012800001FA03F3C2F808357047012101FA03F3AC
:10129000C2F80C35704700BF303F03000003005018
:1012A000162818D80D4B53F820201F2A8ABF0C4946
:1012B0004FF0A04102F01F02D1F814050123934022
:1012C000034214BFD1F80425D1F81025134214BFEE
:1012D0000120002070470020704700BF303F03000E
:1012E0000003005000F108034FF0FF310022C0E975
:1012F0000333816002604360704700BF00230361D5
:10130000704700BF4368026810B49C688C609C689A
:101310004B600132616099605DF8044B08610260C6
:10132000704700BF30B40D686B1C10D000F108038B
:101330001C465B681A68AA42FAD902684B600132FF
:1013400099608C606160086130BC0260704704691C
:101350006368F2E7036910B4D0E901125C688A603F
:101360008442516008BF5A601A685DF8044B00213E
:10137000013A01611A601868704700BF10B5044651
:10138000FEF7F4FD022804D02046BDE8104000F02E
:10139000FBB9FEF74FFA204600F0F6F90446FEF7D7
:1013A000F9FA0CB1204610BDFFF734FDFAE700BF93
:1013B00010B50446FEF7DAFD02280AD144B1FEF763
:1013C00039FA204600F0E8F9BDE81040FEF7E2BA2D
:1013D00010BD2046BDE8104000F0DEB910B582B067
:1013E0000190FEF727FA019800F0CEF90446FEF7C7
:1013F000D1FA14B1204602B010BDFFF70BFD204614
:1014000002B010BD50B110B50446FEF713FA2046E5
:1014100000F0C2F9BDE81040FEF7BCBA704700BF4B
:1014200053B94AB9002908BF00281CBF4FF0FF314B
:101430004FF0FF3000F06EB9ADF1080C6DE904CE4D
:1014400000F006F8DDF804E0DDE9022304B070479F
:101450002DE9F047089D04468C46002B40F0838020
:101460008A42174647D9B2FA82F242B1C2F120004D
:1014700024FA00F09140974040EA010C94404FEA72
:101480001748230CBCFBF8F61FFA87FE08FB16C1B1
:1014900043EA014306FB0EF1994209D9FB1806F114
:1014A000FF3080F01981994240F21681023E3B44A0
:1014B0005B1AA4B2B3FBF8F008FB103344EA034410
:1014C00000FB0EFEA64509D93C1900F1FF3380F060
:1014D0000581A64540F2028102383C4440EA0640BC
:1014E000A4EB0E0400261DB1D4400023C5E900433F
:1014F0003146BDE8F08702B9FFDEB2FA82F2002A77
:1015000050D1CB1B4FEA174E1FFA87F80126B3FBC9
:10151000FEFC210C0EFB1C3341EA034108FB0CF3DB
:101520008B4207D979180CF1FF3002D28B4200F2BE
:10153000E9808446C91AA3B2B1FBFEF00EFB10117C
:1015400043EA014408FB00F8A04507D93C1900F123
:10155000FF3302D2A04500F2D9801846A4EB08045C
:1015600040EA0C40BFE78B4209D9002D00F0B18062
:101570000026C5E9000130463146BDE8F087B3FAE0
:1015800083F6002E4AD18B4202D3824200F2B88009
:10159000841A61EB030101208C46002DA8D0C5E917
:1015A000004CA5E7C2F1200320FA03F6974001FAA8
:1015B00002F04FEA174ED9403043030CB1FBFEF660
:1015C0001FFA87F80EFB161143EA014306FB08F1E8
:1015D000994204FA02F409D9FB1806F1FF3C80F0A5
:1015E0008D80994240F28A80023E3B445B1A81B270
:1015F000B3FBFEF00EFB103341EA034100FB08F39E
:101600008B4207D9791800F1FF3C73D28B4271D914
:1016100002383944CB1A40EA064678E7C6F1200C76
:1016200003FA06F422FA0CF31C4320FA0CF701FA31
:1016300006F34FEA144E21FA0CF11F433B0CB1FBA9
:10164000FEF91FFA84F80EFB191143EA014109FB68
:1016500008FA8A4502FA06F200FA06F308D9611878
:1016600009F1FF3048D28A4546D9A9F1020921443F
:10167000A1EB0A01BFB2B1FBFEF00EFB101147EA6D
:10168000014700FB08F8B84507D9E71900F1FF3119
:101690002ED2B8452CD90238274440EA0940A7EB9E
:1016A0000807A0FB02894F45C64649461AD317D002
:1016B0005DB1B3EB0E0267EB010707FA0CFCF240D9
:1016C0004CEA0202F740C5E9002700263146BDE892
:1016D000F0872E4628460BE70646E9E61846FDE663
:1016E0004345E5D2B8EB020E69EB04010138DFE7B0
:1016F0000846D2E760468DE78146B9E7664675E75A
:1017000030464AE7ACF1020C394413E702383C4456
:1017100024E700BF704700BF08B5074B044613B16C
:101720000021AFF30080054B1868836A03B1984726
:10173000204602F0CBFA00BF00000000B83F0300D3
:1017400070B50D4D0D4C641BA4100026A64209D1A6
:101750000B4D0C4C02F0BCFA641BA4100026A642F0
:1017600005D170BD55F8043B98470136EEE755F8B2
:10177000043B98470136F2E7FC620020FC6200203F
:10178000FC62002010630020024B0146186800F044
:101790009BB800BF2C610020024B0146186800F086
:1017A00043B800BF2C6100200A44914200F1FF338E
:1017B00000D1704710B511F8014B03F8014F914269
:1017C000F9D110BD884210B501EB020402D9844260
:1017D000234607D8431EA14208D011F8012B03F875
:1017E000012FF8E7024401468A4200D110BD13F8E8
:1017F000014D02F8014DF7E702440346934200D140
:10180000704703F8011BF9E713B54A4311460192EB
:1018100000F05AF8044618B1019A0021FFF7ECFFD6
:10182000204602B010BD000037B5002948D051F85D
:10183000043C0190002BA1F10404B8BFE41801F0AE
:101840006BFA204A01981368154633B96360146037
:1018500003B0BDE8304001F065BAA3420BD921685E
:101860006218934204BF1A685B68636004BF521831
:1018700022602C60ECE71A465B680BB1A342FAD9F0
:1018800011685518A5420BD1246821445418A3426D
:101890001160DDD11C685B68536021441160D7E79B
:1018A00002D90C230360D3E7256861198B4204BF7A
:1018B00019685B68636004BF491921605460C7E719
:1018C00003B030BD50830020F8B5CD1C25F00305D2
:1018D00008350C2D38BF0C25002D064601DBA9422A
:1018E00003D90C2333600020F8BD01F015FA21491B
:1018F0000A6814469CB9204F3B6823B921463046FC
:1019000000F080FB38602946304600F07BFB431C2A
:1019100023D10C233360304601F004FAE3E7236857
:101920005B1B17D40B2B03D923601C44256004E0F8
:101930006368A2420CBF0B605360304601F0F2F9BD
:1019400004F10B00231D20F00700C21ACCD01B1A93
:10195000A350C9E722466468CCE7C41C24F0030402
:10196000A042E3D0211A304600F04CFB0130DDD11B
:10197000CFE700BF50830020548300202DE9FF47AC
:1019800055EC104B002D0E4619462B46BBBF05F1FA
:1019900000431D4600232D230B700D9BDDF830A066
:1019A000914623F02008BCBF22461446B8F1460FEA
:1019B00005D0B8F1450F00D10136022100E0032126
:1019C00003AB019302AB009345EC104B53463246F8
:1019D00000F0BEFBB8F1470F074602D119F0010F26
:1019E00022D0B8F1460F07EB060910D13B78302B17
:1019F0000AD1002200232046294602F0E9F818B94E
:101A0000C6F10106CAF80060DAF8003099440022F5
:101A100000232046294602F0DBF808B1CDF80C90EF
:101A20003022039B4B4507D3039B0E9ADB1B3846A2
:101A3000136004B0BDE8F087591C03911A70F0E7F9
:101A4000F7B503460029B8BF494203F8022BB4BFDB
:101A50002D222B22092942702ADD0DF10704A4460C
:101A60000A27A6460A4691FBF7F607FB16153035FE
:101A7000632A04F1FF340EF8015C3146F1DC3031A9
:101A8000AEF1020504F8011C441C294661450AD345
:101A90000DF10902A2EB0E02654588BF0022134436
:101AA000181A03B0F0BD11F8012B04F8012FEDE76F
:101AB000302330318370C170031DF1E72DE9F04F01
:101AC0002DED028B8DB00C46DDF8608016461F466A
:101AD000054601F01BF9D0F800A0504600F0A2FA2C
:101AE00000230A9323680593D8F8003094F818B0BF
:101AF000073323F0070303F10802C8F80020D3E9F5
:101B00000023C4E91223D4E9128929F00043079382
:101B1000CDF8188008EE100A9F4BDDE906014FF062
:101B2000FF3202F087F888BBDDE906019A4B4FF0DF
:101B3000FF3202F061F848BB0022002340464946CC
:101B400002F050F810B12D2384F84330934B9448A1
:101B5000BBF1470F94BF9846804603232361059B42
:101B600023F0040222604FF00009009733460BAACD
:101B70002146284600F0D8F9013040F090804FF01F
:101B8000FF300DB0BDEC028BBDE8F08F42464B46F6
:101B90004046494602F04EF840B14B46002BBCBFD0
:101BA0002D2384F843307F487F4BD1E763680BF0E7
:101BB000DF0206925A1C3FD106236360059B6168D1
:101BC00043F48062002303930AABCDE901B309AB70
:101BD00049EC108B009322600DF123032846FFF798
:101BE000CDFE069B0999472B804608D1C81C02DB15
:101BF0006368994241DDABF1020B5FFA8BFBBBF1ED
:101C0000650F20D801395A4604F150000991FFF7B9
:101C100017FF0A9A1318012A8146236102DC226801
:101C2000D20701D5013323619DF82330002B9CD0CE
:101C30002D2384F8433098E7069A472ABED1002B1B
:101C4000BCD10123B9E7BBF1660F18D10029636845
:101C50000BDD216113B92268D00702D501330B4493
:101C60002361A1654FF00009DEE713B92268D207AE
:101C700001D50233F4E70123F2E74FF0670B0A9B2B
:101C8000994205DB23682161D807EAD54B1CE7E7B9
:101C90000029D4BFC1F1020201221344E0E7236806
:101CA0005A0507D42369424631462846B8470130D1
:101CB0002CD164E7BBF1650F40F2E080D4E912015A
:101CC0000022002301F084FF002834D0374A01238A
:101CD00031462846B84701303FF451AFDDE90923CA
:101CE0009A4202DB2368D80710D518EE103A524604
:101CF00031462846B84701303FF441AF4FF0000865
:101D000004F11A090A9B013B434509DC23689B0740
:101D100000F10581E0680B9B9842B8BF184630E798
:101D200001234A4631462846B84701303FF427AFE1
:101D300008F10108E6E7099B002B39DC1B4A012367
:101D400031462846B84701303FF419AFDDE9092391
:101D5000134302D12368D907D8D518EE103A52465A
:101D600031462846B84701303FF409AF4FF000092B
:101D700004F11A0A099B5B424B4501DC0A9B92E77E
:101D80000123524631462846B84701303FF4F7AEAA
:101D900009F10109EEE700BFFFFFEF7FBC3F030041
:101DA000C03F0300C83F0300C43F0300CC3F030013
:101DB0000A9AA36D9A42A8BF1A46002A914637DCB8
:101DC0004FF0000B29EAE97904F11A02A36D05939B
:101DD000A3EB09035B4533DCDDE909239A423BDBD6
:101DE0002368DA0738D40A9A059B0999D31AA2EB1B
:101DF00001099945A8BF9946B9F1000F35DC4FF0AC
:101E0000000829EAE97904F11A0ADDE909239B1A95
:101E1000A3EB090343457FF779AF012352463146CF
:101E20002846B84701303FF4AAAE08F10108ECE7B4
:101E30001346314642462846B8470130C0D19EE697
:101E40000123314628460592B84701303FF497AE4A
:101E5000059A0BF1010BB9E718EE103A52463146DC
:101E60002846B8470130BED189E6059A4B46424420
:101E700031462846B8470130C1D180E60A9A012A86
:101E800001DCDB0738D50123424631462846B847F6
:101E900001303FF474AE18EE103A524631462846EF
:101EA000B84701303FF46BAED4E9120100220023A1
:101EB00001F08EFED8B90A9B08F10102013B3146C0
:101EC0002846B84701300ED159E601235246314623
:101ED0002846B84701303FF452AE08F101080A9B8A
:101EE000013B4345F1DC4B4604F15002DCE64FF088
:101EF000000804F11A0AF2E701234246DFE7012352
:101F00004A4631462846B84701303FF438AE08F11A
:101F10000108E3680B995B1A4345F0DCFAE64FF0E1
:101F2000000804F11909F4E72DE9F047164699462F
:101F30008A680B69DDF820809342B8BF134633608E
:101F400091F8432007460C460AB1013333602368F9
:101F5000990642BF336802333360256815F00605E1
:101F600006D104F1190AE36832689B1AAB4226DCF9
:101F700094F84320131E226818BF012392062BD425
:101F800004F1430249463846C04701301ED0236859
:101F9000E568326803F00603042B08BFAD1AA36896
:101FA00022690CBF25EAE57500259342C4BF9B1A40
:101FB000ED1800261A34B5421AD1002008E001239A
:101FC000524649463846C047013003D14FF0FF30F2
:101FD000BDE8F0870135C6E7E1185A1C302081F8CA
:101FE0004300224494F8451082F843100233C7E7B7
:101FF0000123224649463846C0470130E6D0013623
:10200000D9E7000038B5064D0023044608462B608A
:1020100001F04EFE431C02D12B6803B1236038BD92
:10202000E0850020034613F8012B002AFBD1181A83
:10203000013870472DE9F74F03690C69A342074641
:10204000C0F28180013C01F1140800F1140505EB98
:102050008403019358F8243055F8242001339A4220
:102060004FEA840B08EB8409B2FBF3F631D34FF04F
:10207000000E4046AC46F24650F8042B93B206FBE5
:1020800003E34FEA134E9BB2AAEB0303120CDCF8F6
:1020900000A006FB02E213FA8AF34FEA124E1FFA7F
:1020A00082FADCF80020CAEB124202EB23429BB218
:1020B00043EA024381454CF8043B4FEA224ADBD213
:1020C00055F80B302BB9019B043B9D421A462ED389
:1020D0003C61384601F057F8002824DB01362846D9
:1020E0004FF0000C58F8042BD0F800E093B2ACEBA2
:1020F0000303120C13FA8EF3C2EB1E4202EB2342CF
:102100009BB243EA0243C14540F8043B4FEA224CEC
:10211000E8D255F8242005EB840322B9043B9D4204
:102120001A460AD33C61304603B0BDE8F08F12680E
:10213000043B002ACCD1013CC7E71268043B002ACB
:10214000F0D1013CEBE70020EEE7000000000000CA
:102150002DE9F04F2DED028B57EC106B95B0456AD1
:10216000DDF880800591CDE90267044609920F935E
:102170003DB91020FFF702F9C0E901556062056022
:10218000C560636A196851B15A684A600123934077
:102190008B60204600F000FE636A00221A603B1E3E
:1021A000B9BF23F0004303930023C8F80030DDF8E3
:1021B0000C90B74BBCBF0122C8F8002033EA0903DA
:1021C0001BD10F9A42F20F731360C9F31303334309
:1021D00000F07585219B63B9AE4B25E0AE4B0093B3
:1021E0000833219A1360009815B0BDEC028BBDE84E
:1021F000F08FA84B00930333F3E79DED027B0022A1
:1022000051EC170B00238DED0A7B01F0E1FC8046B9
:1022100060B10F9A01231360219B002B00F04C85C5
:102220009E4B219A1360013B0093DCE79DED0A0B66
:1022300012AA13A9204601F038F8C9F30A558246BC
:10224000002D7ED00B9BCDF84080C3F31303DDE956
:102250000A6743F07F5747F44017A5F2FF35904BCC
:1022600000223046394601F093F883A3D3E90023D6
:1022700001F046FA82A3D3E9002301F08BF8064669
:1022800028460F4601F0D2F97FA3D3E9002301F0DD
:1022900037FA02460B463046394601F07BF80646CF
:1022A0000F4601F0DDFC002281460023304639460E
:1022B00001F098FC48B1484601F0B8F932463B4677
:1022C00001F086FC08B909F1FF39B9F1160F56D8AB
:1022D000744B03EBC903D3E90023DDE90A0101F0E4
:1022E00081FC00284DD009F1FF3900230E93129B89
:1022F0005D1B6B1E049343BF0023C5F101080493CB
:102300004FF00008B9F1000F3DDB049BCDF834908D
:102310004B44049300230693059B092B00F29A80FB
:10232000052BC4BF043B0593059BA3F10203CCBF5F
:1023300000250125032B00F29980DFE803F02C7DB6
:102340007B89DDE912531D4405F23243202BC1BFC6
:10235000C3F1400305F2124009FA03F326FA00F034
:10236000DABFC3F1200306FA03F0184301F04EF977
:1023700001230646A1F1F877013D10936FE7012391
:10238000B4E70E90B3E7C9F1000306930023A8EB6E
:1023900009080D93C0E700230893099B002B00F365
:1023A00085804FF0010BCDF804B05B46CDF824B02A
:1023B000666A00227260042202F114009842716879
:1023C0007AD9204600F0B4FC636A30601B68009341
:1023D000019B0E2B00F2F580002D00F0F280B9F188
:1023E000000F7DDD2F4A09F00F0302EBC30393EDCD
:1023F000007B19F4807F4FEA2917B0EE478AF0EE90
:10240000678A5DD0284BDDE90A01D3E9082301F092
:10241000A1FACDE9020107F00F070325224E002F94
:1024200050D1DDE9020153EC182B01F093FACDE90C
:1024300002016FE00123AFE700230893099B09EB3A
:10244000030B0BF10103012B0193B8BF0123AFE78D
:102450000123F2E701250023059308954FF0FF3B88
:102460000022CDF804B012230992A1E701230893BA
:10247000F4E700BFAFF3008061436F63A787D23FEB
:10248000B3C8608B288AC63FFB799F501344D33F63
:102490000000F07FD73F0300CE3F0300CD3F030095
:1024A0000000F83F6840030040400300DDF824B01E
:1024B000CDF804B05B467BE70131716052007BE7E9
:1024C0000225ABE7F90708D551EC180BD6E9002334
:1024D00001F016F941EC180B01357F1008369EE724
:1024E00000F0AB80C9F10006AA4BAB4F06F00F021B
:1024F00003EBC203D3E90023DDE90A0101F000F98F
:10250000CDE90201361100230225002E40F08A8019
:10251000002B8CD10E9B002B00F09180DDE902672F
:102520009E4B00223046394601F05CFB002800F04B
:102530008680019B002B00F08280BBF1000F3CDD08
:1025400009F1FF3307930022954B3046394601F0DD
:10255000D7F8CDE902010135CDF830B0DDE90267E9
:10256000284601F063F832463B4601F0C9F88D4B2E
:10257000002200F00FFFA1F15073CDE90201039397
:102580000C9B002B60D1884B00223046394600F06E
:10259000FFFEDDE9022306460F4601F041FB00285D
:1025A00040F09982DDE90221304601F100433946CD
:1025B00001F018FB002840F08B82DDE90A23CDE909
:1025C0000223139B002BC0F25B81B9F10E0F00F3C5
:1025D0005781704B03EBC90393ED007B099BB0EE71
:1025E000478AF0EE678A002B80F2E280019B002B85
:1025F00000F3DE8040F06C826B4B51EC170B002235
:1026000001F07EF8DDE9022301F000FB019E374670
:10261000002840F04282009D312305F8013B09F17A
:1026200001093EE2F20705D5D7E9002301F068F879
:10263000013501237610083767E702256AE7019B19
:10264000CDF81C900C9389E700990C980C9A514B8B
:102650009DED027B014402910899B0EE478AF0EEAD
:10266000678A03EBC20353E90223002945D04F498F
:10267000002001F06FF953EC182B00F089FE009D4B
:1026800041EC180B3946304601F0EAFA0C9000F0A4
:10269000CDFF02460B463046394600F079FE0C9BD2
:1026A000303305F8013B53EC182B06460F4601F07A
:1026B00099FA002865D132463B463849002000F09F
:1026C00067FE53EC182B01F08DFA002840F0B8801B
:1026D000029B9D423FF471AF314B51EC180B00222D
:1026E00001F00EF82E4B41EC180B00223046394613
:1026F00001F006F806460F46C4E751EC170B00F050
:10270000FFFF029B009D0C9341EC180B39463046AD
:1027100001F0A6FA119000F089FF02460B46304600
:10272000394600F035FE119B303305F8013B029B22
:102730009D4206460F464FF0000225D11B4B51EC3F
:10274000180B00F027FE02460B463046394601F0D2
:1027500067FA002874D153EC182B1449002000F0BC
:1027600017FE02460B463046394601F03BFA002878
:102770003FF423AF0C9D6B1E0C9315F8013C302BDE
:10278000F8D0DDF81C9049E0054B00F0B9FF064693
:102790000F46BBE768400300404003000000F03FE5
:1027A0000000244000001C40000014400000E03FF6
:1027B000DDE90267009D53EC182B3046394601F0E5
:1027C000C9F801F04DFA804600F030FF53EC182BA9
:1027D00000F096FF02460B463046394608F13006B7
:1027E00000F0D6FD05F8016B009E019FAE1BB742BD
:1027F00002460B4637D100F0CDFD53EC182B0646B0
:102800000F4601F00DFAC8B953EC182B3046394683
:1028100001F0DEF910B118F0010F0FD1204651463A
:1028200000F0BAFA00232B700F9B09F10100186029
:10283000219B002B3FF4D7AC1D60D4E4CDF81C9055
:102840002B461D4613F8012D392A08D1009A9A42C9
:10285000F7D1079A00990132079230220A701A784C
:1028600001321A708DE79E4B002200F049FF0022D2
:10287000002306460F4601F0ABF900289BD0CDE7B8
:10288000089A002A00F0C680059A012A00F3AA805F
:10289000109A002A00F0A28003F23343069E4546B8
:1028A000049A01211A4420469844049200F019FB2E
:1028B0000746002D0BDD049B002B08DDAB42049A7C
:1028C000A8BF2B46A8EB0308ED1AD31A0493069B66
:1028D000FBB1089B002B00F0A180002E11DD3946D2
:1028E0003246204600F0A2FB5246014607462046EB
:1028F00000F000FB51460790204600F04DFA079B80
:102900009A46069B9A1B04D05146204600F08EFB47
:1029100082460121204600F0E4FA0D9B002B06467A
:102920007EDD1A460146204600F080FB059B012B08
:10293000064678DD00230693336906EB83031869A6
:1029400000F07FFAC0F12000049B184410F01F0033
:1029500000F08880C0F12003042B40F38180C0F197
:102960001C00049B0344804405440493B8F1000F09
:1029700005DD51464246204600F0A6FB8246049BF8
:10298000002B05DD31461A46204600F09DFB064629
:102990000E9B002B68D03146504600F0F4FB002817
:1029A00062DA002351460A22204600F00CFA089B06
:1029B00009F1FF398246002B00F088813946002357
:1029C0000A22204600F0FFF9BBF1000F074600F392
:1029D0008F80059B022B40F38B804DE0129BC3F14F
:1029E00036035BE7019B5E1E069BB342BFBF069B9F
:1029F0000696F21A0D9BB6BF9B189E1B0D93019B6A
:102A0000B8BF0026002BB5BFA8EB0305019B002330
:102A1000454645E7069E089F45464AE7069A73E7FE
:102A2000059B012B18DC029BB3B9039BC3F3130373
:102A3000A3B9039B23F000431B0D1B052BB1049B83
:102A40000133049308F10108012306930D9B002B29
:102A50007FF472AF012077E70023F6E7029BF4E7EB
:102A600084D018461C307CE7019B002B3ADC059B88
:102A7000022B37DDDDF804B0BBF1000F0DD131467C
:102A80005B460522204600F09EF901460646504668
:102A900000F079FB00283FF7BEAD099B009D6FEA6F
:102AA00003094FF000083146204600F075F9002F69
:102AB0003FF4B4AEB8F1000F05D0B84503D041469D
:102AC000204600F069F93946204600F065F9A5E690
:102AD00000263746E1E70C9EDDF81C9037469AE564
:102AE00000002440089BDDF804B0002B00F0F580C6
:102AF000002D05DD39462A46204600F0E5FA074656
:102B0000069B002B55D07968204600F011F93A69F0
:102B100002320546920007F10C010C30FEF744FE2C
:102B200001222946204600F0CFFA009B0133019391
:102B3000009B5B440793029B03F00103B846069396
:102B40000746019B3146504603F1FF3BFFF772FAFF
:102B500003463033029041465046089300F013FB81
:102B60003A4604903146204600F029FBC268089B93
:102B7000054602BB0146504600F005FB089B024695
:102B800029462046CDE9083200F006F9059B099A4E
:102B9000019D43EA0201069B0B43089B0DD1392B93
:102BA00027D0049A002A01DD029B31338BF80030D4
:102BB00079E73846B9E70122E2E70499002904DB06
:102BC000059801430698014320D1002AEEDD5146C5
:102BD00001222046019300F077FA3146824600F048
:102BE000D2FA0028019B02DCE0D1DA07DED5392BCE
:102BF000DAD139238BF800302B461D46013B15F8FE
:102C0000012C392A50D001321A704CE7002A03DD1A
:102C1000392BEED00133C9E7019A079902F8013C3C
:102C20008A422AD0514600230A22204600F0CBF8DF
:102C3000B84582464FF000034FF00A024146204655
:102C400007D100F0C0F880460746019B013301938D
:102C500077E700F0B8F83946804600230A2220467C
:102C600000F0B1F80746F0E7BBF1000F009ACCBFC7
:102C70005D46012515444FF00008514601222046CB
:102C8000019300F021FA3146824600F07CFA0028D8
:102C9000B2DC02D1019BDB07AED42B461D4613F8F4
:102CA000012D302AFAD0FEE6009A9A42A5D13123AE
:102CB00009F101091370F6E6124BFFF7B5BA219B33
:102CC000002B7FF48BAA104BFFF7AEBABBF1000FBD
:102CD00003DC059B022B3FF7CFAE009D31465046EB
:102CE000FFF7A8F900F1300305F8013B009AAA1A92
:102CF0009345B9DD514600230A22204600F063F8CF
:102D00008246EBE7CC3F0300CE3F0300004870470C
:102D100080620020704770470148FFF7FBBF00BF8B
:102D2000D88500200148FFF7F6BF00BFD8850020F6
:102D300070B5466A04460D463EB91020FEF71EFBEC
:102D4000C0E9016660620660C660666AF36883B1C6
:102D5000636ADB6853F82500B8B9012101FA05F66A
:102D6000721D92002046FEF74FFD60B1C0E901568A
:102D70000EE0212204212046FEF746FD636AF06042
:102D8000DB68002BE4D1002070BD026843F82520E9
:102D90000023C0E90333F7E770B5466A05460C46E1
:102DA0003EB91020FEF7EAFAC0E9016668620660E3
:102DB000C6603CB16B6A6268DB6853F82210216020
:102DC00043F8224070BD2DE9F0410E690746984650
:102DD0000C4601F1140000230568A9B202FB018131
:102DE0004FEA114C2D0C02FB05C589B2013301EBF2
:102DF00005419E4240F8041B4FEA1548ECDCB8F14F
:102E0000000F1BD0A368B34212DC61683846013161
:102E1000FFF78EFF2269023204F10C010546920091
:102E20000C30FEF7C1FC21463846FFF7B5FF2C46B3
:102E300004EB86030136C3F8148026612046BDE802
:102E4000F081030C1B04D3B90004102310F07F4F52
:102E500004BF0002083310F0704F04BF00010433B8
:102E600010F0404F04BF80000233002805DB10F053
:102E7000804F03F1010308BF202318467047002349
:102E8000E4E7036813F0070201460BD0DA0724D405
:102E9000980749BF5B089B0801200B605CBF0B6073
:102EA0000220704798B2B0B91B0C102013F0FF0F2E
:102EB00004BF1B0A08301A0704BF1B0904309A0715
:102EC00004BF9B080230DA0703D45B0800F101005D
:102ED00005D00B6070471046E8E7002070472020BF
:102EE000704710B50C460121FFF722FF0122446113
:102EF000026110BD2DE9F04F15460A692B699A420F
:102F0000B8BF0B460C46BCBF2C461D462769D5F8FA
:102F10001090A368616807EB0906B342B8BF01319E
:102F200085B0FFF705FF00F1140101EB86080B46A1
:102F3000002243451DD304F1140305F1140203EBF1
:102F4000870702EB890302933B1B153B23F0030326
:102F5000043304F11505AF4238BF04230193029BEB
:102F60000392934208D8002E5ADC066105B0BDE8F2
:102F7000F08F43F8042BDCE7B2F800A0BAF1000FA1
:102F800024D004F1140E89464FF0000C5EF8045B67
:102F9000D9F800B0ABB21FFA8BFB0AFB03B34FEAC0
:102FA000154BD9F8005063444FEA154C0AFB0BC58A
:102FB00005EB13459BB243EA0543774549F8043BCB
:102FC0004FEA154CE2D8019B41F803C0039BB3F8CC
:102FD00002900432B9F1000F20D00B6804F1140CF8
:102FE0008E464FF0000ABCF80050BEF802B009FB54
:102FF00005B5AA449BB243EA0A434EF8043B5CF889
:10300000043BBEF800501B0C09FB035303EB1A43AF
:1030100067454FEA134AE6D8019D4B5104319EE7BC
:1030200058F8043D002BA0D1013E9CE72DE9F84360
:10303000154612F0030206460F4607D0214C013A0E
:10304000002354F82220FFF7BEFE0746AD1035D00E
:10305000746A3CB91020FEF791F9C0E9014470622E
:103060000460C460D6F82480D8F808404CB940F217
:1030700071213046FFF735FF0023C8F808000446E9
:1030800003604FF00009EB070AD539462246304667
:10309000FFF730FF394680463046FFF77DFE474652
:1030A0006D100BD0206838B9224621463046FFF714
:1030B00021FF2060C0F800900446E4E73846BDE8F0
:1030C000F88300BF304103002DE9F0470C46496802
:1030D000236903EB6218A368074691464FEA621A18
:1030E00008F10106B3423FDB3846FFF721FE00231B
:1030F000054600F1140100F110021846534536DB75
:1031000020692AEAEA7A04F1140319F01F0901EB95
:103110008A0103EB800C2ED0C9F1200E8A460022D2
:10312000186800FA09F002434AF8042B53F8042BFC
:103130009C4522FA0EF2F3D8ACEB0403153B23F0C6
:103140000303043304F11500604588BF0423CA500B
:103150000AB108F10206013E38462E612146FFF70A
:103160001BFE2846BDE8F08701315B00BAE742F854
:10317000040F0133C2E7043953F8042B41F8042F3C
:103180009C45F9D8E7E730B502690C69121B0ED1EE
:1031900000F11403143103EB840001EB840150F8B7
:1031A000045D51F8044DA54203D005D30122104619
:1031B00030BD8342F3D3FAE74FF0FF32F7E72DE952
:1031C000F84F0C460646114620461746FFF7DBFF30
:1031D000051E08D129463046FFF7AAFD0123C0E9A4
:1031E0000435BDE8F88FA4BF3B46274630467968D2
:1031F000A6BF1C4600250125FFF79AFD3E69C56064
:10320000256907F1140104F1140900F1140E07F106
:10321000100201EB860C09EB8505F246002759F8F0
:10322000043B52F804BF1FFA83F817FA8BF71B0C04
:10323000A7EB0808C3EB1B4303EB28431FFA88F8EE
:103240001F144D4548EA03434AF8043BE7D82B1BBB
:10325000153B23F0030304331534A54238BF042380
:10326000194473449E460D4665450ED30CF1030286
:10327000521A22F0030203398C4538BF00221A4447
:1032800052F8043D7BB10661ABE755F8048B17FAA1
:1032900088F4221402EB1842A4B244EA02444EF825
:1032A000044B1714E0E7013EEAE72DE9F7438946AE
:1032B000012157EC106B9046FFF73AFDC7F30A5512
:1032C0000446C7F3130335BB002E019328D068468C
:1032D0000096FFF7D6FD009900B3019AC0F12003D4
:1032E00002FA03F30B43C24063610192019BA361A5
:1032F000002B14BF022201222261D5B1A5F2334571
:103300000544C9F80050C0F13500C8F80000204657
:1033100003B0BDE8F08343F48013D5E76161E5E7CE
:1033200001A8FFF7AEFD019B6361012222612030FD
:10333000E3E704EB8203A0F23240C9F80000186909
:10334000FFF77FFDC0EB4210DFE782B001B901A9B2
:1033500042B14BB113780B601278101E18BF0120D8
:1033600002B070471046FBE76FF00100F8E749B183
:10337000FF2A85BF8A2303600A704FF0FF3098BF91
:10338000012070470846704781F0004102E000BF0D
:1033900083F0004330B54FEA41044FEA430594EA15
:1033A000050F08BF90EA020F1FBF54EA000C55EA50
:1033B000020C7FEA645C7FEA655C00F0E2804FEA21
:1033C0005454D4EB5555B8BF6D420CDD2C4480EA03
:1033D000020281EA030382EA000083EA010180EA33
:1033E000020281EA0303362D88BF30BD11F0004F81
:1033F0004FEA01314FF4801C4CEA113102D04042B7
:1034000061EB410113F0004F4FEA03334CEA1333F1
:1034100002D0524263EB430394EA050F00F0A78009
:10342000A4F10104D5F1200E0DDB02FA0EFC22FA04
:1034300005F2801841F1000103FA0EF2801843FAF8
:1034400005F359410EE0A5F120050EF1200E012AE9
:1034500003FA0EFC28BF4CF0020C43FA05F3C01827
:1034600051EBE37101F0004507D54FF0000EDCF1A0
:10347000000C7EEB00006EEB0101B1F5801F1BD349
:10348000B1F5001F0CD349085FEA30004FEA3C0C4D
:1034900004F101044FEA445212F5800F80F09A8043
:1034A000BCF1004F08BF5FEA500C50F1000041EB47
:1034B000045141EA050130BD5FEA4C0C404141EB4B
:1034C0000101013C28BFB1F5801FE9D291F0000F46
:1034D00004BF01460020B1FA81F308BF2033A3F1F5
:1034E0000B03B3F120020CDA0C3208DD02F1140CEC
:1034F000C2F10C0201FA0CF021FA02F10CE002F127
:103500001402D8BFC2F1200C01FA02F120FA0CFC1F
:10351000DCBF41EA0C019040E41AA2BF01EB045168
:10352000294330BD6FEA04041F3C1CDA0C340EDC66
:1035300004F11404C4F1200220FA04F001FA02F3A9
:1035400040EA030021FA04F345EA030130BDC4F167
:103550000C04C4F1200220FA02F001FA04F340EA5C
:103560000300294630BD21FA04F0294630BD94F00D
:10357000000F83F4801306BF81F480110134013DF4
:103580004EE77FEA645C18BF7FEA655C29D094EA65
:10359000050F08BF90EA020F05D054EA000C04BFE3
:1035A0001946104630BD91EA030F1EBF00210020CE
:1035B00030BD5FEA545C05D14000494128BF41F06D
:1035C000004130BD14F580043CBF01F5801130BDD1
:1035D00001F0004545F0FE4141F470014FF000005C
:1035E00030BD7FEA645C1ABF194610467FEA655C0D
:1035F0001CBF0B46024650EA013406BF52EA0335AF
:1036000091EA030F41F4002130BD00BF90F0000F9C
:1036100004BF0021704730B54FF4806404F13204D8
:103620004FF000054FF0000150E700BF90F0000F91
:1036300004BF0021704730B54FF4806404F13204B8
:1036400010F0004548BF40424FF000013EE700BF88
:1036500042004FEAE2014FEA31014FEA02701FBF18
:1036600012F07F4393F07F4F81F06051704732F04A
:103670007F4208BF704793F07F4F04BF41F40021A1
:10368000704730B54FF4607401F0004521F00041FF
:103690001CE700BF50EA010208BF704730B54FF089
:1036A00000050AE050EA010208BF704730B511F08A
:1036B000004502D5404261EB41014FF4806404F1C2
:1036C00032045FEA915C3FF4D8AE4FF003025FEA48
:1036D000DC0C18BF03325FEADC0C18BF033202EBCC
:1036E000DC02C2F1200300FA03FC20FA02F001FA26
:1036F00003FE40EA0E0021FA02F11444BDE600BFC9
:1037000070B54FF0FF0C4CF4E06C1CEA11541DBF77
:103710001CEA135594EA0C0F95EA0C0F00F0DEF842
:103720002C4481EA030621EA4C5123EA4C5350EA27
:10373000013518BF52EA033541F4801143F4801378
:1037400038D0A0FB02CE4FF00005E1FB02E506F009
:103750000042E0FB03E54FF00006E1FB03569CF05E
:10376000000F18BF4EF0010EA4F1FF04B6F5007F64
:1037700064F5407404D25FEA4E0E6D4146EB0606D6
:1037800042EAC62141EA55514FEAC52040EA5E505F
:103790004FEACE2EB4F1FD0C88BFBCF5E06F1ED809
:1037A000BEF1004F08BF5FEA500E50F1000041EB40
:1037B000045170BD06F0004646EA010140EA0200ED
:1037C00081EA0301B4EB5C04C2BFD4EB0C0541EA0F
:1037D000045170BD41F480114FF0000E013C00F324
:1037E000AB8014F1360FDEBF002001F0004170BD48
:1037F000C4F10004203C35DA0C341BDC04F1140461
:10380000C4F1200500FA05F320FA04F001FA05F2EC
:1038100040EA020001F0004221F0004110EBD370B9
:1038200021FA04F642EB06015EEA430E08BF20EAE5
:10383000D37070BDC4F10C04C4F1200500FA04F388
:1038400020FA05F001FA04F240EA020001F000411A
:1038500010EBD37041F100015EEA430E08BF20EA8D
:10386000D37070BDC4F1200500FA05F24EEA020ED5
:1038700020FA04F301FA05F243EA020321FA04F004
:1038800001F0004121FA04F220EA020000EBD370BB
:103890005EEA430E08BF20EAD37070BD94F0000FBB
:1038A0000FD101F00046400041EB010111F4801FEF
:1038B00008BF013CF7D041EA060195F0000F18BFA0
:1038C000704703F00046520043EB030313F4801FDC
:1038D00008BF013DF7D043EA0603704794EA0C0F96
:1038E0000CEA135518BF95EA0C0F0CD050EA4106AC
:1038F00018BF52EA4306D1D181EA030101F0004129
:103900004FF0000070BD50EA410606BF1046194650
:1039100052EA430619D094EA0C0F02D150EA01365C
:1039200013D195EA0C0F05D152EA03361CBF10469D
:1039300019460AD181EA030101F0004141F0FE413C
:1039400041F470014FF0000070BD41F0FE4141F4C0
:10395000780170BD70B54FF0FF0C4CF4E06C1CEAC0
:1039600011541DBF1CEA135594EA0C0F95EA0C0F75
:1039700000F0A7F8A4EB050481EA030E52EA033530
:103980004FEA013100F088804FEA03334FF0805551
:1039900045EA131343EA12634FEA022245EA11157E
:1039A00045EA10654FEA00260EF000419D4208BF2F
:1039B000964244F1FD0404F5407402D25B084FEADC
:1039C0003202B61A65EB03055B084FEA32024FF488
:1039D00080104FF4002CB6EB020E75EB030E22BFE5
:1039E000B61A754640EA0C005B084FEA3202B6EBA5
:1039F000020E75EB030E22BFB61A754640EA5C0054
:103A00005B084FEA3202B6EB020E75EB030E22BFE3
:103A1000B61A754640EA9C005B084FEA3202B6EBE4
:103A2000020E75EB030E22BFB61A754640EADC00A3
:103A300055EA060E18D04FEA051545EA16754FEA05
:103A400006164FEAC30343EA52734FEAC2025FEA23
:103A50001C1CC0D111F4801F0BD141EA00014FF0B2
:103A600000004FF0004CB6E711F4801F04BF014383
:103A70000020B4F1FD0C88BFBCF5E06F3FF6AFAE9F
:103A8000B5EB030C04BFB6EB020C5FEA500C50F12F
:103A9000000041EB045170BD0EF0004E4EEA1131B2
:103AA00014EB5C04C2BFD4EB0C0541EA045170BDB9
:103AB00041F480114FF0000E013C90E645EA060EFD
:103AC0008DE60CEA135594EA0C0F08BF95EA0C0F2B
:103AD0003FF43BAF94EA0C0F0AD150EA01347FF473
:103AE00034AF95EA0C0F7FF425AF104619462CE74A
:103AF00095EA0C0F06D152EA03353FF4FDAE1046AD
:103B0000194622E750EA410618BF52EA43067FF4FD
:103B1000C5AE50EA41047FF40DAF52EA43057FF48D
:103B2000EBAE12E74FF0FF3C06E000BF4FF0010C98
:103B300002E000BF4FF0010C4DF804CD4FEA410CFC
:103B40007FEA6C5C4FEA430C18BF7FEA6C5C1BD0C9
:103B500001B050EA410C0CBF52EA430C91EA030F4A
:103B600002BF90EA020F0020704710F1000F91EAA7
:103B7000030F58BF994208BF90422CBFD8176FEA75
:103B8000E37040F0010070474FEA410C7FEA6C5C43
:103B900002D150EA013C07D14FEA430C7FEA6C5C4A
:103BA000D6D152EA033CD3D05DF8040B704700BF76
:103BB0008446104662468C461946634600E000BFC4
:103BC00001B5FFF7B7FF002848BF10F1000F01BD96
:103BD0004DF808EDFFF7F4FF0CBF012000205DF861
:103BE00008FB00BF4DF808EDFFF7EAFF34BF0120E6
:103BF00000205DF808FB00BF4DF808EDFFF7E0FF7F
:103C000094BF012000205DF808FB00BF4DF808EDCF
:103C1000FFF7CEFF94BF012000205DF808FB00BF36
:103C20004DF808EDFFF7C4FF34BF012000205DF818
:103C300008FB00BF4FEA410C7FEA6C5C02D150EAFE
:103C4000013C0AD14FEA430C7FEA6C5C02D152EA94
:103C5000033C02D14FF0000070474FF00100704765
:103C60004FEA410212F5001215D211D56FF47873A4
:103C7000B3EB625212D94FEAC12343F0004343EA47
:103C8000505311F0004F23FA02F018BF4042704722
:103C90004FF00000704750EA013005D111F00040AC
:103CA00008BF6FF0004070474FF00000704700BF42
:103CB000044A05491368002B08BF0B4618441060DE
:103CC0001846704758830020E4850020FEE700BFB7
:103CD000F8B500BFF8BC08BC9E467047F8B500BFF9
:103CE000F8BC08BC9E4670472D2D2D20506C617984
:103CF00065722042757A7A65722028466978656413
:103D0000205061796C6F616420426561636F6E2938
:103D1000202D2D2D000000005B4556454E545D20A2
:103D200042757A7A696E6720696E212046697269E8
:103D30006E672073686F7467756E20627572737436
:103D40002E2E2E0044454352595054204641494C92
:103D50000000000000000000000000000000000063
:103D60000338FDD87047000054696E7955534220DE
:103D700053657269616C00000000000000000000E3
:103D8000198802008D8602007D860200F9850200F6
:103D9000458602001986020071860200D58602005F
:103DA000F0FFFFFF000000008588020047656E6598
:103DB0007269630053757065724D696E69206E5249
:103DC000463532383430000030313233343536370E
:103DD00038394142434445460000000012010002C8
:103DE0000000004009128552000101020301000099
:103DF00009020900000100A0320000004164616670
:103E000072756974000000004D6173732053746F04
:103E10007261676500000000312E300075736264C6
:103E200000000000050F3900021810050038B60820
:103E300034A909A0478BFDA0768815B6650001015D
:103E4000011C100500DF60DDD88945C74C9CD26598
:103E50009D9E648A9F00000306B2000200010300D9
:103E60005F757362645F7164656600000000000046
:103E700075930200099402003594020081940200B7
:103E800041950200059602000000000000000000BD
:103E9000FD9F0200000000000DA002001DA0020016
:103EA000B1A00200E5A10200000000000000000037
:103EB00065970200759702007997020089970200C2
:103EC00071980200959A02000000000000000000B6
:103ED00049B0020065B0020069B0020085B002007E
:103EE000E5B102009DB902000000000000000000E2
:103EF000AD9B0200219C02004D9C0200759C0200BB
:103F0000A59D0200A99D0200000000000000000025
:103F1000B1A9020025AA020051AA020071AA02005A
:103F2000A190020041AB020000000000000101016D
:103F3000060000000800000011000000140000004E
:103F40001600000018000000200000000B00000018
:103F50002400000026000000090000000A00000004
:103F60002B0000002D0000002F00000002000000C8
:103F70001D0000001F0000002100000022000000C2
:103F8000270000000D0000000F0000000D0A0000D7
:103F9000546D725100000000546D7220537663001E
:103FA0006C6F6F70000000000100000043616C6CDA
:103FB0006261636B0000000030610020494E4600E2
:103FC000696E66004E414E006E616E003000496EB3
:103FD00066696E697479004E614E00000000000051
:103FE00000000000000000000000000000000000D1
:103FF00000000000000000000000000000000000C1
:1040000000000000000000000000000000000000B0
:1040100000000000000000000000000000000000A0
:104020000000000000000000000000000000000090
:104030000000000000000000000000000000000080
:104040000080E03779C34143176E05B5B5B8934694
:10405000F5F93FE9034F384D321D30F94877825A60
:104060003CBF737FDD4F1575000000000000F03F7E
:104070000000000000002440000000000000594043
:104080000000000000408F40000000000088C34096
:1040900000000000006AF8400000000080842E410B
:1040A00000000000D01263410000000084D7974157
:1040B0000000000065CDCD41000000205FA002425D
:1040C000000000E876483742000000A2941A6D42D2
:1040D000000040E59C30A2420000901EC4BCD642C5
:1040E00000003426F56B0C430080E03779C3414370
:1040F00000A0D8855734764300C84E676DC1AB43E6
:10410000003D9160E458E143408CB5781DAF154403
:1041100050EFE2D6E41A4B4492D54D06CFF08044DE
:10412000F64AE1C7022DB544B49DD9794378EA44F3
:1041300005000000190000007D0000004300504F02
:10414000534958002E00002020202020202020202D
:104150002828282828202020202020202020202037
:104160002020202020202088101010101010101067
:1041700010101010101010040404040404040404AB
:104180000410101010101010414141414141010133
:10419000010101010101010101010101010101010F
:1041A000010110101010101042424242424202021D
:1041B00002020202020202020202020202020202DF
:1041C000020210101010200000000000000000008B
:1041D00000000000000000000000000000000000DF
:1041E00000000000000000000000000000000000CF
:1041F00000000000000000000000000000000000BF
:1042000000000000000000000000000000000000AE
:10421000000000000000000000000000000000009E
:10422000000000000000000000000000000000008E
:10423000000000000000000000000000000000007E
:0C42400000000000000000000000000072
:08424C000430FF7F01000000B7
:10425400030000004245434E3100000048554230FF
:10426400310001000A00000000000306B20008004B
:1042740001000000A800080002000000A0001400D3
:10428400030057494E55534200000000000000004F
:1042940000008400040007002A0044006500760042
:1042A40069006300650049006E00740065007200D7
:1042B4006600610063006500470055004900440042
:1042C4007300000050007B003900370035004600C1
:1042D40034003400440039002D0030004400300024
:1042E40038002D0034003300460044002D0038000F
:1042F4004200330045002D003100320037004300F6
:1043040041003800410046004600460039004400A0
:104314007D0000000000000010000C0084760020E6
:10432400603E0300000000000000000000000000E8
:104334000000000000000000000000000000000079
:104344000000000000000000000000000000000069
:104354000000000000000000000000000000000059
:104364000000000000000000000000000000000049
:1043740000000000FF0000000090D0033061002026
:1043840000000000FC3F03001C400300DC3F03006E
:104394000000000000000000000000000000000019
:1043A4000000000000000000000000000000000009
:1043B40000000000000000000000000000000000F9
:1043C40000000000000000000000000000000000E9
:1043D40000000000000000000000000000000000D9
:1043E4004300000000000000000000000000000086
:1043F40000000000000000000000000000000000B9
:104404004300000000000000000000000000000065
:104414000000000000000000000000000000000098
:104424004300000000000000000000000000000045
:104434000000000000000000000000000000000078
:104444004300000000000000000000000000000025
:104454000000000000000000000000000000000058
:104464004300000000000000000000000000000005
:104474000000000000000000000000000000000038
:1044840043000000000000000000000000000000E5
:104494000000000000000000000000000000000018
:1044A40043000000000000000000000000000000C5
:1044B40000000000000000000000000000000000F8
:1044C4006F3303004B330300000000004641030038
:1044D40044410300454103004541030045410300B5
:1044E40045410300454103004541030045410300A4
:1044F4004541030045410300FFFFFFFFFFFFFFFFAE
:10450400FFFFFFFFFFFF0000010041534349490043
:104514000000000000000000000000000000000097
:10452400000000000000000000004153434949001E
:104534000000000000000000000000000000000077
:1045440000000000000000000000000001720200F2
:104554003572020025740200298A020099E30200E0
:0445640011720200CE
:040000033000085D64
:00000001FF
