:020000022000DC
:1070000000000420C1090300010A0300030A030071
:10701000050A0300070A0300090A03000000000034
:107020000000000000000000000000003D09030017
:107030000D0A0300000000005D090300110A0300AF
:107040004D0B0300130A0300130A0300130A030085
:10705000130A0300130A030045E60200130A0300A3
:10706000130A0300130A0300130A0300130A0300A0
:10707000130A0300130A0300130A0300130A030090
:10708000130A03008D060300130A0300130A03000A
:10709000130A0300130A0300130A0300130A030070
:1070A000130A0300130A0300130A0300130A030060
:1070B000130A0300130A0300000000000000000090
:1070C000130A0300130A0300130A0300390C030018
:1070D000130A0300130A0300130A03007590020049
:1070E000130A0300130A0300130A03000000000040
:1070F00000000000130A030000000000B10C0300B0
:10710000000000000000000000000000000000007F
:10711000000000000000000000000000000000006F
:10712000000000000000000000000000000000005F
:10713000000000000000000000000000000000004F
:10714000000000000000000000000000000000003F
:10715000000000000000000000000000000000002F
:10716000000000000000000000000000000000001F
:10717000000000000000000000000000000000000F
:1071800000000000000000000000000000000000FF
:1071900000000000000000000000000000000000EF
:1071A00000000000000000000000000000000000DF
:1071B00000000000000000000000000000000000CF
:1071C00000000000000000000000000000000000BF
:1071D00000000000000000000000000000000000AF
:1071E000000000000000000000000000000000009F
:1071F000000000000000000000000000000000008F
:10720000F1EE103A43F08073E1EE103A704700BFA0
:1072100010B5054C237833B9044B13B10448AFF3D0
:1072200000800123237010BD1063002000000000C7
:10723000C843030008B5034B1BB103490348AFF330
:10724000008008BD0000000014630020C843030054
:10725000154B002B08BF134B9D46A3F5803A002128
:107260008B460F461348144A121A0AF077FB0F4B4D
:10727000002B00D098470E4B002B00D098470020E1
:10728000002104000D000D48002802D00C48AFF387
:1072900000800AF007FB2000290009F0E9FB0AF052
:1072A000EDFA00BF0000080000000420000000000C
:1072B0000000000010630020E485002000000000B2
:1072C0000000000038B51D4D1D4C28464FF4E1313B
:1072D00001F08AFB02210A2009F0F2FF01210B20B4
:1072E00009F0EEFF00210B200AF06EF8204600F0B6
:1072F0002BF920460122002101F05AF900222046F4
:10730000072101F031F82046002101F035F8204630
:10731000012101F055F80B4A2046012101F072F8D5
:107320002046094901F0F6F82046012100F070FFDF
:1073300028460649BDE8384007F0C0B8D0690020AB
:10734000386300200860002000600020483E0300F1
:1073500070B50A2084B00AF055F8334D041E2B781E
:1073600018BF0124A3420ED130480DF10E0100F0E8
:10737000F3FCC8B92E4C07F0A7F92368C01A64289B
:107380002FD804B070BD052007F0AAF90A200AF032
:1073900039F8064600283BD02C7024480DF10E0128
:1073A00000F0DAFC0028E5D0224C204801220DF143
:1073B0000F0100F06DF92378002BDBD19DF80F3021
:1073C000002BD7D001210B20237009F0FDFF1A49B3
:1073D0001A4807F045F8217818480A2207F002F900
:1073E000C8E707F071F901220346114623600F48F0
:1073F000144600F05BFF224600230E4900940B4820
:1074000000F054F90948214600F002FF04B070BDB5
:107410000B490A4807F052F8064B31460B201E7004
:1074200009F0D2FF2C70B8E70E600020386300200E
:10743000306300202C630020A03E0300D0690020B0
:10744000743E0300014800F047B800BF38630020D5
:107450001E4B0021012270B5C3F810111A610546B8
:1074600007F032F91A4E044604E007F02DF9031B29
:10747000FA2B10D83368002BF7D0144B06210022CA
:10748000C3F81021C3F80012D3F85015082903D906
:10749000002385F8253470BD0121C3F854211960FB
:1074A00007F012F90B4E044604E007F00DF9031B38
:1074B000FA2BF0D83368002BF7D0044B0022C3F826
:1074C0005421002385F82534E5E700BF0010004073
:1074D0001011004054110040F0B41A4940F2055513
:1074E00020224FF416747326A0F81A5280F826242E
:1074F000A0F844440022A0F8066100F2474500F5D8
:10750000847400F5CD6680F8282480F82324A0F840
:10751000242480F8432480F846240027C1F80C5521
:10752000C1F8104500F5AA65C1F8086500F5CF64FB
:1075300043F23906C1F81455C4E90067F0BC80F87D
:107540001122704700F000404FF0804300210122DB
:1075500070B5C3F800111A60044607F0B5F8454E3F
:10756000054604E007F0B0F8431BFA2B7FD83368D8
:10757000002BF7D04FF0804300210122C3F8041103
:107580009A6007F0A1F83C4E054604E007F09CF82D
:10759000431BFA2B6BD83368002BF7D0374B384A94
:1075A000384E394D0120C3F8FC0FC3F8142594F868
:1075B000262442EA022242F08272C3F818254FF0D4
:1075C000E732C3F81C2500214FF04332C3F82025D1
:1075D000C3F82465C3F82855C3F83005C3F82C1543
:1075E000D3F81C25C4F83424D3F82425C4F838244F
:1075F000D3F81C25C4F82C24D3F82425C4F830244F
:107600000222C3F83425214D4FF6FF72C3F83C2502
:10761000C3F8385540F201220825C3F80445C3F8E1
:107620001015C3F85026C3F80C554C224FF0013505
:10763000C3F80825C4F8125294F8126284F823148F
:10764000320442EA0622C4F81652C3F81425D3F8CD
:107650001825120C1204C3F8182594F82624D3F820
:10766000181542EA02220A43C3F8182570BD00200B
:1076700070BD00BF00010040040100400010004048
:1076800000010100E743C323A363E31321100100BA
:1076900010B50446084604F21D210AF037F900230C
:1076A00084F83C3484F8463410BD00BF2DE9F04F17
:1076B0002DED028B044689B090F8230494F82754EA
:1076C0009DF85060059508EE101A079602920493F3
:1076D000002800F051822A46C14B0132D2B2A3FBEE
:1076E0000213D11A03EB51039B08C3EBC303D31A54
:1076F0005B00DBB2059394F8113284F827241BB1A8
:10770000079A002A40F0C881002200920692009A4F
:10771000DFF8E892B34DDFF8E88284F843240028CC
:1077200040F05281059A60702270002B00F0918128
:10773000079B002B00F08D8194F81232002B40F053
:107740004B81224608200523B4F8786694F87A160F
:10775000E652234420449970D4F88136136094F89B
:1077600085361371029B04F20B11A3F108020AF093
:10777000CDF89D4B00210122C3F80C119A6006F050
:10778000A3FF064605E006F09FFF801BFA2800F2E3
:107790004681D9F80030002BF5D0934B0022C3F876
:1077A0000C21049A002A40F0EA81D3F82C252244C7
:1077B00092F812220392002A00F0E181D3F83025DA
:1077C000D3F82C05019294F8231401228240C3F8C7
:1077D0003025E9B994F81212049884F823040A04B5
:1077E00042EA012294F82614069184F82604C3F88C
:1077F0001425D3F81825120C1204C3F8182594F890
:107800002624D3F8181542EA02220A43C3F81825A1
:10781000754B00210122C3F810111A6106F054FFC4
:10782000064604E006F050FF801BFA2820D82B689B
:10783000002BF7D06C4B00220121C3F81021C3F8B4
:107840000022C3F85821C3F83021596006F03CFFEC
:10785000064604E006F038FF801BFA2808D8634B80
:107860001B68002BF6D0604A0123936084F825340E
:1078700094F82334B4F84464002B40F0D8805A4B79
:10788000D3F81025002A00F0ED80D3F81035022B34
:1078900000F0E880873ED8F80C30DF0126EAE67673
:1078A00040F1B080524B1A68D00740F1AB805F685E
:1078B000BF09DFF834B1DFF840A107E01368DB0748
:1078C0000FD553689B09DB1BB34214D8DBF830316A
:1078D000474A83B9DBF834316BB9D8F80C30D90199
:1078E000ECD408F061F8A0FB0A01830A43EA815353
:1078F000DB1BB342EAD93C4BD3F83021002A40F0DD
:107900005481D3F8341109B1C3F8342194F81B021F
:1079100010EBC01004D0374BC00143F0010398476F
:10792000314B00210122C3F810111A6106F0CCFE80
:10793000064604E006F0C8FE801BFA2811D82B6822
:10794000002BF7D0284B06210022C3F81021C3F8E2
:107950000012D3F85015082940F28780002384F8DC
:10796000253494F8230400286AD194F81212069A58
:1079700084F826241C4B84F823040A0442EA0122DA
:10798000C3F81425D3F81825120C1204C3F81825CF
:1079900094F82624D3F8181542EA02220A43C3F8C1
:1079A0001825019AC3F83025009A94F81A3201324A
:1079B00093420092C0F2EF80009A94F8113284F85A
:1079C000432400283FF4AEAE059A6270029A2270FA
:1079D000002B37D0079BABB3A21C0A200723B3E6CA
:1079E0002549922410110040001000405811004019
:1079F000001000E0E03E030040420F000C11004088
:107A0000F0ED00E007F0D0FFC74BA0FB0301870AB1
:107A100047EA81574DE7C549C54806F04FFD0023A9
:107A20001846039309B0BDEC028BBDE8F08F94F8C3
:107A30002434A3B194F82634202B10D8C8362AE772
:107A4000BC4BAEE7A01C029A18EE101A09F05EFFBC
:107A50008FE694F81232002BF4D12046F3E706F2B9
:107A6000EE2618E7A6F5967615E70121C3F854210E
:107A7000196006F029FE064605E006F025FE801B8B
:107A8000FA283FF66EAFAC4B1B68002BF5D0A94B24
:107A90000022C3F8542161E7029B002B79D0A74E46
:107AA000DFF8B08204F2816704F2866A4FF00009C1
:107AB00006F00AFE054604E006F006FE401B6428B8
:107AC000ADD83368002BF7D0C8F80091D8F8083546
:107AD00007F8013B5745EBD1994DD4F89026C4F8EF
:107AE00078269848029AC4F87C9618EE101AC5F8C1
:107AF000040584F8482404F24A4084F8479484F842
:107B0000499409F003FF40F20912002104F5847042
:107B100009F024FF0123C5F80091C5F804912B60FA
:107B200006F0D2FD884E054605E006F0CDFD401B6F
:107B3000FA283FF674AF3368002BF6D0804BD3F8A9
:107B40000821002A7FF46BAF94F80931002B3FF431
:107B500066AFD4F8903602987C4901330C30C0B23D
:107B60008B42C4F89036029094F8113294F82304B2
:107B700088BFC4F89026C7E56A1CD2B2BBE50123D2
:107B8000184684F82934039309B0BDEC028BBDE894
:107B9000F08F1346B8E50023184684F82934039380
:107BA00009B0BDEC028BBDE8F08F94F82434002BB3
:107BB00079D02578002D76D094F81132002B00F082
:107BC000AB80079B04F21D26002B00F09E80A5F1E0
:107BD0000802304622EAE27204F10A0109F096FE38
:107BE000A71C3B68C4F881363B7984F88536234668
:107BF000DFF84C8133F8072F55499B7884F87A36A3
:107C00000027A4F8782604F24A402A46C8F804154A
:107C1000314609F07BFE394684F8485484F84774AD
:107C200084F8497440F2091204F5847009F096FE54
:107C30000123C8F80071C8F80471C8F8003006F0D4
:107C400043FD414F054605E006F03EFD401BFA2886
:107C50003FF6E1AE3B68002BF6D0394BD3F8082154
:107C6000002A7FF4D8AED3F80034002B3FF4D3AE13
:107C700094F80931002B3FF4CEAE25780B2D02D9B4
:107C80000C3DEDB2257030462A4604F20B1109F086
:107C90003DFE284B84F81C52D3F8083484F83D3458
:107CA000012384F83C34234D0023C5F830312046AD
:107CB000FFF7CEFB94F82334D3B994F81212069A46
:107CC00084F826240A0442EA012284F82334C5F801
:107CD0001425D5F818351B0C1B04C5F8183594F875
:107CE0002634D5F8182543EA03231343C5F818357D
:107CF000104A01990398C2F83015012384F82934F9
:107D000009B0BDEC028BBDE8F08FA71C30463946A8
:107D10002A4609F0FBFD64E72A46A11C04F21D2057
:107D200009F0F4FDB5E700BF40420F00C43E030078
:107D3000D0690020001000405411004000D10040E4
:107D400000F000400000010104F10040400D03007C
:107D50000100010100D000402DE9F04F90F8465499
:107D600083B00F46002D40F0F68090F8252404469D
:107D700022B990F83C34002B40F00581BD4BD3F87C
:107D80003011002900F0DA8094F823140020C3F8A1
:107D90003001002940F0E780B64BD3F808343B703F
:107DA00094F823242ABB54FA83F393F81232002B5D
:107DB00040F0CB8194F81132002B00F0B28194F89E
:107DC000262404F21D2A083A504604F1080109F05D
:107DD0009DFD2368C4F88136227984F885262346E0
:107DE000267833F8052F9B7884F87A36A4F878261D
:107DF0000CE094F81132002B40F0C881267804F290
:107E00001D2A32465046A11C09F080FD94F8232417
:107E1000012384F82234002A00F0C18033466678BA
:107E2000DFF8509284F81C3284F82764D9F80C14D7
:107E3000D9F8083454FA83F31FFA81F893F8123210
:107E4000002B40F0AF8094F81132002B61D0002A53
:107E500040F00B8194F82674083FFFB2DFF81C92C3
:107E6000854BC9F80435002F00F065814FF0000BF9
:107E70003A46514604F24A4009F048FD84F84874F5
:107E8000594640F2091284F847B484F849B404F51D
:107E9000847009F063FD0123C9F800B1C9F804B189
:107EA000C9F8003006F010FCDFF8D891074605E06D
:107EB00006F00AFCC01BFA2800F23D81D9F8003018
:107EC000002BF5D06D4BD3F80811002940F0338119
:107ED000D3F80034002B00F02E8194F80931002BE8
:107EE00000F029814FF48172504609F037FD94F873
:107EF0002334002B00F0628194F81C220C3AD2B299
:107F000084F81C22504604F20B1109F0FFFC94F88F
:107F1000232494F8253484F83E64A4F840844BB1BB
:107F20005449D1F8083454FA83F393F812320BB958
:107F300001238B607AB394F81C3263BB4D4BD3F8AA
:107F4000342122B100210122C3F834119A6028465D
:107F500003B0BDE8F08F474BD3F808340B702846C8
:107F600003B0BDE8F08FD3F834352178C3F58073C2
:107F7000994202D800297FF40FAF002AE7D03D4B89
:107F800001229A60E3E790F83D240A701D462846D6
:107F900003B0BDE8F08F012584F84654D7E794F884
:107FA00026343DE72046FFF753FA354BD9F82CB578
:107FB000D9F80824C9F82C2543F001034FF4965052
:107FC000984794F82434002B62D03A7894F82834F7
:107FD0009A4200F00B8100220092114601232046B4
:107FE000FFF764FB234BDFF8A090C3F82CB5002209
:107FF000C3F8102101221A6106F066FB074604E06F
:1080000006F062FBC01BFA2823D8D9F80030002BF9
:10801000F6D0184BDFF874900022C3F81021C3F893
:108020000022C3F85821C3F8302101225A6006F01B
:108030004BFB074604E006F047FBC01BFA2808D8B4
:10804000D9F80030002BF6D00A4A0123936084F857
:108050002534084BD3F8342522B194F83E24B2429B
:1080600000F0B98094F82324EDE694F81C72083FE0
:10807000FFB2F3E6001000400100010100F00040F3
:10808000E03E030004F10040101100405811004090
:1080900094F82324002A40F09C8094F8121294F85B
:1080A000267484F823240B0443EA012384F826244D
:1080B000C9F81435D9F818351B0C1B04C9F8183544
:1080C00094F82634D9F8182543EA03231343C9F852
:1080D000183500220123009211462046FFF7E6FAE8
:1080E00094F82334002B7FF47DAF94F81202454AB4
:1080F00084F82674010441EA002184F82334C2F88C
:108100001415D2F818351B0C1B04C2F8183594F856
:108110002634D2F8181543EA03230B43C2F8183566
:1081200060E704F21D2A94F826245046214609F0FF
:10813000EDFB26786AE63449344806F0BFF994F836
:108140002534002B7FF41BAF01E794F811325BB3A9
:1081500094F9262404F21D2A083A22EAE2725046D3
:1081600004F1080109F0D2FB26782246234652F892
:10817000021FC4F88116127984F8852633F8072F78
:108180009B7884F87A36A4F878263FE694F90020A4
:10819000267804F21D2A083A22EAE272504604F1D7
:1081A0000A0109F0B3FBE0E704F21D2A94F8262443
:1081B0005046A11C09F0AAFB267827E694F826244D
:1081C0005046043204F20B1109F0A0FB94F823246A
:1081D0009FE61F467DE7B4F8402442457FF442AF56
:1081E00094F82524002A3FF4B2AEC9E60023009398
:1081F00094F81F23012304F548712046FFF756FA2F
:10820000F0E600BF00100040C43E0300D06900202B
:10821000F8B5234B234E00240122C3F810411A6104
:1082200004460F4606F050FA054604E006F04CFA04
:10823000401BFA2823D83368002BF7D0184B0022B4
:10824000C3F81021E7B9164B174E00220121C3F8DD
:108250000022C3F85821C3F83021596006F034FADF
:10826000054604E006F030FA431BFA2B07D83368C2
:10827000002BF7D00A4A0123936084F82534F8BD17
:10828000D4F82C14C3F81C15D4F83014C3F82415F2
:1082900040F20121C3F85016C3F84425D3E700BFCC
:1082A0000010004010110040581100402B4B2DE9E8
:1082B000F0410024C3F8104101241C610E4604461D
:1082C000904606F001FA264F054604E006F0FCF958
:1082D000401BFA2829D83B68002BF7D01F4B0022FF
:1082E000C3F81021B8F1000F07D0D4F83424C3F834
:1082F0001C25D4F83824C3F824255EB1174BB4F8F4
:10830000061100204FF40072C3F82C05C3F8441581
:10831000C3F85026114B0622C3F80022D3F850258B
:10832000082A04D9002384F82534BDE8F08100210F
:108330000122C3F854111A6006F0C6F9094E054629
:1083400004E006F0C1F9431BFA2BEED83368002B8A
:10835000F7D0024B0022C3F85421E3E7001000409D
:108360001011004054110040024B41EA0222C3F8B0
:10837000082570470010004010B50446082200F29E
:10838000122009F0EBFA94F82334B3B994F81212DE
:108390000A4A0B0443EA0123C2F81435D2F818350F
:1083A0001B0C1B04C2F8183594F82634D2F81815A3
:1083B00043EA03230B43C2F8183510BD00100040F8
:1083C00010B490F812420E4A80F82614230443EAAF
:1083D0000423002480F82344C2F81435D2F8183559
:1083E0005DF8044B1B0C1B04C2F8183590F82634BA
:1083F000D2F8181543EA03230B43C2F81835704727
:108400000010004070B41468D2F80130250924012E
:1084100004F0F03205F00F351C091B01154303F081
:10842000F03304F00F34AA081C43AD0005F0CC353E
:10843000A30802F03332A4002A4304F0CC3403F042
:1084400033335508234352005C0805F0553502F0DC
:10845000AA325B0004F055342A4303F0AA332343C5
:1084600012BA2B4C120E1BBA19BBD0F83054C4F8F8
:108470002455C4F81C35D4F8243523F0FF03C4F880
:108480002435D4F824351A43C4F82425D4F81C35EF
:10849000C0F82C34D4F82435C0F830341C4A0123F9
:1084A000D2F8300503FA01F1014370BCC2F830156F
:1084B0007047032919D8D0F83054C4F82455C4F8AB
:1084C0002035D4F82455CB00FF269E4025EA06052A
:1084D000C4F82455D4F824559A402A43C4F82425D6
:1084E000D4F82435C0F83034D8E7C4F82035081F54
:1084F000D4F82855C300FF20984025EA0000C4F8AE
:108500002805D4F828059A400243C4F82825C5E771
:108510000010004030B4D1F801300D68234C190927
:108520001B0103F0F03301F00F3119438B08890070
:1085300001F0CC3103F033330B4359085B0001F0F9
:1085400055312A0903F0AA332D010B4305F0F0350C
:1085500002F00F322A431BBAC4F81C35930892006C
:10856000D4F8241502F0CC3203F03333134321F056
:10857000FF015A085B00C4F8241502F0553203F0DD
:10858000AA33D4F8241513431BBA41EA136300221B
:10859000C4F82435C4F82C25D4F81C35C0F834347C
:1085A000D4F82435C0F8383430BC7047001000408F
:1085B00059B101290ED0022911D003290A4B14BF49
:1085C00000220822C3F80C257047074BF422C3F899
:1085D0000C257047044B0222C3F80C257047024B50
:1085E0000622C3F80C2570470010004001460148E0
:1085F00000F00EBBEC69002038B5064B1D783DB18C
:1086000000242046013400F051FEE0B28542F9D842
:1086100038BD00BFE8690020407DFF280AD010B5B2
:1086200000F0E4FD044608B1204610BD08F092FCBD
:10863000204610BD00207047407DFF280ED000B5B9
:1086400083B00DF1070100F027FE20B19DF807006F
:1086500003B05DF804FB4FF0FF30F9E74FF0FF3057
:10866000704700BF407DFF280FD000B583B00122C6
:108670000DF1070100F0C6FD20B19DF8070003B021
:108680005DF804FB4FF0FF30F9E74FF0FF30704723
:10869000407DFF2801D000F009BE7047407DFF28D3
:1086A00001D000F06BBE0020704700BFF8B5064651
:1086B000407DFF281CD017465AB10D46144600F0E5
:1086C00071FD2946224680B1707D00F033FE241AE8
:1086D00001D13846F8BD054408F03CFC707D00F03F
:1086E00061FD294622460028EED13F1B3846F1E7BE
:1086F0000020F8BD002A00F097802DE9F0434B4997
:1087000091F81C9191F81D7191F81E8193B01D464E
:10871000064608F1010309F102001446BA1C81F86B
:108720001C0181F81D2181F81E3101A8422200217F
:1087300009F014F9412D73D9327D8DF814207A1C7B
:10874000204662F07F0440F60832ADF8042040F283
:10875000094540F20122ADF80C50ADF81020242557
:10876000334A8DF81650069209F1010304220125BF
:10877000DBB28DF81C508DF81F208DF8302040F2B0
:10878000022640F2075240F224658DF81E308DF823
:1087900027308DF83130ADF808600223ADF8245051
:1087A000ADF82820ADF83820224E8DF8073003258B
:1087B00008228DF812308DF833308DF83B30089652
:1087C00005238DF82B508DF82C2067F07F074FF490
:1087D00011660A2540228DF81530ADF82E608DF80F
:1087E000345001A98DF806908DF80E908DF82690E2
:1087F0008DF83A808DF82A7007268DF83C2044F2D7
:10880000020542228DF840308DF841408DF83F60DE
:10881000ADF8425009F07AF8422013B0BDE8F08379
:10882000002013B0BDE8F08342207047EC690020BF
:10883000200105242402060570B50368184A5B6808
:1088400082B093428DF8071021D10546407DFF2864
:1088500023D000F0A7FC0DF1070601243146224683
:1088600088B1687D00F066FD241A02D1012002B0B3
:1088700070BD064408F06EFB687D00F093FC314645
:1088800022460028EDD1C4F1010002B070BD0122E2
:108890000DF10701984702B070BD002002B070BD15
:1088A000AD860200002A00F097802DE9F0434B4985
:1088B00091F81C9191F81D7191F81E8193B01D469D
:1088C000064608F1010309F102001446BA1C81F8BA
:1088D0001C0181F81D2181F81E3101A842220021CE
:1088E00009F03CF8412D73D932798DF814207A1CA7
:1088F000204662F07F0440F60832ADF8042040F2D2
:10890000094540F20122ADF80C50ADF810202425A5
:10891000334A8DF81650069209F10103042201250D
:10892000DBB28DF81C508DF81F208DF8302040F2FE
:10893000022640F2075240F224658DF81E308DF871
:1089400027308DF83130ADF808600223ADF824509F
:10895000ADF82820ADF83820224E8DF807300325D9
:1089600008228DF812308DF833308DF83B300896A0
:1089700005238DF82B508DF82C2067F07F074FF4DE
:1089800011660A2540228DF81530ADF82E608DF85D
:10899000345001A98DF806908DF80E908DF8269030
:1089A0008DF83A808DF82A7007268DF83C2044F225
:1089B000020542228DF840308DF841408DF83F602D
:1089C000ADF8425008F0A2FF422013B0BDE8F0839A
:1089D000002013B0BDE8F08342207047EC6900200E
:1089E0002001052424020605437DFF2B02D10A4BFA
:1089F0001A7802B1704710B500F1100442750749AA
:108A0000204601221A7000F0D7F921460448BDE83B
:108A1000104000F0DFB800BFE8690020E83E030026
:108A2000EC69002001B900B1704700B583B0694618
:108A300000F0CEFB009BB3F5966F02D003B05DF85B
:108A400004FB00F02DFBF9E730B4084B084A4FF463
:108A50007F4102F10805002430324FF47A70998288
:108A6000C3E901401D601A6130BC7047D069002025
:108A7000F83E03000378002B00F09280F0B5054625
:108A8000002004462E4603E001342B5D2E19C3B1AD
:108A900003F14002D2B2012AF6D9F42BF4D81A0617
:108AA00010D40122A3F55846B6F5006FECD3144458
:108AB000202806D021F810302B5D01302E19002B14
:108AC000E6D1F0BD03F0E002C02A52D003F0F0027C
:108AD000E02A61D003F0F802F02AD5D103F00703B1
:108AE0000427727802F0C00CBCF1800FCCD196F84C
:108AF00002C00CF0C00E02F03F02BEF1800F42EA4D
:108B00008313C1D10CF03F0C032F4CEA83132AD0FE
:108B1000F27802F0C006802EB6D102F03F0242EA9F
:108B20008313A3F58032B2F5801F38BF0427ABD280
:108B3000A3F55842B2F5006FA6D3B3F5803F3C448D
:108B4000B6D31E28BDDCA3F5803342009E0A0A443A
:108B5000C3F30903A6F52056A3F5105321F81060BE
:108B60005380023091E7A3F50062B2F5784FDFD36E
:108B70008AE7727802F0C006802E03F01F0383D1CB
:108B800002F03F0242EA8313A3F18002B2F5F06FD4
:108B9000BFF47AAF022285E703F00F030327A0E7B3
:108BA0001846704790F850310B2B0CD871B110B4A7
:108BB00003F148025C1C80F850415DF8044B40F81A
:108BC0002210184670470023184670470B46184677
:108BD000704700BF70B504460E68B4F81821B4F8A9
:108BE0001A31656936689B1A08469BB294F81C11C5
:108BF0002A44B04758B1B4F81831626903449BB2B3
:108C0000A4F81831538094F81C311371012070BD01
:108C10002DE9F043264DDFF8A890AC46044688467F
:108C2000BCE80F0089B003AF0FC703AE0FCE05F14C
:108C3000140E25460FC59EE80700DCF800303B8087
:108C40006B4636682E8003C36B4603CB012504F1C7
:108C500018034FF480766361A061E16184F82020FD
:108C600004F59870C4F818912022A4F81C61002122
:108C700084F81E5108F072FE0E4E0F48A5710422B2
:108C800040F2EF2340F209470021C4E94A0184F889
:108C90005021A3804FF4E131C4E948760748FFF73B
:108CA000A3FE404600F0EAF9284609B0BDE8F0838B
:108CB0005C3F03002C3F0300343F0300D0690020D9
:108CC000090000012DE9F047D0F82C0188B00E46CC
:108CD00030B10231FFF7CEFEC0B208B0BDE8F08778
:108CE000684600F0DFF98646F8B1431E06F1040934
:108CF000DBB2114DE84609EB830904AC95E80F009F
:108D000018F8017B84E80F0007F00F0C0DF1200A22
:108D1000D4440AEB17171CF810CC17F8103CA6F82F
:108D200004C073800436B145E8D14FEA4E00C0B2AA
:108D300008B0BDE8F08700BF483F03000048704717
:108D4000EC690020014B5869704700BFEC690020B6
:108D500010B5B0B103281CD0154C94F850318342A3
:108D600023D9483004F5AA7154F82000FFF782FE99
:108D7000C3B201335B0043F440730E48A4F8523190
:108D800010BD0B4CD4F82031A4F854314FF441738A
:108D9000F3E70849A1F5A9742046FFF793FF431CA8
:108DA0005B0043F440739BB2E7E7002010BD00BFB7
:108DB000EC6900203E6B002010B504460248FFF726
:108DC000F1FE207110BD00BFEC690020024B53F88A
:108DD000200000B1C0687047806B002030B4094C9F
:108DE000BDF8085054F8204044B1246934B1084615
:108DF000A44611461A462B4630BC6047002030BCC2
:108E0000704700BF806B002030B4084CBDF808509C
:108E100054F8204044B1646934B10846A446114670
:108E20001A462B4630BC604730BC7047806B002030
:108E3000024B186808B190F860007047886B0020FA
:108E40002DE9F843234C2568002D40D01E462C23E5
:108E500003FB00530446D3F8209088461746B9F127
:108E6000000F30D0484609F08FF90828024628BF85
:108E700008222C2000FB0454D4E90954DFF85CC01C
:108E8000154B002D08BF654649464046002C08BFDB
:108E90001C4608F03BFD284609F076F910280246EA
:108EA000294628BF1022384608F030FD204609F038
:108EB0006BF9042802462146304628BF0422BDE84B
:108EC000F84308F023BDDFF818900822D1E7BDE889
:108ED000F88300BF886B0020983F0300883F0300A1
:108EE0007C3F030070B5104E3368CBB12C2404FBDB
:108EF0000034054662691AB19047336884F832003D
:108F00002C2202FB053393F832400CB1204670BD91
:108F1000284623463A22022101F074F8204670BD0B
:108F20001C46204670BD00BF886B0020074B1B68A5
:108F300053B110B42C2404FB0030C46A038E0C60BF
:108F40005DF8044B13807047704700BF886B0020AA
:108F500008B520220023052101F054F84FF0FF301E
:108F600008BD00BF30B4084C256855B1044608461A
:108F700011461A462C2303FB0454E3690BB130BCA1
:108F80001847012030BC7047886B002030B4094C72
:108F9000029A25684DB10446084619462C2303FB66
:108FA0000454A3680BB130BC18474FF0FF3030BCFD
:108FB000704700BF886B002030B4094C029A2568C6
:108FC0004DB10446084619462C2303FB0454E368BC
:108FD0000BB130BC18474FF0FF3030BC704700BFBA
:108FE000886B0020044B1B682BB12C2202FB003045
:108FF000036903B118477047886B0020054B1B6855
:109000002BB12C2202FB0030836903B118470120E9
:10901000704700BF886B002004F062BF00B5134B9F
:10902000402283B083F82723002002F09BFF4FF0FB
:1090300080430024D3F838548DF80040684607F088
:1090400045FD0B4B019301A807F06CFD07F076FD81
:10905000EB0707D400214FF0FF3003F005F8FFF7CE
:10906000CBFAF7E7204604F03BFFF3E700E100E02E
:1090700019900200002004F07FBB00BF00B5002360
:1090800083B00322CDE9002303490448C82206F037
:109090009BFA03B05DF804FB9C3F03001D900200A7
:1090A00008F00AB94FF08052536E1BBA0360136E7A
:1090B0001BBA43600820704700487047A43F030074
:1090C00070B51E4D2B6883B1012913D11478C4F3F8
:1090D0004114012C0BD0022C07D15478012C0BD059
:1090E000022C07D19388072B20D0002070BD517827
:1090F00022290BD0012070BD9C69002CF5D023786B
:1091000011462246BDE8704003F042BE5188003946
:1091100018BF01215975114603F020FE2A68D36952
:10912000002BE7D0507D9847204670BD044C114677
:1091300023892246BDE8704003F02ABE8C6B0020D4
:109140001060002070B5044602F0F4FE08B900205B
:1091500070BD02F0F7FE05460028F8D1E378002B39
:10916000F5D004F11006304602F0F0FC3F28EED9AD
:10917000E178284603F032FD0028E8D0304602F0BE
:10918000E5FC3F2808D9E178284604F536724023EB
:10919000BDE8704003F042BDE178284603F02EFDA3
:1091A000D5E700BF10B5044602F0C4FE08B90020A0
:1091B00010BD02F0C7FE0028F9D104484FF45673E1
:1091C00003FB0400007900F0010010BD946B002047
:1091D000054B4FF4567202FB0033986808609A8979
:1091E0009B7B8B718A807047946B002008B5044B81
:1091F0004FF4567202FB0030103002F08DFC08BDB7
:10920000946B00202DE9F8434FF4567404FB00F4EE
:10921000204F4FF6FE704FF6FF7304F110058242A7
:1092200088BF1A463D4492B2284602F0A1FC064689
:1092300002F080FE10B93046BDE8F88302F082FEED
:1092400081460028F7D107EB040898F80330002B7B
:10925000F1D0284602F07AFC3F28ECD998F80310A8
:10926000484603F0BBFC0028E5D0284602F06EFC1F
:109270003F2809D904F5367298F803103A44484655
:10928000402303F0CBFCD6E798F80310484603F0E0
:10929000B5FCD0E7946B0020034B4FF4567202FBF1
:1092A0000030103002F0D2BC946B00202DE9F04168
:1092B000044602F03FFE10B90020BDE8F08102F044
:1092C00041FE06460028F7D14FF45671DFF8608062
:1092D00001FB04F404F124054544284602F01CFC7B
:1092E0000028E9D008EB04073046B97803F076FC93
:1092F0000028E1D004F54674444428462146402223
:1093000002F036FC054660B1B978224630462B465D
:1093100003F084FC40B9054B1B68DB07CCD500BECD
:10932000CBE7B97803F06AFC2846C6E7F0ED00E029
:10933000946B002038B5104B4FF4567404FB003486
:1093400005464FF6FF734FF6FE70824288BF1A46FD
:10935000243492B2204602F0B3FC034620461C4659
:1093600002F0DAFB3F2801D8204638BD2846FFF737
:109370009DFF204638BD00BF946B002008B5044B0C
:109380004FF4567202FB0030243002F0DFFB08BDC0
:10939000946B0020F0B5214C214F83B04FF45672EE
:1093A0000021204608F0DAFAFF2300264FF4E132CC
:1093B00008256371012304F13801A260A5734FF4FD
:1093C00080721D46009604F11000A6813E7002F0E6
:1093D0006BFB2B4604F59C7100954FF4807204F1F1
:1093E000240002F061FB04F50E71284605F0B6FB7F
:1093F000034604F5227128461D4605F0AFFB05B172
:1094000030B9084B1B68DB0700D500BE03B0F0BDC8
:10941000C4E90765C4E90C0603B0F0BD946B0020F5
:10942000906B0020F0ED00E038B5094C206A256B08
:1094300020B105F02BFF0023C4E907332DB12846E6
:1094400005F024FF0023C4E90C33012038BD00BF20
:10945000946B002010B50F4C0F4823780022026057
:109460000271DA0707D59B070BD5BDE810400B4802
:10947000012102F0E7BC103002F0C4FC23789B0706
:10948000F3D4064802F0BEFCBDE8104003480121B9
:1094900002F0D8BC906B0020946B0020B86B0020C9
:1094A000F0B54B79022B83B002D18B79022B03D01C
:1094B0000025284603B0F0BD264FBB782BB1264BC4
:1094C0001B68DB07F4D500BEF2E78B783B700C78A5
:1094D0000C440646617824294FF009050BD1082A6F
:1094E00002D80FE0AA420DD323781C442B446178A4
:1094F00024299DB2F6D005290AD0042902D1637926
:109500000A2B13D01348FFF71DFE284603B0F0BD09
:109510002146304603F03EFB0028D0D0A3787B7074
:1095200023781C442B4461789DB2E6E70B4A2778E8
:1095300001920223013200923046E1191A4603F0EB
:1095400099FA0028BBD005F10E0317FA83F39DB2F8
:10955000D8E700BF946B0020F0ED00E0966B002090
:1095600038B5137803F06003202B0CD1274C938877
:1095700025789D4207D15378203B032B03D8DFE8A1
:1095800003F00A172004002038BD012930D0032938
:1095900033D0012038BD01290CD00329F9D11C4B4F
:1095A000002BF6D01B490020AFF30080012038BD0E
:1095B0000129EED111460723164A03F0E9FB0120E9
:1095C00038BD012914D00329E3D15588257105F050
:1095D0000104114884F0010102F034FC0F4B002B10
:1095E000D7D0C5F3400221460020FFF71BFAD0E791
:1095F000114603F0B3FB012038BD094B002BC8D046
:1096000051880020AFF30080012038BD946B00200A
:10961000000000009C6B0020B86B0020258A02002F
:10962000000000002DE9F0474A4DEA788A420C46D6
:1096300007461E4654D19AB205F5367105F1100061
:1096400002F03EFB444BD3B16B79FF2B17D0B6B180
:1096500005F2D72808EB060AA8F2C72902E0D04590
:109660000DD06B7918F8012F9A42F8D1484602F0D4
:1096700063FA0028F3D16979AFF30080EFE7374B45
:1096800023B1374802F058FA00285BD03148FFF781
:1096900059FDAB78A34203D001242046BDE8F087F2
:1096A000304B13B10020AFF3008002F043FC20BB2D
:1096B0002D4802F031FA0028EED1002EECD016F041
:1096C0003F06E9D1A978384603F088FA0446002815
:1096D000E2D0A97838463346324603F09FFADCE7F9
:1096E000AB788B42DCD0214B1C6814F00104D4D041
:1096F00000BE00242046BDE8F08702F023FC0446AB
:109700000028D5D1184802F007FA0028D0D0A9784F
:10971000204603F063FA0028CAD015494022A1F57B
:109720003D7002F025FA034678B1114AA978204627
:1097300003F074FA0028AFD10C4B1B68DB07B7D5D8
:1097400000BEB5E7AFF30080A0E7A97803F056FAB2
:10975000AEE700BF946B0020000000000000000096
:10976000A46B002000000000B86B0020F0ED00E0CA
:10977000AC6E0020704700BF01207047704700BFEB
:10978000704700BF02484FF4CC72002108F0E6B8E1
:10979000EC6E00200120704702484FF4CC7200218B
:1097A00008F0DCB8EC6E00202DE9F0474B79032B74
:1097B00082B014D10B79C3EBC3051235ADB295421B
:1097C0000C4607D8304F7A7806466AB197F8CD2014
:1097D000002A50D02D4B1B68DA0700D500BE0025AB
:1097E000284602B0BDE8F087904692464FF0010E41
:1097F0004FF0020C2278A11848782128EAD14FF0C6
:10980000CC0909FB0A7907EB0E00C9F8081014F817
:1098100002E0019007EB0C02009271441A463046B8
:10982000032303F027F90028D4D0A379012B04BF28
:10983000E37989F80330CC2303FB0AFA07EB0A0328
:1098400001229A71A27807F80A209A689978B2F8EA
:1098500007209A800029C3D008F18C023A44304690
:10986000402303F0DBF90028BAD1084B1B68DB0763
:10987000B6D500BEB4E74FF0CD0E4FF0CE0C4FF092
:10988000CC084FF0010AB5E7EC6E0020F0ED00E0E7
:10989000137803F01F0CBCF1010F14D12DE9F04136
:1098A0000C468249978815460A78FFB2BA4282B0C0
:1098B00006460AD091F8CC20BA4200F0CB800020B6
:1098C00002B0BDE8F081002070470027BC460622A8
:1098D0000C204FF0070E13F0600306D1012C00F0AE
:1098E0009F80012002B0BDE8F081202BE7D16B788A
:1098F000013B0A2BE3D80FF2080858F823F000BF09
:10990000D3990200C9990200B5990200BF980200DC
:10991000BF980200BF980200BF980200BF980200E3
:10992000759902004D9902002D990200012C1BD05F
:10993000032CD6D16B88CC2202FB0717DBB2604622
:109940001946BB71FFF716FF0120B9E7012CC8D1FA
:109950006B88CC2202FB07171B0A60461946FB7175
:10996000FFF70AFF0028AAD02946304603F0F6F98F
:109970000120A5E7012C00F08280032CB1D16C8876
:10998000ED88402D01EB0003284628BF402014F04D
:10999000FF014FEA142207D0012D05D91C788C4213
:1099A00002D1013880B2013300906046FFF72CFAF3
:1099B000012085E7012C94D10A44294630462346EC
:1099C00003F0E6F920467BE7012C8AD101EB0E0279
:1099D000F3E7012C85D1B5F806E06B880F187046C7
:1099E000402828BF402013F0FF014FEA13223B46D6
:1099F00057D0BEF1010F56D9013803F8011B80B2D0
:109A000000906046FFF7EAF923189BB2002B41D182
:109A1000274A1268D2077FF552AF00BE18464FE7BB
:109A20006B78062B7FF44BAF6B881B0A212B17D06A
:109A3000222B7FF444AF6046FFF7C8F91B49CC23C3
:109A400003FB07170246BB882946304603F0A0F9FE
:109A5000204635E7D222D8204FF0D30E67463AE7AA
:109A6000CC2303FB07139A68002A3FF428AF13782E
:109A70002946304602B0BDE8F04103F089B9EB88D1
:109A8000402B3FF61CAF0A182946304603F080F9F8
:109A9000204615E73A462946304603F079F9012079
:109AA0000EE70C46ACE70024AAE700BFEC6E0020EE
:109AB000F0ED00E070B52C4EB4788C4282B00546D3
:109AC00013D0707888422CD096F8CE00884243D0CC
:109AD00096F8CD00884244D0244B1B68DA0702D4A4
:109AE000002002B070BD00BEFAE7747800208C42FE
:109AF00018D002BB9BB206F18C040093114623469A
:109B00000222FFF781F9B17822462846402303F06C
:109B100085F80028E5D1154B1B68DB07E0D500BEB2
:109B2000DFE700207AB99AB206F14C01FFF726FE72
:109B3000012002B070BD06F18C049BB222460221C6
:109B4000FFF71EFEDFE79BB206F14C020121FFF793
:109B500017FE012002B070BD96F8CD400120CC3632
:109B6000C5E7CC360120DDE7EC6E0020F0ED00E02B
:109B700070B500F124050446284601F0CDFF08B970
:109B8000002070BD6178002003F028F80028F7D08D
:109B900004F5067628463146402201F0E9FF0546E5
:109BA00060B1034661783246002003F037F840B9CF
:109BB000054B1B68DB07E3D500BE70BD617803F081
:109BC0001DF8284670BD00BFF0ED00E070B51A4CDE
:109BD00082B000210D464FF41672204607F0BEFEFB
:109BE00004F138010123802204F11000009501F0F6
:109BF0005BFF04F1B80101238022009504F12400E9
:109C000001F052FF04F59C71012004F0A7FF04F558
:109C1000C4710646012004F0A1FF30B9074B1B6850
:109C2000DB0700D500BE02B070BDC4E90756C4E929
:109C30000C0502B070BD00BF5C830020F0ED00E0B9
:109C400038B5094C206A256B20B105F01FFB0023B5
:109C5000C4E907332DB1284605F018FB0023C4E9F9
:109C60000C33012038BD00BF5C83002010B5084CC8
:109C7000002304F11000C4E90033C4E9023302F008
:109C8000C1F804F12400BDE8104002F0BBB800BFE9
:109C90005C8300202DE9F0434B79012B83B002D186
:109CA0008B79012B04D00025284603B0BDE8F08352
:109CB000CB79002BF7D10B78CC1806466578242D8C
:109CC00099B20BD1914202D9EDE78A42EBD32378C6
:109CD0001C440B446578242D99B2F6D0042DE2D1B2
:109CE0006379012BDFD1A379032BDCD1E579002D3A
:109CF000D9D1DFF8CC8098F8010098F8023050EA0A
:109D0000030905D02B4B1B68DB07CCD500BECBE786
:109D1000A37888F8003027782079CB199DB22744A2
:109D200030B922E03B7881451D44ADB21F441CD2BE
:109D3000AA421AD37B78052BF4D1394630460192DA
:109D400002F028FF019A68B3BB782079D90914BFC3
:109D500088F8013088F80230397809F101030D44A0
:109D60005FFA83F9ADB20F44DCE7134801F0EEFE71
:109D70003F2899D998F80210002002F02FFF002800
:109D800092D00D4801F0E2FE3F2898F8021005D964
:109D90000A4A4023002002F041FF85E7002002F03C
:109DA0002DFF81E7034B1B68DA077FF57CAF00BE10
:109DB000054679E7F0ED00E06C8300203485002053
:109DC0005C83002000207047F8B52D4DAA788A42A8
:109DD0001E4619D19AB205F5EC7105F1100001F09B
:109DE0006FFF284B13B10020AFF30080264801F02D
:109DF000ADFE3F2805D9A978002002F0EFFE044609
:109E000068BB01242046F8BD6B788B4208D01F4BFD
:109E10001C6814F00104F5D000BE00242046F8BDF3
:109E200007462846FFF7A4FE0028EAD105F12400E2
:109E300001F072FE0028E4D1002EE2D016F03F06B9
:109E4000DFD16978384602F0C9FE04460028D8D030
:109E5000697838463346324602F0E0FED2E70A48D7
:109E600001F074FE3F28A97805D9094A4023002053
:109E700002F0D4FEC6E7002002F0C0FEC2E700BF39
:109E80005C830020000000006C830020F0ED00E007
:109E90003485002070B5324CE28AA36852BA92B27F
:109EA00086B0054612B1B3FBF2F292B2A06BD4F8C1
:109EB0001110B0FBF2F61B1AB3F5007F28BF4FF468
:109EC000007309BA009302FB16023144254B607BF4
:109ED000FFF75CF8011E1EDB0AD08BB2214A94F812
:109EE0002E10284602F09AFE002833D006B070BD2E
:109EF00094F82E300391072203A8CDE904118DF8C0
:109F00000C508DF80D208DF810308DF8111002F0E6
:109F100095FC06B070BDA268A36B43F60220002139
:109F2000D31AA08784F83E1001200221A36284F88E
:109F30002C0084F83010002AD8D0002BD6D0237BF8
:109F4000DB0914BF94F82E1094F82F10284602F065
:109F5000A5FECBE7044B1B68DB07C7D500BEC5E7F2
:109F60008472002084700020F0ED00E038B5214BB1
:109F7000214C05461BB1607BFFF740F8B0B1A06BE8
:109F8000A36894F82F101D4A1B1AB3F5007F28BF51
:109F90004FF4007328469BB202F040FE00B138BD7A
:109FA000174B1B68DB07FAD500BE38BDA26BA16852
:109FB00084F83E008B1A42F207720120A287022227
:109FC000A36284F82C0084F830200029E7D0002B0D
:109FD000E5D0237BDB0906D094F82E102846BDE897
:109FE000384002F05BBE94F82F102846BDE8384098
:109FF00002F054BEFD8F02008472002084700020A5
:10A00000F0ED00E0044880F83C1080F83D2080F836
:10A010003E300120704700BF847200200248402279
:10A02000002107F09BBC00BF847200200248402240
:10A03000002107F093BC00BF847200204B79082BED
:10A0400001D0002070478B79062BFAD1CB79502BA9
:10A05000F7D1162A06D81C4B1B68D907F1D500BECC
:10A060000020704770B5194D8B7885F82D300B782E
:10A0700082B005F12F0205F12E0619440223CDE925
:10A0800000261A46044602F0F5FC30B90E4A126862
:10A09000D2070FD500BE02B070BD204695F82F1034
:10A0A00000241F232A4685F8304002F0B7FD20B176
:10A0B0001720F0E7002002B070BD034B1B68DB07E0
:10A0C000F6D500BE1720E6E7F0ED00E08472002030
:10A0D000012901D00120704770B5137803F07F0487
:10A0E000022C84B0054611D003F06003202B0AD166
:10A0F0005378FE2B28D0FF2B05D153881BB9D68867
:10A10000B3B2002B3CD0002004B070BD5478012CB9
:10A11000EAD15388002BF6D1374E938896F8302039
:10A12000042ADBB250D096F82E10994236D096F819
:10A130002F409C4205D122B9214602F0A1FD002802
:10A1400047D0012004B070BD5388002BDBD1D388E9
:10A15000012BD8D129488DF80F3030B10192FEF78C
:10A1600067FE019A01460028CDD04C1E28461146B4
:10A1700001230DF10F028DF80F4002F009FEE0E718
:10A180001D4C11462846A687C4E90D3384F83030AB
:10A1900084F83E3002F0E2FD0120B5E7022AD0D17A
:10A1A000B26BB3689B1A0324B36206F120020D233D
:10A1B00086F8304002F032FD0028C2D1104B1B68F7
:10A1C000DB07A0D500BE9FE7194602F067FD2046D9
:10A1D0009AE72146284602F07FFD0028B1D10023EE
:10A1E00086F8303096F82F10034A28461F2302F0D5
:10A1F00015FD0028A5D1E1E784720020318E020010
:10A20000F0ED00E02DE9F041AC4C94F83050012D18
:10A210008EB01E46074670D0032D47D035B1022DB3
:10A2200000F08A8001200EB0BDE8F08194F82F3054
:10A230008B42F7D11F2E40F09E80A14B22689A429C
:10A2400040F09980E27B9F4863682062636201204E
:10A25000A368A562282A84F82C50A56384F83000EE
:10A26000636300F0E3802A2A00F0DE82002B00F016
:10A270003381207BC00940F02F81B3F5007F40F28D
:10A28000278394F83C20A3620120022384F82C0049
:10A2900084F8303022B942F2050384F83E20A387C7
:10A2A000384602F0FBFC94F83050B8E794F82E30B2
:10A2B0008B42B7D10D2EB5D1E37B282B00F09A82CB
:10A2C0002A2B00F08F82804B23B1607B04F10F01B9
:10A2D000AFF30080002084F83000784A94F82F1003
:10A2E0001F23384602F09AFC0028DCD1774B1B680C
:10A2F000DA0700F19980002095E7E37B282B12D044
:10A300002A2B59D0A36B227B3344D209A36347D0B5
:10A31000626B9A420DD96D4B1B68DB07C3D500BE3B
:10A3200094F830507BE7D4E90D2333449342A36380
:10A3300075D3022384F8303094F82E10384602F09A
:10A34000CBFC00287FF46EAFA368A26B934202D9C6
:10A35000217BC9091ED19B1A0325A36294F82E10F4
:10A360005B4A84F8305038460D2302F057FC002831
:10A370007FF458AFBAE7042394F82E1084F83030F5
:10A38000384602F08BFC384694F82F1002F086FC19
:10A39000002048E794F82E10384602F07FFC41E791
:10A3A000A38E4C4A607B04F10F01FEF7D1FD00281B
:10A3B000C0F2F681A36BABE7E08A40BA80B218B175
:10A3C000A368B3FBF0F080B2D4F81110A26B414D3A
:10A3D000B2FBF0F309BA00FB13221944607B00962C
:10A3E0002B46FEF7E9FD0028C0F23A8286425CD98E
:10A3F000361A002840F06282002194F82F2005913F
:10A40000072305A8CDE906168DF814708DF81910EC
:10A410008DF818208DF8153002F010FA43E7FFF799
:10A4200039FD94F83050FAE600BEFCE6E08A40BA06
:10A4300080B2A3B900283FF47CAF94F83C300222EC
:10A44000002184F82C2084F83020A162002B7FF4B6
:10A4500073AF42F2050284F83E30A2876CE7257B99
:10A46000ED090BD0002800F014828342C0F0538223
:10A47000282A3846D3D0FFF779FD14E794F83C201A
:10A48000A362022384F82C3084F83030002A7FF451
:10A4900007AF42F205020023A28784F83E30257BF5
:10A4A000ED09002D3FF4FCAED2E1D4E90D23334495
:10A4B0009342A363BFF43DAF3846DCE784720020CB
:10A4C000555342435553425300000000F0ED00E065
:10A4D000A472002084700020657B252A27D8DFE83D
:10A4E00012F0020126002600C400260026002600E5
:10A4F000260026002600260026002600260026002C
:10A500002600260026003F01260026002600260001
:10A5100026002600260081002E01260026009B0032
:10A52000260026002600260008012600540094F884
:10A530003C20002A40F08380B24AB3499BB22846AF
:10A54000FEF706FD00287ADB002833D1A368002B34
:10A550003FF4EFAEA16B94F83C205B1A012002217E
:10A56000A36284F82C0084F8301022B942F205016D
:10A5700084F83E20A187002B3FF4DEAE237BDB096D
:10A5800040F0668194F82F108AE6284604AA05A9AF
:10A59000FEF7CCFC059B002B00F0B281BDF810202B
:10A5A000002A00F0AD819749013B1BBA12BAC1E9FC
:10A5B00000320820A368002B40F09381A36B94F82D
:10A5C0003C205B4201200221A36284F82C0084F825
:10A5D0003010002A7FF4B0AE42F2050384F83E202A
:10A5E000A387A9E6059B894A03F4000343F003030C
:10A5F0000593002A00F09D812846FEF7FFFC9DF898
:10A600001630804A80F0010060F3C7138DF81630D1
:10A61000059B13600420CDE77D4B002B96D0227D57
:10A62000E17C2846AFF3008000288FD194F83C30BD
:10A630002BB943F602220023A28784F83E30A26899
:10A64000A36B94F83C100120D31A84F82C0002204C
:10A65000A36284F8300021B942F2050084F83E106C
:10A66000A087002A3FF468AE85E794F83C2094F870
:10A670003D0094F83E10DFF88CC1DFF8A8E14FF000
:10A6800000084FF00003CDE90588CDE9078862F3A3
:10A6900003038DF81630F0220A23ADF824808DF8DC
:10A6A00020008DF821108DF814208DF81B3005AE98
:10A6B0000FCEACE80F003368ACF80030BEF1000FED
:10A6C00000F03181ACF1100128464FF40072AFF375
:10A6D00000800028A4F83C8084F83E80BFF634AFA8
:10A6E000657B636B28E72846FEF7FCFB00289DD0BE
:10A6F0002CE705AE00230DF10E02284604A9736075
:10A700000593B360FEF712FC049A002A00F0F8806B
:10A71000BDF80E30002B00F0F38012BA5BBA0820AF
:10A720000221ADF81E3006928DF817008DF81C102E
:10A7300096E80700334B83E807000C203AE7354BD7
:10A74000002B3FF403AFE17C2846C1F3400301F046
:10A7500001020909FEF706FC00287FF4F7AE65E761
:10A760004FF02033284600221F250692CDE90A33F8
:10A77000294E089307A909AA079309930D930C93EF
:10A780008DF818500DAB05AD0596FEF759FB0FCDB2
:10A790001C4E0FC60FCD0FC62B683360242009E76F
:10A7A000A268A36B94F83C0084F82C50D11A0225BF
:10A7B000A16284F8305020B942F2050584F83E00C9
:10A7C000A587002A3FF4A4AD00293FF4A1AD237B67
:10A7D000DB0900F0A28094F82E10384602F05EFAF1
:10A7E000A36B95E50D4B002B3FF474AD607BFEF73A
:10A7F000F9FB6FE50A4B002B3FF46CAD607BAFF3C8
:10A80000008067E58470002093720020FD8F0200B5
:10A8100000000000658F020000800202E58F020048
:10A820000000000000000000E08A40BA80B2002B67
:10A830003FF400AE257BED093FF414AE94F83C20C4
:10A84000A362022384F82C3084F83030002A72D0BE
:10A8500094F82E10384602F021FA94F83050DEE4D5
:10A86000A36BA2683344D11A43F60220A3630023EA
:10A87000A08784F83E3001200223A16284F82C00D6
:10A8800084F83030002A3FF457AD00293FF454AD2E
:10A8900074E6012094F83C2084F82C000220A36286
:10A8A00084F83000002A7FF4FCAD42F2050084F801
:10A8B0003E20A087002B3FF43FADF0E5A36B2918A5
:10A8C00013FA80F332462846A36307F02DF893E588
:10A8D0001C4A9BB2384602F0A1F900287FF4E3AC91
:10A8E00004E5984228BF184683B26063154A94F87D
:10A8F0002E10384602F092F900287FF4D4ACF5E42B
:10A9000094F83C30002B7FF49AAE43F6022284F890
:10A910003E30A28793E60220BCE794F82F10384619
:10A9200002F0BCF946E5A4F83CE084F83EE01220D1
:10A9300040E6012063E642F2050384F83E20A38747
:10A94000ADE500BF847000202DE9F041044601F020
:10A95000F1FA10B90020BDE8F08101F0F3FA0646E3
:10A960000028F7D14FF4E671DFF8608001FB04F4B2
:10A9700004F118054544284601F0CEF80028E9D036
:10A9800008EB04073046797802F028F90028E1D076
:10A9900004F5C674444428462146402201F0E8F8F4
:10A9A000054660B17978224630462B4602F036F9EA
:10A9B00040B9054B1B68DB07CCD500BECBE77978E7
:10A9C00002F01CF92846C6E7F0ED00E0C472002052
:10A9D00070B51A4C82B000210E464FF4E672204644
:10A9E00006F0BCFF04F12C0101234022201D00963B
:10A9F00001F05AF804F16C0101234022009604F1A1
:10AA0000180001F051F804F1AC01012004F0A6F89F
:10AA100004F1FC010546012004F0A0F805B130B9AD
:10AA2000074B1B68DB0700D500BE02B070BDC4E950
:10AA30000465C4E9090602B070BD00BFC4720020FD
:10AA4000F0ED00E038B5094C6069656A20B104F0AA
:10AA50001DFC0023C4E904332DB1284604F016FC84
:10AA60000023C4E90933012038BD00BFC4720020AF
:10AA700010B5064C2046002340F8043B01F0C2F913
:10AA800004F11800BDE8104001F0BCB9C472002008
:10AA90004B79FF2B01D0002070472DE9F0412D4C60
:10AAA0006678A378334382B003D0002002B0BDE8BB
:10AAB000F0810D780E798B7823700F460D4416B314
:10AAC0006B78052B0AD0AB189D4202D306E0AB424F
:10AAD00004D929780D4469780529F8D1DFF87C80FC
:10AAE000CDF8048008F10103009332460223294681
:10AAF00001F0C0FF60B13B79A178C3EBC3031D44F3
:10AB000081B9637853B9E81B80B202B0BDE8F08127
:10AB1000114A1268D207C8D500BEC7E70020FFF768
:10AB200013FFF0E7002002F059F80028E9D008F1FF
:10AB3000030001F00BF83F2807D9A17808F24B1267
:10AB40004023002002F06AF8DBE7A178002002F041
:10AB500055F8D6E7C4720020F0ED00E0C572002081
:10AB6000F8B53B4FBC788C421D4624D07B788B4295
:10AB70001ED1384B06461BB1A9B20020AFF30080AE
:10AB800001F0D8F9B0BB344800F0C6FF20BB1DB3BC
:10AB900015F03F0520D17978304602F01FF80446C1
:10ABA000D0B1797830462B462A4602F037F800E0DB
:10ABB00000242046F8BD9AB207F5A671381D01F0B1
:10ABC0007FF8264B13B10020AFF30080B978002046
:10ABD00002F004F8044608B90124EAE7204800F02E
:10ABE000B5FF3F28B9782AD91E4A4023002002F039
:10ABF00015F8DEE701F0A6F904460028C3D116488F
:10AC000000F08AFF0028BED07978204601F0E6FFE8
:10AC10000028B8D014494022A1F5BA7000F0A8FF6E
:10AC2000034680B1104A7978204601F0F7FF0028EA
:10AC3000D2D10E4B1B68DB07A5D500BEA3E70020D1
:10AC400001F0DCFFB5E7797801F0D8FF9BE700BFA2
:10AC5000C472002000000000DC7200200000000030
:10AC6000C87200201074002050740020F0ED00E045
:10AC7000F8B50F688D883D44AF420E46B9780BD2C7
:10AC80000B468B423C4603D10DE06378042B05D084
:10AC900023781C44A542F8D80020F8BDAC42FBD272
:10ACA000A3788B42F4D1E3789A42F1D1A542F3D94B
:10ACB000237D012B1FD8237923B3012BECD12378DB
:10ACC000E289617A1A44194422442144914204D30E
:10ACD000E2E70B7819448A42DED94B78052BF8D18C
:10ACE0008A42D9D901F056FF60B9084B1B68DB07CF
:10ACF000D2D500BEF8BD054B1B68DA07CCD500BE27
:10AD00000020CAE7E41BF4800120F8BDF0ED00E06C
:10AD1000F0B4C4880378002C44D003EB830203EB27
:10AD2000420366488A78C05803191D7BAA4239D865
:10AD300022B9012D00F2A78001228A7001258D60C1
:10AD4000C1F80E504D7700266FF03F0581F8226064
:10AD50008D766FF003066FF06405CE760D77584E52
:10AD6000C1F81E60082581F82350005DB3F80D502E
:10AD700005441D440344AB4214D2524F9C78112C1D
:10AD80000CD827FA04F0C04310F0010006D1DE7899
:10AD9000B24203D112E0587824280CD0187803442A
:10ADA0009D42F8D8484B1B68DA0702D40020F0BC5B
:10ADB000704700BEFAE79D42E0D8F3E79D42F1D02C
:10ADC000042C66D0062CF2D191F803C01A79944570
:10ADD0001BD8BCF1000F05D1012A54D84FF0010C4B
:10ADE00081F803C01A781A44AA420ED2967806F067
:10ADF000FD07052F0FD0112E03D10CE05678242E1D
:10AE000044D0167832449542F8D82F4B1B68DB07A4
:10AE1000CCD500BECBE7D678B445F2D19542F4D07C
:10AE2000D1F812506DB9042C3CD0062C07D1B2F8E1
:10AE30000530B2F8075005FB03F52D01ED08C1F808
:10AE400012504C6854B9537E012B1CD8D2F81A40CA
:10AE50001BB9D2F81E30A34215D14C6042F20F73D9
:10AE60009C42D2D9194A6B1EA2FB042403EB543333
:10AE7000640BB3FBF4F30233B3F5807F28BF4FF4C8
:10AE80008073C1F816300120F0BC70479542ADD8F0
:10AE9000BBE7012291F803C00A731A7948739445FD
:10AEA00097D9B2E7B2F80560B2F807405D7D04FBC0
:10AEB00006F305FB03F5ED08C1E700BF9074002021
:10AEC0000301010150100200F0ED00E05917B7D165
:10AED0002DE9F04F0B78624C03EB8305894603EBB9
:10AEE00045030989E75883B01646804681B1394445
:10AEF000CB7803F00303012B00F09C80B9F80A30F3
:10AF000033B13B44DA7802F00302012A00F0998061
:10AF10000023B9F80240B9F80450C9F81430C9E95F
:10AF200003333C443D44A278AC4238BF134609D2B7
:10AF30009A4203D10FE06378042B07D023781C4496
:10AF4000A542F8D8002003B0BDE8F08FA542F9D99A
:10AF5000A3789A42F2D1E3789E42EFD1A542F1D98B
:10AF600023790193022B0FD8E31BA9F806308EB981
:10AF700099F81D30012B4BD123781C44019B6BB9F0
:10AF8000012003B0BDE8F08F364B1B68DA07D9D536
:10AF900000BED7E723781C44019B6BB309F1080A74
:10AFA0004FF0000BA54206D8EEE7042BECD0237837
:10AFB0001C44A542E8D96378052BF6D1A542E3D914
:10AFC000E37803F003030EB1012B19D0022BB9D1A2
:10AFD0002146404601F0DEFD00283AD0E31B2AF866
:10AFE000023B019A21780BF101039A420C444FF085
:10AFF000010BD7D8002EC3D0022389F81D30BFE73C
:10B00000A188D9F81830C1F30A019942E0D299E732
:10B0100009F11E03314689F81D60C9F81860184609
:10B02000302206F09BFC01464846FFF771FE0028DF
:10B03000A2D187E70023A9F80830897801F05AFEE9
:10B040005CE70022A9F80A209978404601F052FEF8
:10B050005EE7044B1B68DB077FF574AF00BE72E749
:10B0600090740020F0ED00E0044B05480021C3E996
:10B0700000115022C3F8071006F070BC9074002035
:10B080009C74002001207047044B05480021C3E94F
:10B0900000115022C3F8071006F060BC9074002025
:10B0A0009C7400202DE9F84F4B790E2B03D18B793E
:10B0B000012B0E4603D000273846BDE8F88FCB7928
:10B0C000012BF8D1DFF834911446D9F800202AB1C9
:10B0D000484B1B68DB07EED500BEECE749468046CF
:10B0E000C9F80060A9F80440FFF7C2FD0028E2D0CB
:10B0F000B9F80620D9F80030B17813443444A64298
:10B1000093F814A0334605D308E05A78042A3DD0BA
:10B110000B2A3BD01A7813449C42F6D8BAF1000FA0
:10B1200065D03549DFF8D8E048884FF0000C62461A
:10B13000E3460028CCD19D1B0EF8010B0870A8B285
:10B1400048809C429F784A7005D84DE05A78042A7E
:10B1500016D00B2A14D01A7813449C42F6D89A1BA6
:10B1600097B28F8081F81DB0BCF1000F14D00CF1A4
:10B17000010C5FFA8CF29245DBD8A9F804709BE7CA
:10B180009C42ECD99A78BA42E5D0E8E79C42C5D90E
:10B190009A788A42BED0C1E7BAF1010FE7D116FA18
:10B1A00085F516FA82F29542A9780AD20B469942A1
:10B1B00003D113E06B78042B0BD02B781D44AA42EB
:10B1C000F8D80D4940460022FFF782FE0028D4D16E
:10B1D00071E7AA42F5D9AB789942EED1EB78012B11
:10B1E000EBD1AA42C9D1ECE707462A46B9E79B1B37
:10B1F0009FB2C2E7F0ED00E09C7400209074002044
:10B20000987400202DE9F0471678174606F01F02C3
:10B21000012A8CB019D1DFF80093BB88D9F800500F
:10B2200080465FFA83FC15B1AA78624512D0B84E09
:10B2300074885CB1357805EB850205EB420559F859
:10B2400005502C44A278624511D0002420460CB051
:10B25000BDE8F087C6F3411A16F0600F54464ED091
:10B26000012C27D0072389F809300024EEE73A782B
:10B27000C2F3411912F0600F484600F0B580012872
:10B2800015D11B0A13D17A88100A022800F04A81CE
:10B29000062800F0FA80012800F00C819D4B1B6805
:10B2A000DB0704D500BE072333770024CEE707234E
:10B2B0003377CAE7180A65D0B9F80630EC18EA5CAB
:10B2C000E3891A442244944214D2A1780239052910
:10B2D00002D8E17881420DD021780C44A24204D8F2
:10B2E00008E023781C44A24204D96378242BF8D1C7
:10B2F000A242EAD8002389F809300124A6E77B7826
:10B300000A2B5AD00B2B33D10129F3D1FB88002B08
:10B310004ED1B9F80630EA181179C1B1E85CD1898B
:10B32000537A0144034413440A44934205D3C4E1CD
:10B3300019780B449A4240F2C08159780529F7D117
:10B340009A4240F2BA819978404601F0D3FC002538
:10B35000A9F806507A8870494046FFF789FC0446F0
:10B3600030B33946404601F0F9FC89F809506DE7E1
:10B37000684B1B6813F0010364D107221C4689F84F
:10B38000092063E77B881A0A012A60D0022A4FD17C
:10B390007B78812B00F04381862B49D10129A9D1EB
:10B3A0000B465E4A3946404601F0F2FC0028A1D126
:10B3B000FF2389F80930002448E701299AD1FB8846
:10B3C000012BF5D1B9F8062005EB020E39469EF89F
:10B3D00003208DF800206A4601F0DAFC04460028BC
:10B3E000E6D089F809A031E77B780A2B0AD00B2B2D
:10B3F0000FD0484B1B68DF077FF559AF00BE07230E
:10B40000337722E7012900F0F3800023337701240A
:10B410001CE70129F9D17A8831464046FFF758FDEB
:10B42000002800F0F9803946404601F097FCECE72F
:10B43000384B1C6814F0010440F0D480072389F8CD
:10B44000093003E700BE072389F80930FEE67B7860
:10B45000812B00F00F81862B00F0FC80012BE7D1BF
:10B46000012900F00A8102297FF444AF2C4B002B04
:10B470003FF440AF99F80A100020AFF30080B0FA13
:10B4800080F489F809006409E0E67B78812B00F0FC
:10B49000D380862B7FF402AF0129B6D11F4A3946EB
:10B4A0004046012301F074FC0028AED1FF2333771E
:10B4B0000024CBE6727F02B1737797F801C0BCF12C
:10B4C000010F00F0E8800CF17F03DBB2062B3FF6A2
:10B4D000E5AEACF18104062C3FF6E0AEDFE804F007
:10B4E0002C3C3C3C04663C0001298ED1FB88022B9D
:10B4F000DCD13024394640466A46ADF8004001F0C0
:10B5000047FC04460028D1D0002333779EE600BFD5
:10B510009C740020F0ED00E090740020DD3F0300FB
:10B52000000000007B78852BDED050D8012B00F086
:10B53000CB80812B7FF4B2AE01297FF466AFFB880C
:10B54000002BB3D0B44A39464046302301F020FCEA
:10B5500000287FF45AAFA9E701297FF456AFFB8892
:10B56000002BA3D0AC4CE94604F1300A2068616896
:10B57000A268E368CE46AEE80F0010345445F146A9
:10B58000F4D19DF80210002940F0C380BCF1830F74
:10B5900000F0A481BCF1870F00F08581BCF1820F1F
:10B5A00000F081810823337700244FE601297FF4DE
:10B5B0002CAFFB88012B7FF479AF0B46974A3946B5
:10B5C000404601F0E5FB00287FF41FAF6EE7862BB5
:10B5D0007FF464AE01297FF418AFFB88012B7FF460
:10B5E00065AFEBE700BE072389F8093000242DE69C
:10B5F000FB88012B10D1F38873B11D444046EA78D3
:10B600008DF800200B466A46394601F0C1FB04461E
:10B6100010B186F81C9019E6FF23337715E601294F
:10B620007FF468AE7E4A39464046012301F0B0FB04
:10B6300000287FF45FAEBBE601297FF4E6AE0B463F
:10B640004046394606F11C0201F0A2FB00287FF4B7
:10B65000DCAE2BE701297FF44DAEFB88012B7FF494
:10B66000A7AE6E4A3946404601F092FB00287FF4AF
:10B6700041AE9DE601297FF43DAEFB88012B7FF4AE
:10B6800097AE684A39464046012301F081FB002805
:10B690007FF430AE8CE601293FF454AF02297FF4E9
:10B6A000B4AE5D49A1F11E00FFF732FB044600284D
:10B6B0007FF4ABAE08233377C8E55B4B1B68DB0731
:10B6C0007FF576AE00BE73E601293FF43BAF022959
:10B6D0007FF49BAE5049A1F11E00FFF719FB044611
:10B6E0000028E7D0514B726BB2613BB14A4A717886
:10B6F0003078AFF3008000287FF487AE002302216A
:10B700004FF48072C6E903337361A6F85010B28318
:10B710009CE59DF80300002840F08C80F288002A08
:10B720003ED0AB18AA5CB3F80D00414C104418444D
:10B730001344984211D99A78112A0AD824FA02F2AD
:10B74000D50706D5DA78914203D107E05A78242A42
:10B75000EFD01A7813449842F8D80346BCF1830F0F
:10B7600056D0BCF1870F4BD0BCF1820F7FF41AAFDB
:10B7700001218DF803101A781A4490420ED994785A
:10B7800004F0FD05052D12D0112C03D10FE05478E3
:10B79000242CF2D0147822449042F8D8024609E0D2
:10B7A000214B1B68DA077FF5FDAE00BEFAE6D478C0
:10B7B000A142EFD19978042917D006297FF4F2AE7F
:10B7C000B2F80510B2F8073003FB01F31B01DB08E8
:10B7D000CDF812306A4639464046302301F0D8FA97
:10B7E000044600287FF490AE60E6B2F80510B2F887
:10B7F00007205B7D02FB01F203FB02F3DB08E7E7B6
:10B800009A78042A06D0062A7FF4CCAE9979B0E75C
:10B810001979AEE7997DACE7BA740020DE3F0300EA
:10B82000997400209A740020F0ED00E00000000000
:10B8300050100200019B002BCCD1F288002AAFD01F
:10B84000AB1815F802E0B3F80D205A4D72449C185D
:10B8500073449C4211D99A78112A0AD825FA02F227
:10B86000D20706D5DA78914203D107E05A78242A24
:10B87000EFD01A7813449C42F8D82346197819441B
:10B880008C420ED98B7803F0FD02052A2ED0112BA5
:10B8900003D12BE04B78242BF2D00B7819448C4247
:10B8A000F8D8214625E001238DF8023001234FF01E
:10B8B0000112029300230392ADF810304FF6C042FC
:10B8C00040F29B13ADF81A20ADF81C303A4ACDF87F
:10B8D0001E204FF40063ADF822307BE7F388002B85
:10B8E000E4D02B441B7B8DF80230DFE7CB78984205
:10B8F000D3D1ACF18203052B3FF654AE01A252F82E
:10B9000023F000BF8BB902006FB9020045B90200F5
:10B91000A5B50200A5B502001DB90200D1F8152099
:10B9200042F21073B2FBF3F30192D2B1DDF81220B0
:10B930008BB9931CB3F5807F28BF4FF48073CDF88B
:10B94000163047E74B7E63B9D1F8222042F21073DC
:10B95000B2FBF3F3E8E7013A1A44B2FBF3F3023324
:10B96000E8E70023ADF81630ADF8183032E74A7E2C
:10B97000CAB1053201EB8202D2F80220D1F81A30A6
:10B9800042F21071B3FBF1F3CEE74A7E72B1053299
:10B9900001EB8202D2F80230D1F81A2042F2107183
:10B9A000B3FBF1F3C0E7D1F81E20E7E7D1F81E3072
:10B9B000F2E700BF50100200030101012DE9F84F2A
:10B9C000344F3C895CB13B78334E03EB830203EB8D
:10B9D00042020D46B258224492788A4207D02F4B39
:10B9E0001B68DB0718D500BE0020BDE8F88FD7E93B
:10B9F000042494420CD32A490022C7E903227A6125
:10BA000019B179781846AFF300800120BDE8F88FAE
:10BA1000834601F0E3F810B90020BDE8F88F97F8ED
:10BA200050307A693969D7F81890A3EB0208884436
:10BA3000C1454C4628BF4446A34213D9174B1B6847
:10BA400013F0010301D000BE0023164A29465846D0
:10BA500001F0E4F80028D8D1104B1B68DA07DBD5D9
:10BA600000BED3E7F968A4EB030A50331144F81879
:10BA7000524605F04BFF7B69C14553447B6107D3B8
:10BA800097F8512042F00202A3B287F85120DCE778
:10BA9000A3B2DAE79C74002090740020F0ED00E07F
:10BAA00000000000EC7400202DE9F041B2F5004FD9
:10BAB0009DF818802CD80446C06816460F461D46CF
:10BAC00018B14FF0FF3103F059FA206918B14FF067
:10BAD000FF3103F053FAC5F30E05E0682760002339
:10BAE00045EAC8356381E580A680238118B11A46EE
:10BAF000194602F083FE206938B100231A46194620
:10BB000002F07CFE0120BDE8F0810120BDE8F0815B
:10BB10000020BDE8F08100BF03894289808892B28D
:10BB20009BB2934236BFC2EB40029B1A9B189BB25A
:10BB3000984228BF184670470289438990B29BB249
:10BB4000C01AB0FA80F04009704700BF03894289EB
:10BB5000808892B29BB2934236BFC2EB40029B1ADE
:10BB60009B189BB2984286BFC01A80B200207047D3
:10BB70002DE9F047054600698846914618B14FF017
:10BB8000FF3103F0FBF92B896C89AF889BB2A4B21B
:10BB9000A34236BFC4EB47061E1BF618B6B2002EF2
:10BBA0004CD0B74242D34E4528BF4E46A742B6B20C
:10BBB00003D8E41BA4B2A742FBD9B5F806902968C4
:10BBC0003B1B9BB2C9F30E029E42914602FB04113D
:10BBD00026D913FB02F3F71B1FFA83FA3C445246A3
:10BBE000404614FB09F405F091FE2968A2B208EB67
:10BBF0000A0005F08BFE6A89AF8892B293199BB256
:10BC00009A421DD97A009B1A9BB228696B8120B198
:10BC100000231A46194602F0F1FD3046BDE8F087D0
:10BC200002FB06F2404605F071FEE4E7BB422CBF82
:10BC3000DC1BDC19A4B26C813E46B4E76B899BB275
:10BC4000B3EB470F4FEA4702DFDBDCE738B50446CA
:10BC500000690D4618B14FF0FF3103F08FF92289CA
:10BC60006389A18892B29BB29A4236BFC3EB41006E
:10BC7000D01A801880B200B3814209D28A422CBF08
:10BC8000531A53189BB29942638103D85B1A9BB233
:10BC90009942FBD9E2882168C2F30E02284602FBD2
:10BCA000031105F033FE0125206920B100231A4657
:10BCB000194602F0A3FD284638BD0546F4E700BF4B
:10BCC0002DE9F04F154683B01AB30646C068894681
:10BCD00018B14FF0FF3103F051F9F279B6F808804E
:10BCE0007389B788D2091FFA88F89BB215D1984595
:10BCF00036BFC3EB4703A8EB030343449BB29F4209
:10BD00002CD80025F06820B100231A46194602F00D
:10BD100075FD284603B0BDE8F08FBD4250D298456E
:10BD200036BFC3EB4702A8EB0302424492B279004C
:10BD30002A448A4219DB03EB070A1FFA8AFAAAEBA4
:10BD400005081FFA88F8434558D9A8EB01081FFADF
:10BD500088F805EB080A1FFA8AFA0AE0FB1A9AB279
:10BD6000954228BF1546002DCCD005EB080A1FFAD6
:10BD70008AFA4745444603D8E41BA4B2BC42FBD22E
:10BD8000F3883068A7EB040B1FFA8BFBC3F30E029A
:10BD9000AB4502FB04001CD302FB05F2494605F04B
:10BDA000B5FDB288C2454FEA420302D3BAEB420F57
:10BDB00003DBAAEB030A1FFA8AFAA6F808A0A1E798
:10BDC000F188ED1BC1F30E0101FB059998463D4634
:10BDD000C9E71BFB02FB1FFA8BFB019249465A463F
:10BDE00005F094FDEF1B019B3068274417FB03F21D
:10BDF00092B209EB0B0105F089FDD2E74145B8DCB1
:10BE0000A3E700BF10B50446C06818B14FF0FF317A
:10BE100003F0B4F8206918B14FF0FF3103F0AEF829
:10BE2000E06800236381238118B11A46194602F0A5
:10BE3000E5FC206920B100231A46194602F0DEFC19
:10BE4000012010BD38B50446C0680D4618B14FF04A
:10BE5000FF3103F093F8206918B14FF0FF3103F080
:10BE60008DF8E379E06865F3C713E37120B100232F
:10BE70001A46194602F0C2FC206920B100231A4676
:10BE8000194602F0BBFC012038BD00BF2DE9F0418E
:10BE90001B4D1C4F2A781C4E0024804623460DE083
:10BEA000336813EB441323D0DB68404698472A7865
:10BEB0000134E4B2511DA142234606DBA242A3EBAA
:10BEC0000203EDD807EB4313EEE7104C382220466F
:10BED000002105F043FD4FF0FF33C4E90233C4E90C
:10BEE0000533C4E9073323616360A384BDE8F081AF
:10BEF000074B1B68DB07F9D500BEBDE8F08100BF2A
:10BF0000F0750020EC3F0300EC7500204476002023
:10BF1000F0ED00E0704700BF704700BF00207047A1
:10BF200000207047704700BF704700BF704700BFD8
:10BF3000704700BF024B5878003818BF0120704787
:10BF400044760020024B1878C0F38000704700BF91
:10BF500044760020024B1878FF3818BF0120704744
:10BF6000206100202DE9F043334E3378FF2B83B05E
:10BF700003D0012003B0BDE8F0833822002105463C
:10BF80002E4805F0EBFC2E4B2E49002701201F7098
:10BF900002F0E4FD2C4B186000283DD02B4C2346CA
:10BFA000626833F80C0B0097618802F0B5FBA1685A
:10BFB000044603F08FF9264B1C6024B3254B23B1B4
:10BFC0002548AFF30080254B1860234FDFF894908D
:10BFD0003A78DFF88880002423460EE0D8F8003055
:10BFE00013EB44130FD05B686BB198473A78013478
:10BFF000E4B2511DA142234614DBA242EED89B1AA3
:10C0000009EB4313EFE7164B1B68DB0700D500BEB7
:10C01000002003B0BDE8F083114B1B68DA07F7D5A9
:10C0200000BEA7E72846357001F0E6F8284601F083
:10C03000E5F801209EE700BF206100204476002043
:10C0400044770020F47500207C760020C460002036
:10C050008076002000000000F0750020EC750020C4
:10C06000F0ED00E0EC3F03002DE9F04FDFF8209306
:10C0700099F80030FF2B8DB031D004464FF47A721E
:10C0800000238002A10D05F07DFA012838BF0120B0
:10C09000BA4DDFF800A3DFF800B30646671C286836
:10C0A00000F0CE80002C14BF3246002209A902F015
:10C0B00009FEA0B19DF82530013B072B00F2AB83B0
:10C0C000DFE803F0B3AAA1968E3D10040A9B0BB1E2
:10C0D0000B989847286803F0CDF80028DED10DB002
:10C0E000BDE8F08F9DF82810A54B01F07F0703EB0A
:10C0F000470303EBD11393F826006FF3000083F896
:10C10000260093F826006FF3820083F82600002FA4
:10C1100000F0A5809B4A1B7D12789342C0F092806C
:10C12000501D9842C0F294809B1A0AEB43139F69FA
:10C130009DF829200B9B9DF82400B847CAE7924A36
:10C140001378002B00F084801378013BDBB213706E
:10C15000137803F0FF00002BBCD1894F9DF8248099
:10C160003B7843F001033B7097F8263060F30003FF
:10C1700087F8263097F8263060F3820387F8263058
:10C1800097F8273060F3000387F8273097F82730B7
:10C1900060F3820387F8273000F05EFE9DF82830B8
:10C1A00003F06002602A0BD0402A00F0F78003F011
:10C1B0001F03012B00F0AD80022B79D0002B56D04D
:10C1C000724B1B68DF0700D500BE9DF824000021DC
:10C1D00001F094FA9DF82400802101F08FFA79E7AC
:10C1E000674B1B78D9077FF575AFFFF7A1FE71E7A5
:10C1F000634B1A78D0077FF56DAF1878C0F3C00095
:10C20000FFF794FE66E75E4BDB78DA077FF562AFF7
:10C210000A98FFF781FE5DE79DF82400FFF736FEE0
:10C2200000F010FEFFF780FE54E79DF82400FFF7B2
:10C230002DFE00F007FE524B9DF828209A7049E72A
:10C24000224633E7DBF8002012EB43137FF46FAF95
:10C250004E4B1B68DC077FF542AF00BE3FE70B9BF0
:10C260009DF829209DF8240000F008FE32E7202ADE
:10C2700000F0A380002AA3D19DF82930092B9FD874
:10C2800001A252F823F000BF11C50200F5C402005C
:10C29000C1C10200D9C40200C1C10200BFC4020072
:10C2A00049C50200C1C1020033C50200E3C3020058
:10C2B0009DF82C1001F07F03082B81D807EB430079
:10C2C00000EBD110DFF8BCC090F814E09CF800003F
:10C2D0000190C8090290019886454FEA430380F017
:10C2E0008381DBF8000000EB4E100190002A00F083
:10C2F000598100283FF469AF019F786900F0ACFDD7
:10C300007B6940460AAA0121984700287FF4E2AEE3
:10C310005BE79DF82C300F2B3FF657AF3B44194A93
:10C320001B791778BB4280F05781DBF8007017EB60
:10C3300043173FF44AAF786900F08EFD7B690AAA83
:10C3400001214046984700287FF4C4AE9DF828702C
:10C3500017F060077FF439AF9DF829300A3B012BB5
:10C360003FF633AF00F078FD9DF829300A2B0AA97B
:10C37000404600F0B58100F0F1FCABE6807600208D
:10C3800044760020F075002044770020F0ED00E0B6
:10C3900020610020EC3F0300EC750020BF4800281E
:10C3A0003FF413AF00F058FD40460AAA0121FCF704
:10C3B00087FE00287FF48EAE07E79DF82C300F2B08
:10C3C0003FF603AF3B44B64A1B791778BB4280F077
:10C3D0004A81DBF8007017EB43173FF4F6AE78693B
:10C3E0008CE79DF82A207B789A4200F046817B7882
:10C3F000002B40F094817A70002A00F03C81501E9E
:10C40000C0B2FCF79FFC002800F05D814378022B4E
:10C4100040F05981C2793978C2F340131B01C2F34D
:10C42000801221F0300143EA42130B433B704388F2
:10C43000CDF81880CDE90164C318049300F1090117
:10C44000049B8B4240F28F814B780B2B03BF0B7800
:10C4500091F80380C9184FF001084B78042B40F085
:10C460003081049B5A1A8E4B002692B21B7805929B
:10C4700003961CE0DBF8004014EB461400F0218129
:10C480002369059A0698079198470828079906F1A5
:10C490000103024603D90598904280F0F380DEB292
:10C4A0007F4B03961B785A1D964200F30A81039A2C
:10C4B000B342A2EB0303DDD80AEB4314E0E70AA87A
:10C4C00000F0D0FC9DF82A10404600F09DFE3B781D
:10C4D00043F002033B70FDE5BDF82A30012B7FF4E9
:10C4E00074AE3B78404643F008030AA93B7000F065
:10C4F00035FCEFE5BDF82A30012B7FF466AE3B78C2
:10C5000040466FF3C3030AA93B7000F027FCE1E546
:10C510003B789F0807F00207C3F340131F434046D0
:10C5200002230DF122020AA9ADF8227000F030FCBE
:10C53000D0E57B788DF82230404601230DF12202B0
:10C540000AA900F025FCC5E5BDF82A00030A5A1E19
:10C55000C0B20E2A3FF639AE01A151F822F000BF59
:10C56000B3C70200A3C7020093C70200CBC10200F9
:10C57000CBC1020075C70200A3C70200CBC10200F5
:10C58000CBC10200CBC10200CBC10200CBC1020073
:10C59000CBC10200CBC1020041C70200002A7FF4D8
:10C5A00014AE01929DF8292002F0FD00012827D049
:10C5B000002A7FF405AE029A3B441344404693F8A8
:10C5C00026700DF12202C7F3400702230AA9ADF835
:10C5D000227000F0DDFB7DE57A1D9A42FFF6F5AD95
:10C5E000DB1B0AEB4317A6E600F1050CF445D5DB8F
:10C5F000AEEB00000AEB40100190002AD2D07BE69F
:10C60000BDF82A000390B0B9012A71D099F8000052
:10C61000039301F073F8039B029A3B44134493F88D
:10C62000262042F0020283F8262093F8262042F0CA
:10C63000010283F82620019B002B3FF44BAD586983
:10C6400000F00AFC019B0AAA5B6901214046984759
:10C65000002000F001FC97F82730DB073FF53AADEA
:10C660000AA9404687E67A1D9A42FFF6AEADDB1B6B
:10C670000AEB4317B3E6FFF757FC40460AA900F060
:10C680006DFB27E5B8F1010F00F0B380B8F1000FA2
:10C6900000F09E8091F802E0002307E0C1900200C4
:10C6A000F0750020A045067140F292800EEB030069
:10C6B00057FA80F0013390F804C0BCF1FF0FDCB2F0
:10C6C000F0D0DDE90164574B1B68D90700D500BEE7
:10C6D000544B1B68DA0700D500BE00237B7074E55D
:10C6E00001230DF122028DF8227000F051FBF1E4DC
:10C6F00099F80000049301F025F8049B029A03992D
:10C700003B44134493F8262061F3410283F826202A
:10C7100093F8262061F3000283F826208BE700219E
:10C720004046029200F082FD404600F027FEBB78B2
:10C7300001934046FFF7AAFB019B029ABB705AE6A1
:10C74000394B002B3FF441ADFCF7B6FC0246002804
:10C750003FF43BAD538840460AA900F019FB00287E
:10C760007FF4B8AC31E5DDE90164DDF81880FFF74E
:10C77000D9FB82E7FFF7D2FB024600283FF425AD44
:10C78000137840460AA900F003FB00287FF4A2AC0E
:10C790001BE5BDF82C10FCF7DBFA02460028EFD1B0
:10C7A00013E5022B31D0FFF7BBFB02460028D1D1A5
:10C7B0000BE5FCF7C3FA024600283FF401AD404602
:10C7C00012230AA900F0E4FA00287FF483ACFCE409
:10C7D000334616480792059101F0D2FD144B079A93
:10C7E00005991B781144039A05339A427FF728AEC6
:10C7F00067E723690F4C1048A34208BF4FF00208B7
:10C80000834208BF4FF0020844E7FCF79BFA024658
:10C8100000289FD1D4E4034B1B68DB077FF55AAC9B
:10C8200000BE57E4F0ED00E0B99002005876002019
:10C83000F0750020A1940200959C02002DE9F043C0
:10C840004378023B85B005460E46042B0CD8DFE842
:10C8500003F0485C037D3E007E4B1A78D70715D560
:10C860001A7842F004021A707B4B18688EB933466E
:10C870004FF0FF32294601F0C1FF003818BF0120F8
:10C88000E8B1697828783246FFF744FB05B0BDE887
:10C89000F083002301AA2946019302F095F9019B38
:10C8A00043B16E4B4FF080525A6040BFBFF34F8F81
:10C8B000BFF36F8F003818BF01200028E1D1684B0B
:10C8C0001B68DB07E2D500BE05B0BDE8F083654A12
:10C8D00013780133DBB213705F4B1868002ED8D188
:10C8E000C5E75C4B1A786FF300021A701A780021C2
:10C8F0006FF341021A7059701A7861F382021A704C
:10C90000554B1868002EC4D1B1E7574FDFF85C8152
:10C910003978DFF85C91002423460AE0D9F800302A
:10C9200013EB44130AD10134E4B24A1DA242234658
:10C9300015DB8C42F2D35B1A08EB4313DB69002B47
:10C94000F1D06968287898473978ECE7414B1A7834
:10C95000D4079BD51A786FF382021A7084E73D4C96
:10C96000237858072BD523783B4A6FF38203237033
:10C970002978106800230522CDE9013303938DF84F
:10C9800004108DF8052001A9002E51D06A460093AD
:10C9900002F01AF9009B43B1304B4FF080525A60BD
:10C9A00040BFBFF34F8FBFF36F8F003818BF012018
:10C9B000002846D12A4B1B68D90700D500BEE37872
:10C9C000DA077FF563AF244A6B6829781068029311
:10C9D00003220023019303938DF804108DF80520A2
:10C9E00001A9E6B16A46009302F0EEF8009B43B15C
:10C9F0001A4B4FF080525A6040BFBFF34F8FBFF3C6
:10CA00006F8F003818BF012000283FF458AF9DF801
:10CA100005109DF804003246FFF77CFA36E73346EE
:10CA20004FF0FF3201F0EAFE003818BF0120EBE7BB
:10CA300033464FF0FF3201F0E1FE003818BF01200D
:10CA4000B6E79DF805109DF804003246FFF762FA3C
:10CA5000B5E700BF447600208076002000ED00E0BE
:10CA6000F0ED00E044770020F0750020EC3F03007B
:10CA7000EC7500202DE9F84F0A9F002A3ED0DFF820
:10CA80008890DFF888800C461E4615464FF0000B54
:10CA900018E098F8021099F800A001F03DFC034658
:10CAA00021465046E3B100F0D5FBF0B1A378DA0996
:10CAB00016BF0B9A3B70137023780BF1010BAB453B
:10CAC0001C441BD06378052B20460ED1E17801F081
:10CAD0000301B14209D1A37803F07F03082BD8D911
:10CAE000084B1B68DA0700D500BE064B1B68DB0746
:10CAF00002D40020BDE8F88F00BEFAE70120BDE8AF
:10CB0000F88F00BFF0ED00E02061002044760020A7
:10CB100070B51D4E84B000230825CDE902010193B4
:10CB200030688DF80550144682B9134601A94FF0BC
:10CB3000FF3201F063FE003818BF0120D8B9134B53
:10CB40001B68DB0700D500BE04B070BD6A4601A9B2
:10CB5000009302F039F8009B43B10D4B4FF0805227
:10CB60005A6040BFBFF34F8FBFF36F8F003818BFBD
:10CB700001200028E3D09DF805109DF8040022460E
:10CB8000FFF7C8F904B070BD80760020F0ED00E03A
:10CB900000ED00E038B58B7803F07F03082B06D951
:10CBA0000B4B1B68DB0700D500BE002038BD094ACF
:10CBB000094B0C46204691781D7801F0ADFB00280A
:10CBC000EED021462846BDE8384000F043BB00BF08
:10CBD000F0ED00E04476002020610020CB090548FC
:10CBE000054A263301F07F0103EB41010844116837
:10CBF00001F048BB447600207C760020CB09054834
:10CC0000054A263301F07F0103EB41010844116816
:10CC100001F064BB447600207C760020154838B5CE
:10CC200001F07F0500EB450000EBD1142034A07922
:10CC3000C00706D5104B1B68DA0700D500BE0020E0
:10CC400038BDA5790D4845F001050078A57100F0C3
:10CC500049FC0028F4D1A379074A60F30003A371CB
:10CC6000A37960F38203A3711368DB07E7D500BEE5
:10CC700038BD00BF44760020F0ED00E020610020C8
:10CC8000054B01F07F0203EB420303EBD11191F856
:10CC9000260000F0010070474476002010B50C4BD0
:10CCA00018780C4600F02AFD0A4B04F07F0103EBD4
:10CCB000410303EBD41191F8263043F0020381F8CD
:10CCC000263091F8263043F0010381F8263010BD5C
:10CCD0002061002044760020054B01F07F0203EB29
:10CCE000420303EBD11191F82600C0F340007047D6
:10CCF00044760020144BFBB110B5144B18780C4649
:10CD000000F086FB124B04F07F0103EB410303EBC1
:10CD1000D41191F826306FF3410381F8263091F851
:10CD200026306FF3000381F8263091F826306FF338
:10CD3000820381F8263010BD064B1B68DB0701D546
:10CD400000BE7047704700BF11D402002061002070
:10CD500044760020F0ED00E0704700BF0B4630B491
:10CD60000A4C496805461868224603C293F9002018
:10CD700000239A42C4E902332846A8BF802130BC70
:10CD8000B8BF19461A46FFF749BF00BF48770020D1
:10CD9000F0B50C46284F496806462068BA603D4603
:10CDA00003C50021F981E588AB4228BF2B4683B03B
:10CDB000BB81A5B11BB352B397F90000402B28BF2C
:10CDC000402300282ADB1D4A3046FFF727FF98B989
:10CDD0001B4B1B68DB071ED500BE03B0F0BD94F9EA
:10CDE0000030002BACBF8021002130462B462A4664
:10CDF000FFF714FF0028EBD0012003B0F0BD97F936
:10CE00000020002AACBF194680211A46DCE70C4BF3
:10CE10001B68D9070CD4002003B0F0BD11460748A9
:10CE200001931A4604F072FD044A019B8021CBE76E
:10CE300000BE1046E1E700BF487700205C77002085
:10CE4000F0ED00E0034B0022C3E90022C3E9022217
:10CE50001A61704748770020014B1861704700BF86
:10CE6000487700200346044A59680068134603C304
:10CE70000023C2E90233704748770020F0B5404CE8
:10CE80002578C909B1EBD51F83B01F4606461FD0D0
:10CE90003BB13C4B1B68DA0700D500BE002003B055
:10CEA000F0BD2146FFF758FF236973B12246304693
:10CEB00003219847012003B0F0BD0146304600F041
:10CEC0001DFC3046802100F019FC012003B0F0BDAC
:10CED00094F90020002A06DBA0680028DED02A4949
:10CEE0001A4604F013FDE589A168E2883D44ADB21D
:10CEF0003944AA42E581A16015D03F2F13D9A289F8
:10CF000094F90000531B9BB2402B28BF40230028FC
:10CF100024DB954230D01C4A00213046FFF77EFECC
:10CF20000028D2D114E023692BB1154A02213046E2
:10CF300098470028C1D094F9002000239A42ACBF42
:10CF40008021194630461A46FFF768FE0028BCD1FA
:10CF50000C4B1B68DB07A1D500BEA0E7954208D0AB
:10CF60001A460948019304F0D1FC074A019B80212D
:10CF7000D3E780210022D0E700210A46CDE700BF99
:10CF800048770020F0ED00E05C77002042DF70473A
:10CF900043DF704744DF704712DF7047F0B4364C10
:10CFA000BFF35B8F014604F590730125D3E84F2F43
:10CFB000C3E8405F0028F9D1BFF35B8F12F0FF0F89
:10CFC0003CD108292CD004EB41122C482C4F01F500
:10CFD000947301EB810C50F823609388D2889A1ADD
:10CFE00093B2B6B200EB8C024FEA411CB34208B2D6
:10CFF00028BF334654F80C60C2F8006707EB810184
:10D00000C2F8043747F82050BFF36F8FBFF34F8F3C
:10D010001C4B994209D0043B994206D0F0BC7047A2
:10D02000164BD3F8C024D10313D5BFF35B8F002375
:10D0300084F82031BFF35B8FF0BC7047124B13486C
:10D040005A68C2F30802003AF0BC18BF0122FFF789
:10D050005FBD94F80B110029E7D00D49D4F8000109
:10D06000C3F8A007C3F8A4270D60BFF36F8FBFF309
:10D070004F8FF0BC704700BF9C77002000700240CB
:10D08000287002405070024000ED00E009D102001B
:10D0900048700240174BBFF35B8F01460122D3E873
:10D0A0004F0FC3E84C2FBCF1000FF8D1BFF35B8FDB
:10D0B00010F0FF0F14D10A60BFF36F8FBFF34F8FD3
:10D0C0000D4B994203D0043B994200D070470B4B63
:10D0D000BFF35B8F002283F82021BFF35B8F704783
:10D0E000074B08485A68C2F30802003A18BF0122E9
:10D0F000FFF70EBDBC780020507002409C770020E6
:10D1000000ED00E095D00200F0B4344CBFF35B8F2B
:10D11000C1B204F590730125D3E84F2FC3E8405FF7
:10D120000028F9D1BFF35B8F12F0FF0F39D1082926
:10D1300029D02B482B4F01F5947304EB411250F882
:10D1400023609388D28801EB810C9A1A93B2B6B20D
:10D1500000EB8C024801B3422058C2F8000728BFF8
:10D160003346C2F8043707EB810047F82150BFF37C
:10D170006F8FBFF34F8F1C4B984209D0043B9842EE
:10D1800006D0F0BC7047164BD3F8C024D10313D59A
:10D19000BFF35B8F002384F82031BFF35B8FF0BCBB
:10D1A0007047124B12485A68C2F30802003AF0BCAA
:10D1B00018BF0122FFF7ACBC94F80B110029E7D08F
:10D1C0000C49D4F80001C3F8A007C3F8A4270D60E8
:10D1D000BFF36F8FBFF34F8FF0BC70479C77002079
:10D1E00000700240287002405070024000ED00E0E4
:10D1F00009D1020048700240704700BF014B8022F5
:10D200005A60704700E100E0074BD3F80014D3F8F0
:10D21000002400200A434FF48001C3F80024C3F81F
:10D220005801C3F80413704700700240074B4FF4D5
:10D23000001229B1C3F80423054B83F8211170476C
:10D24000C3F80823024B83F8211170470070024095
:10D250009C77002030B48A788C88C878434D02F0DF
:10D260007F014B0003EBD21305EB031300F0030027
:10D27000C4F30A0401281C814FEAD2142FD0DCB178
:10D280003B488C1C012303FA04F4C0F80443D0F893
:10D29000104503FA01F12143C0F81015344B42F454
:10D2A0008071C3F81825C3F80C15BFF36F8FBFF357
:10D2B0004F8F012030BC70472D4801F10C05012330
:10D2C00003FA05F5C0F80453D0F814558B4001F566
:10D2D00094712B43C0F8143540F82140DEE708294B
:10D2E00007D0244B186810F00100E3D000BE0020E6
:10D2F000E0E7ECB9B5F818311BB11D4B8022C3F83B
:10D300001C251B4A0023C2F85031D2F8003313F415
:10D31000001308BFC2F85431154B4FF44012C3F844
:10D320000423D3F8142542F48072C3F81425BCE713
:10D33000B5F808210E4B0021C3F82C1112B1802240
:10D34000C3F81C250A4AD2F8003313F4001308BFAF
:10D35000C2F85431064B084AC3F80423D3F8102509
:10D3600042F48072C3F810259FE700BF9C7700202D
:10D3700000700240F0ED00E0000820001E4B80220B
:10D380002DE9F041C3F88420BFF34F8FBFF36F8FB7
:10D390001A4D1B4F0D244FF0010800261949A0001B
:10D3A000A4F10A03014408FA04F208FA03F3134350
:10D3B000C7F8083328464E6001348E6220220021CF
:10D3C00004F0CCFA142C05F12005E7D10E4BC7F878
:10D3D00008332022C7F81C6500217E620B48BE641A
:10D3E00004F0BCFAC7F81485C7F81085024B8022F8
:10D3F0005A60BDE8F08100BF00E100E0BC7700208A
:10D4000000700240D06F0240000830009C7800207D
:10D4100001F07F03082B30B44FEAD1112DD0D9B1E0
:10D420002E4A2F4801219C1C01FA04F4C2F808433B
:10D43000D2F8104501FA03F524EA0504C2F81045B4
:10D4400001EB430300EB03130022DA72BFF36F8F8B
:10D45000BFF34F8F30BC7047204C2148012203F1AD
:10D460000C0502FA05F5C4F80853D4F814559A408F
:10D4700025EA0202C4F81425E2E7194800EB01137B
:10D480000022A3F80821154BD9B14FF40062C3F86C
:10D490000823D3F8102522F48072C3F81025B0F8C1
:10D4A0001821B0F808410D4BE2424FF0000508BFCB
:10D4B0004FF40012C3F81C5508BFC3F80823082313
:10D4C000BEE74FF48012C3F80823D3F8142522F4E2
:10D4D0008072C3F81425C3F85011E0E700700240D1
:10D4E0009C77002001F07F00F0B57B4E440004EBF8
:10D4F000D11406EB041C0D469CF80B1085B00029D6
:10D5000040F0A280240101F0FF0732514FEAD51EFE
:10D51000ACF80430ACF8067000283ED1002B53D193
:10D520006E4AD2F88024C2F3C01272454CD06C4FC0
:10D5300079680193C1F3080100394FF0070218BF61
:10D54000012101A8CDE902338DF805208DF80930BD
:10D550008DF80850FFF772F9BFF35B8F06F59072F4
:10D560000123D2E84F1FC2E8403F0028F9D1BFF3A2
:10D570005B8FCCB2002C40F08E805A4A1360BFF310
:10D580006F8FBFF34F8FBFF35B8F1C4686F8201160
:10D59000BFF35B8F204605B0F0BDBEF1000F16D182
:10D5A00006EB40160123F372BFF36F8FBFF34F8F6B
:10D5B000B37A2BB1F37A03F0FF04002B40F08380A1
:10D5C0000124204605B0F0BDBEF1000F46D006EBA9
:10D5D000401100EB8003CD8A8A8A0C8B0969521BAB
:10D5E0009B0092B203F1804303F51C33A24228BF93
:10D5F00022463D4DC3F80016C3F804263B4BBFF34B
:10D600005B8F05EB8001012200B2D3E84F4FC3E8E6
:10D61000472F002FF9D1BFF35B8FE4B2002C47D125
:10D6200045F82020BFF36F8FBFF34F8F2D4B9942EA
:10D6300002D0043B9942C3D1BFF35B8F002386F82D
:10D640002031BFF35B8FBBE7294B1C6814F001044A
:10D65000A0D000BE0024204605B0F0BD0123234A1F
:10D66000F372BFF35B8FD2E84F4FC2E8413F00290E
:10D67000F9D1BFF35B8FE4B254BB1E4A1360BFF312
:10D680006F8FBFF34F8FBFF35B8F86F820E11C468F
:10D69000BFF35B8F7EE77A6812491748C2F308022E
:10D6A000003A18BF0122FFF733FA204605B0F0BD5B
:10D6B0000B4B11485A68C2F30802003A18BF012206
:10D6C000FFF726FA66E786F80AE0FFF767FC61E7EE
:10D6D000034B08495A68E0E79C770020007002403D
:10D6E00000ED00E05070024004700240BC78002061
:10D6F000F0ED00E04C70024095D0020011F07F0088
:10D7000008B507D10D4B01225A65BFF36F8FBFF3E8
:10D710004F8F08BD0828F8D0084B41F48072C90922
:10D72000C3F81825F1D1064B03EB40139A7A002A6F
:10D73000EBD09972FFF732FCE7E700BF00700240C0
:10D740009C77002011F0770F12D00A4B41F48072C1
:10D75000C3F80C15C3F80C25CA09C3F8181504BF83
:10D7600001F5947143F82120BFF36F8FBFF34F8F02
:10D77000704700BF007002402DE9F04F974B98486A
:10D78000D3F80013002389B01D461E46012421FA58
:10D7900003F2D2070BD550F8232042B104FA03F26A
:10D7A00040F823601543BFF36F8FBFF34F8F0133F2
:10D7B000192BECD1EF0700F14682DFF834B22E05C9
:10D7C00008D5864BD3F8A83601229BB2ABF81631A8
:10D7D0008BF81C21AC0200F1EB8105F4800404B34A
:10D7E0007E4AD2F8004440F201732340E705C2F8B4
:10D7F000003400F19382660510D5784B0122C3F8FE
:10D8000008259A65D3F8002312F4001208BFC3F864
:10D810005421724B4FF40012C3F80423A00500F109
:10D820007082290240D56D4BD3F880E4D3F884147C
:10D83000D3F88864D3F88C44D3F89074D3F8940464
:10D84000D3F89824D3F89C341EF07F0F5FFA80F849
:10D85000C9B2F6B2E4B25FFA87FC5FFA82F9D8B2D5
:10D860005FFA8EFA01D105291ED000273B463A46C1
:10D870006AF307036CF3070261F30F2368F30F22C7
:10D8800066F3174369F3174264F31F6360F31F6283
:10D890004FF4C064012105A8CDE90632ADF8167039
:10D8A000ADF81440FEF7CAFF4E4B2B40002B40F062
:10D8B0001082DFF83C81494EC346C14608F5907797
:10D8C00000241FE05B44DA7A002A00F0A082DA88A4
:10D8D000A9F804200022DA72DB8806929BB2079333
:10D8E00005A80723012105928DF819208DF818A0AD
:10D8F0008DF81530FEF7A2FFBAF1080F4BD00134B6
:10D9000009F1200904F10C0325FA03F3DA075FFAA1
:10D9100084FAF1D504EB840206EB8202D9F80030D8
:10D92000D2F808170BEB441213FA81F3C9F8003050
:10D93000D38889B211FA83F39BB2082CD3804FEAC3
:10D940004413BFD0B9F808008842BBD1D288B9F8D7
:10D95000041092B29142B5D9BAF1000FCCD1012294
:10D96000BFF35B8FD7E84F3FC7E8412F0029F9D1BC
:10D97000BFF35B8F13F0FF0F40F06F821A490A600C
:10D98000BFF36F8FBFF34F8FBFF35B8F8BF82031E7
:10D99000BFF35B8FB3E7154B2B40002B00F00581E5
:10D9A0000E4BD3F86C94C3F86C94BFF36F8FBFF336
:10D9B0004F8F15F4806500F0A181D3F88024D3F84F
:10D9C000803483F08003C3F3C0130393C2F3C01306
:10D9D0000293DFF808A0002414E000BF00700240AA
:10D9E00000710240FCFB1F004C700240000400016B
:10D9F0009C770020002C00F02181072F56D00134A5
:10DA000008F1200829FA04F104EB840311F0010F56
:10DA10000AEB83030BEB4412E7B24FEA840EE9D022
:10DA2000D3F80806D8F81060C0B20644C8F81060F1
:10DA3000D18A10FA81F189B2D182D18AB8F8145012
:10DA400089B2A942BE497144019167F07F010091FA
:10DA50004FF0000C4FF0010105A880F0DD80D18A65
:10DA6000B8F81820C3F800666D1AADB2954228BF09
:10DA70001546C3F80456B34ABFF35B8F012319461A
:10DA8000D2E84F3FC2E8401F0028F9D1BFF35B8FB7
:10DA900013F0FF0F40F02581A94B01224EF803201F
:10DAA000BFF36F8FBFF34F8F072FA8D119F4803FBB
:10DAB00001D1039B6BB19BF80B303BB1BBF8063037
:10DAC000BBF804209BB29A4200F2A88101238BF894
:10DAD0000A3019F4003F0DD09BF82B303BB1BBF856
:10DAE0002630BBF824209BB29A4200F29B8101238E
:10DAF0008BF82A3019F4802F0DD09BF84B303BB1B6
:10DB0000BBF84630BBF844209BB29A4200F2C38176
:10DB100001238BF84A3019F4002F0DD09BF86B309D
:10DB20003BB1BBF86630BBF864209BB29A4200F26E
:10DB3000C28101238BF86A3019F4801F0DD09BF845
:10DB40008B303BB1BBF88630BBF884209BB29A4245
:10DB500000F26C8101238BF88A3019F4001F40F029
:10DB6000198119F4800F0DD09BF8CB303BB1BBF875
:10DB7000C630BBF8C4209BB29A4200F25F810123F9
:10DB80008BF8CA3019F4000F0FD09BF8EB30002B44
:10DB900000F03981BBF8E630BBF8E4209BB29A4232
:10DBA00040F231810720FFF7F9F909B0BDE8F08FA5
:10DBB000654BD3F81425D0050ED515F4800400F07C
:10DBC000F780D3F80024D20740F1F280D3F8103563
:10DBD000DB0500F1C5800DE0D3F81025D10500F17B
:10DBE000BD809BF821211AB94FF40012C3F8082315
:10DBF00005F4800405AE544A0023D2F82025736052
:10DC00003046069201214FF440720593B360ADF89F
:10DC10001420FEF713FEE2E5D38ACDF814C09BB2C0
:10DC2000CDE906C34FF007038DF81530009B8DF842
:10DC300018308DF819C0FEF701FEDEE602990029C2
:10DC40003FF4DDAEECE63E4B3F4ADFF80CB13F4817
:10DC500000240127C2F81475C2F81075546094624C
:10DC60005C609C629C60DC62DC601C631C615C63C9
:10DC70005C619C639C61DC63DC611C645462946441
:10DC8000C2F85841D2F80034D2F800140B43C2F85D
:10DC90000034D2F80033C2F808332146C2F8040336
:10DCA00058464FF4927203F059FE05AE40234FF4EC
:10DCB000807239463046ABF81830ABF80830C6E908
:10DCC000014405948DF81840ADF81420FEF7B6FD18
:10DCD00075E50023BFF35B8F8BF82031BFF35B8FBB
:10DCE000E7E51B4B1B485A680199C2F30802B2EBE7
:10DCF0000C0218BF0122FEF70BFF7EE6CDE90255AC
:10DD000067E600234FF4A06205A80121CDE90533A1
:10DD10000793ADF81420FEF791FD82E50023012161
:10DD2000C2F82C1505A8CDE9053307934FF480639D
:10DD3000ADF81430FEF782FD66057FF56FAD5CE54A
:10DD400004700240BC780020007002400514C0013D
:10DD500000ED00E095D002009C77002005F48004DF
:10DD60009BF81C31002B3FF445AFBBF8163105AED4
:10DD700000229BB205928BF81C217260304607226C
:10DD80000793012188238DF81520ADF81830FEF790
:10DD900055FD30E79BF8AB3033B1BBF8A630BBF88C
:10DDA000A4209BB29A4245D801238BF8AA30D8E62A
:10DDB000434BBFF35B8F0122D3E84F1FC3E8402FD3
:10DDC0000028F9D1BFF35B8F11F0FF0F51D13D4B0C
:10DDD000D3F8C004C60335D49BF80B1101F0FF063D
:10DDE00000295CD03849DBF80061C3F8A067C3F8AC
:10DDF000A4070A60BFF36F8FBFF34F8FD3F81035BE
:10DE0000D905ADD4F6E601238BF8EA30CDE62F4BE9
:10DE10001B68DB077FF5C9AE00BEC6E60020FFF732
:10DE2000BDF856E60120FFF7B9F863E60420FFF7D6
:10DE3000B5F892E60520FFF7B1F892E60620FFF765
:10DE4000ADF89FE6BFF35B8F8BF82011BFF35B8FBC
:10DE5000D3F81035D80583D4CCE61D4B1D485A683D
:10DE60001D49C2F30802003A18BF0122FEF750FE16
:10DE700045E5174B19485A68C2F30802003A18BF23
:10DE800001220821FEF744FE0E4BD3F81035DF05C2
:10DE90003FF566AFAEE60220FFF780F83BE6BFF342
:10DEA0005B8F8BF82061BFF35B8FD3F81035DA05F9
:10DEB0003FF556AF9EE60320FFF770F83CE600BF43
:10DEC000BC7800200070024048700240F0ED00E095
:10DED00000ED00E095D002004C70024009D1020034
:10DEE000F0B5012885B006D0022800F08B8000280C
:10DEF00043D005B0F0BDB34BD3F80025002AF8D0CD
:10DF00000022C3F80425BFF36F8FBFF34F8FAE49D4
:10DF10008020C1F88400BFF34F8FBFF36F8FD3F819
:10DF20000013C3F80813C3F80025BFF36F8FBFF3C6
:10DF30004F8F43F2040103F18D53096803F57723F2
:10DF400003F2DB53994201AC00F07A819F4B01222E
:10DF50001A609F4B5968C1F3080100394FF0000364
:10DF60004FF4007218BF01212046C4E90133019328
:10DF7000ADF80420FEF762FCBBE7924BD3F8002516
:10DF8000002AB6D14FF480014FF40062C3F80813A1
:10DF9000C3F80024BFF36F8FBFF34F8F8D4B1B6807
:10DFA000082B00F0CC80874B0122C3F80025BFF37B
:10DFB0006F8FBFF34F8F43F2040203F18D5312684A
:10DFC00003F5772303F2DB539A4200F0E2804FF02F
:10DFD0008043D3F80C24D3F80C34DF0300F1ED8038
:10DFE00043F204027C4B12689A4200F007817B4B9B
:10DFF00000221A601B6801934FF0804301220199AF
:10E000001A6076E76F4BD3F80435002B4AD16D4A7E
:10E01000D2F800341805FBD54FF40063C2F8003481
:10E02000BFF36F8FBFF34F8F6A4B1B68082B4BD02A
:10E03000644B654D80240122C3F81C45C3F80423BA
:10E04000C5F88441FDF786FF002876D1624E43F281
:10E0500004054FF080442B68B34211D0D4F80C244F
:10E06000D4F80C34D903F6D5D307F4D5554B012297
:10E07000C3F80425BFF36F8FBFF34F8F05B0F0BD1A
:10E0800001A800278DF80470FEF786FF9DF8043084
:10E09000002BE3D001A80197FEF77CFF019B002B2A
:10E0A000D9D0E3E743F204024B4B12689A4200F0E6
:10E0B000B3804FF08043D3F80C24D3F80C34DD0345
:10E0C000A5D5D407A3D514E7454B1B68032BAFD8C0
:10E0D000444B1A68002A40F0C080434849F2753129
:10E0E0001960026019603B4A3D4B12681B68082AA0
:10E0F0009ED1032B9CD83D4AD35C93B1394B1A680F
:10E10000002A40F0B2803A4849F275311960026045
:10E110001960304A324B12681B68082A88D1032BD9
:10E1200086D83449344B40F2E370402208601A60CC
:10E13000BFF36F8FBFF34F8F7AE76C6086E7284B92
:10E140001B68032B3FF62FAF284AD35CABB1254B9E
:10E150001A68002A40F08D80254949F27532032063
:10E160001A6008601A601B4A1D4B12681B68082A57
:10E170007FF419AF032B3FF616AF1A4B1A68002A2B
:10E180006FD1194949F27532C0201A6008601A60CF
:10E1900009E701A800248DF80440FEF7FDFE9DF874
:10E1A0000430002B3FF413AF01A80194FEF7F2FEF8
:10E1B000019B002B7FF49DAE12E7D6073FF599AE89
:10E1C0000EE700BF0070024000E100E004000040E4
:10E1D00000ED00E030010010DBE5B151000100402E
:10E1E0003401001000EC064014EC0640AC40030083
:10E1F00014ED06400078024004780240002301A894
:10E200008DF80430FEF7C8FE9DF80430002B3FF473
:10E21000EEAEFEF7BBFE6CE601A800248DF80440CC
:10E22000FEF7BAFE9DF80430002B3FF442AF01A880
:10E230000194FEF7AFFE019B002B7FF45AAEE6E699
:10E2400020468DF80420FEF7A7FE9DF80430002B31
:10E250003FF47CAEFEF79CFE7BE6084B00221A6082
:10E2600041E7064BC0221A609DE6054B00221A606A
:10E270004FE7034B03221A6075E700BF14EC06401A
:10E2800014ED0640F8B5037813F001041AD10378B1
:10E290005A070546C3F3800701D52046F8BD0E4650
:10E2A00030464FF0FF3100F069FE2B7813F0010487
:10E2B0000BD12B785B0709D42B7843F004032B7028
:10E2C000012403E000242046F8BD3C4600233046EC
:10E2D0001A46194600F092FA2046F8BD70B5044679
:10E2E0000D4608464FF0FF3100F048FE2378C3F397
:10E2F00080065B0708D5237813F0010205BF237859
:10E3000062F3820300262370002328461A4619462A
:10E3100000F074FA304670BDC378828803F00300C1
:10E320000228C2F30A0205D0032819D0012807D019
:10E330000020704702291CD0402A09D801207047CC
:10E34000022940F2FF3308BF4FF480639342F6D2B4
:10E350000A4B186810F00100F1D000BE0020704791
:10E3600002290CBF4FF4806340239342F0D3012075
:10E37000E5E7B2F5007FE1D0EAE700BFF0ED00E0AD
:10E380000A44914216D230B44C78052C05D00C7852
:10E3900021448A42F8D830BC70478C7804F07F055D
:10E3A00000EB4505E4092B550C7821448A42EBD853
:10E3B00030BC7047704700BF0F49104A1048114BDE
:10E3C00070B4CD688C6815730125106008691571EB
:10E3D000CE6C947350738C6C086D0B4D1E730021C2
:10E3E0009C735873D17311821971D97319821D608E
:10E3F000916070BC99607047B0400300C078002005
:10E4000000F00240D47800200030024008B501211D
:10E41000152002F055FF0121152002F0D5FF012142
:10E42000162002F04DFFBDE808400121162002F041
:10E43000CBBF00BFF8B5174682B105460E46002493
:10E4400002E00134A74207D02B6816F8011B1B68B5
:10E45000284698470028F4D12046F8BD1446FBE72B
:10E460002DE9F0410C46D9B107688046084603F013
:10E470008BFE7B68104A9342064615D1D0B1002529
:10E4800004E00135AE4208D0D8F800703B6814F8BB
:10E49000011B404698470028F3D12846BDE8F0818B
:10E4A0000D462846BDE8F081024621464046BDE8BB
:10E4B000F04118470546F0E735E402002DE9F04742
:10E4C0000768DFF894A0D7F8049004460E460029A8
:10E4D0003AD0084603F058FED145804622D10028A4
:10E4E00036D0002503E00135A845276820D03B68D9
:10E4F00016F8011B204698470028F4D12768D7F862
:10E500000490D14518D13B680D212046984730B181
:10E51000236820461B680A219847B8B1023528466F
:10E52000BDE8F087024631462046C84727680546C1
:10E53000D7F80490D145E6D0064920460222C847C4
:10E5400005442846BDE8F0870D46DAE70135E6E7E1
:10E550000546D6E70C41030035E402002DE9F04101
:10E560008AB000230546012A98BF0A228DF824307C
:10E5700009ACB1FBF2F602FB1610C3B209280F4634
:10E5800003F130008ABF3733C3B2DBB2BA4204F8BA
:10E59000013D3146EDD92F68204603F0F5FD7B683B
:10E5A0000F4A9342804612D168B1002603E001363B
:10E5B000B04508D02F683B6814F8011B28469847DF
:10E5C0000028F4D1B04640460AB0BDE8F0810246CA
:10E5D000214628469847804640460AB0BDE8F0816B
:10E5E00035E4020070B50446B2B903681B68984769
:10E5F0002368124A5D689542064616D11B680D21B4
:10E600002046984730B1236820461B680A21984766
:10E6100090B10236304670BDD2B2FFF79FFF23683B
:10E62000064A5D6895420646E8D005492046022222
:10E63000A8470644304670BD0136EBE735E40200DA
:10E640000C4103002DE9F0431B4B1C4FD3F804632E
:10E65000DFF86C80DFF86C9085B000250123AC00FA
:10E66000AB4004F18044334204F5C0440FD0D4F8E9
:10E67000003163B1EB57013306D058F825201AB1A9
:10E6800015F809307BB990470023C4F800310135F3
:10E69000082DE3D1BFF34F8F00BF00BF00BF00BF05
:10E6A00005B0BDE8F08300210091084603AB03915B
:10E6B00002F030FDE8E700BF006000401079002064
:10E6C000F0780020E878002008B501F06DF94FF4EB
:10E6D0007A73A0FB0323900A40EA835008BD00BF71
:10E6E000014638B54FF47A7200238002890D02F09A
:10E6F00049FF044601F058F90546F9F77DFF01F09E
:10E7000053F9431B9C4200D838BD2C44201ABDE865
:10E71000384001F081BA00BF38B51C469DF8105052
:10E7200043B3002908BF1A460123C4E90F01226040
:10E7300084F8463001F092FFD4E90F132268A260FA
:10E7400001FB03F1CB1A134400200A44FF21A0630C
:10E75000E36084F84410626084F8451004F110000E
:10E7600002F072FE04F1240002F06EFE01F080FF60
:10E7700084F84C50204638BDF8B5064617460D467D
:10E7800069B100FB01F0503002F0DAFE044690B3AC
:10E79000002200F1500380F84620036007E050207B
:10E7A00002F0CEFE044630B384F846502460C4E93B
:10E7B0000F6501F053FFD4E90F132268A26001FB3B
:10E7C00003F1CB1A134400200A44FF21A063E36045
:10E7D00084F84410626084F8451004F1100002F0DF
:10E7E00033FE04F1240002F02FFE01F041FF84F813
:10E7F0004C702046F8BD00242046F8BD2DE9F047B6
:10E80000044684B01F460192884600F1240601F0B8
:10E8100025FFA26BE36BDFF840939A424FF0000AAA
:10E820007CD3022F00F0E880019D002D00F01281C2
:10E8300002ADBAF1000F00F0DB8001F019FF01F02A
:10E84000ABF801F00BFF94F84430FF2B04BF00231A
:10E8500084F8443094F84530FF2B04BF002384F83B
:10E86000453001F005FF284601A901F0DBFB002837
:10E8700040F0F68001F0F2FEA26BE36B9A4261D0A9
:10E8800001F0F6FE01F0EAFE94F845506DB2002D5D
:10E8900005DC12E06B1E13F0FF0F5DB20DD0636A52
:10E8A000304653B101F060FB0028F3D001F0EEFBDD
:10E8B0006B1E13F0FF0F5DB2F1D1FF2384F84530DA
:10E8C00001F0D6FE01F0CAFE94F844506DB2002D5E
:10E8D00015DD04F1100A04E06B1E13F0FF0F5DB2AA
:10E8E0000DD02369504653B101F03EFB0028F3D010
:10E8F00001F0CCFB6B1E13F0FF0F5DB2F1D1FF23D3
:10E9000084F8443001F0B4FE01F0F6F801F0A6FE00
:10E91000A26BE36B9A424FF0010A82D2226CA56B84
:10E92000002A40F0E7802668002E00F0F9800135CB
:10E93000A563636A002B7CD101F09AFE012004B02C
:10E94000BDE8F08704F1100A01F092FE01995046EB
:10E9500001F08EFA01F082FE94F845506DB2002D60
:10E9600005DC12E06B1E13F0FF0F5DB20DD0636A81
:10E97000304653B101F0F8FA0028F3D001F086FBDD
:10E980006B1E13F0FF0F5DB2F1D1FF2384F8453009
:10E9900001F06EFE01F062FE94F844506DB2002D5D
:10E9A00005DC12E06B1E13F0FF0F5DB20DD0236982
:10E9B000504653B101F0D8FA0028F3D001F066FBBD
:10E9C0006B1E13F0FF0F5DB2F1D1FF2384F84430CA
:10E9D00001F04EFE01F090F8002897D14FF08053DF
:10E9E000C9F8043040BFBFF34F8FBFF36F8F8DE77F
:10E9F000284601F00BFB20E7226CA56B002A92D081
:10EA00004146E06802F082FF226CE36821689B1AAD
:10EA10008B42E360C2F1000204D263681A44E260F0
:10EA2000022F84D1002D83D10123A363636A002BBD
:10EA300082D004F1240001F097FA00283FF47CAF63
:10EA4000454B4FF080525A6040BFBFF34F8FBFF32A
:10EA50006F8F71E701F00CFE284604B0BDE8F08727
:10EA600001F0FCFD94F845506DB2002D15DD04F168
:10EA7000240604E06B1E13F0FF0F5DB20DD0636A35
:10EA8000304653B101F070FA0028F3D001F0FEFADD
:10EA90006B1E13F0FF0F5DB2F1D1FF2384F84530F8
:10EAA00001F0E6FD01F0DAFD94F844506DB2002D5E
:10EAB00015DD04F1100604E06B1E13F0FF0F5DB2CC
:10EAC0000DD02369304653B101F04EFA0028F3D03F
:10EAD00001F0DCFA6B1E13F0FF0F5DB2F1D1FF23E2
:10EAE00084F8443001F0C4FD01F006F8002004B0C1
:10EAF000BDE8F087414607BBA06802F007FFA368A6
:10EB0000216C62680B449342A360FFF410AF01359F
:10EB1000A563636A2268A260002B3FF40DAF88E70B
:10EB20006068013501F02AFBA563636A6660002B0B
:10EB30007FF47FAF002883D1FEE6E06802F0E6FEB6
:10EB4000226CE36821689B1A8B42E360C2F10002E9
:10EB5000BFF466AF61E700BF00ED00E0F8B50C461A
:10EB600079B3002501232160C1E90F3581F84630D2
:10EB7000064601F073FDD4E90F322168A56303FB5B
:10EB800002F39A1A0A440B44FF27C4E90131E260F8
:10EB900084F8447004F1100084F8457002F054FCCD
:10EBA00004F1240002F050FC01F062FDC4E90055BC
:10EBB000E56084F84C602B462A4629462046FFF73C
:10EBC0001DFE2046F8BD00BF2DE9F043044683B08A
:10EBD00016469946EFF31188402282F31188806B24
:10EBE000E26B90421ED3022B05D0002088F31188DF
:10EBF00003B0BDE8F08394F84550226CA76B6DB26A
:10EC000032BB2368002B47D001376B1CA76335D07C
:10EC100001356DB284F84550012088F3118803B0A6
:10EC2000BDE8F08394F84550226CA76B6DB2002AC2
:10EC3000E7D0002B38D1A06802F068FEA368216CF1
:10EC400062680B449342A36024BF2368A360DBE7A0
:10EC5000E06802F05BFE226CE0682168801A88425E
:10EC6000E060C2F1000205D261680A44E260B9F1D5
:10EC7000020FC9D1012F38BF0127C6E7636A002BF5
:10EC8000CAD004F1240001F06FF90028C4D0002E8E
:10EC9000C2D001203060A9E76068019301F06EFAEC
:10ECA000019B63600137B0E7E06802F02FFE226C41
:10ECB000E0682168801A8842E060C2F10002D6D282
:10ECC000D2E700BF2DE9F043044685B00F4601921C
:10ECD00001F0C4FCA56B002D40F02781019B002BA7
:10ECE00000F0D28002A801F091F9DFF88C8204F1E3
:10ECF000240601F0BDFC00F04FFE01F0AFFC94F8DB
:10ED00004430FF2B04BF002384F8443094F845308E
:10ED1000FF2B04BF002384F8453001F0A9FC01A9B2
:10ED200002A801F07FF900285BD101F097FCA36BEA
:10ED3000002B40F0AF8001F09BFC0199304601F0C0
:10ED400097F801F08BFC94F845506DB2002D05DC6E
:10ED500012E06B1E13F0FF0F5DB20DD0636A3046F8
:10ED600053B101F001F90028F3D001F08FF96B1EC7
:10ED700013F0FF0F5DB2F1D1FF2384F8453001F0AD
:10ED800077FC01F06BFC94F844506DB2002D15DD5A
:10ED900004F1100904E06B1E13F0FF0F5DB20DD0FB
:10EDA0002369484653B101F0DFF80028F3D001F0A1
:10EDB0006DF96B1E13F0FF0F5DB2F1D1FF2384F8E4
:10EDC000443001F055FC00F097FE002853D14FF07D
:10EDD0008053C8F8043040BFBFF34F8FBFF36F8F2D
:10EDE00049E001F03BFC94F845506DB2002D05DC84
:10EDF00012E06B1E13F0FF0F5DB20DD0636A304658
:10EE000053B101F0B1F80028F3D001F03FF96B1EC7
:10EE100013F0FF0F5DB2F1D1FF2384F8453001F00C
:10EE200027FC01F01BFC94F844506DB2002D15DD59
:10EE300004F1100904E06B1E13F0FF0F5DB20DD05A
:10EE40002369484653B101F08FF80028F3D001F050
:10EE50001DF96B1E13F0FF0F5DB2F1D1FF2384F893
:10EE6000443001F005FC00F047FE01F0F7FBA36B16
:10EE700053B101F0FDFB01F0F1FBA56B002D54D166
:10EE8000019B002B7FF435AF01F0F2FB002005B0B1
:10EE9000BDE8F08301F0ECFB01F0E0FB94F8455095
:10EEA0006DB2002D05DC12E06B1E13F0FF0F5DB29A
:10EEB0000DD0636A304653B101F056F80028F3D004
:10EEC00001F0E4F86B1E13F0FF0F5DB2F1D1FF23E8
:10EED00084F8453001F0CCFB01F0C0FB94F84450BD
:10EEE0006DB2002D15DD04F1100904E06B1E13F066
:10EEF000FF0F5DB20DD02369484653B101F034F8DD
:10EF00000028F3D001F0C2F86B1E13F0FF0F5DB2C2
:10EF1000F1D1FF2384F8443001F0AAFB00F0ECFDAE
:10EF200001F09CFBA56B002DAAD0226C52B1E168C8
:10EF3000636811449942E16024BF2168E16038466A
:10EF400002F0E4FC013DA56323692BB901F090FBBD
:10EF5000012005B0BDE8F08304F1100001F004F8D1
:10EF60000028F3D0044B4FF080525A6040BFBFF3EB
:10EF70004F8FBFF36F8FE9E700ED00E02DE9F0431D
:10EF8000044685B000F12406019101F067FBA36BF4
:10EF9000DFF8DC820027B946002B40F0D780019DC6
:10EFA000002D00F0418102ADB9F1000F00F0DE80CC
:10EFB00001F05EFB00F0F0FC01F050FB94F84430EF
:10EFC000FF2B04BF002384F8443094F84530FF2B16
:10EFD00004BF002384F8453001F04AFB284601A90C
:10EFE00001F020F800285FD101F038FBA36B002B63
:10EFF00040F0C88001F03CFB2368002B00F01B812F
:10F000000199304600F034FF01F028FB94F8455098
:10F010006DB2002D05DC12E06B1E13F0FF0F5DB228
:10F020000DD0636A304653B100F09EFF0028F3D044
:10F0300001F02CF86B1E13F0FF0F5DB2F1D1FF232E
:10F0400084F8453001F014FB01F008FB94F84450BB
:10F050006DB2002D15DD04F1100904E06B1E13F0F4
:10F06000FF0F5DB20DD02369484653B100F07CFF1D
:10F070000028F3D001F00AF86B1E13F0FF0F5DB209
:10F08000F1D1FF2384F8443001F0F2FA00F034FDAE
:10F09000002853D14FF08053C8F8043040BFBFF36D
:10F0A0004F8FBFF36F8F49E001F0D8FA94F84550C5
:10F0B0006DB2002D05DC12E06B1E13F0FF0F5DB288
:10F0C0000DD0636A304653B100F04EFF0028F3D0F4
:10F0D00000F0DCFF6B1E13F0FF0F5DB2F1D1FF23D8
:10F0E00084F8453001F0C4FA01F0B8FA94F84450BD
:10F0F0006DB2002D15DD04F1100904E06B1E13F054
:10F10000FF0F5DB20DD02369484653B100F02CFFCC
:10F110000028F3D000F0BAFF6B1E13F0FF0F5DB2B2
:10F12000F1D1FF2384F8443001F0A2FA00F0E4FCAE
:10F1300001F094FAA36BEBB101F09AFA01F08EFAA8
:10F14000A36B4FF00109002B3FF429AF2268013B6C
:10F15000A363002A00F088802369002B74D101F09A
:10F1600087FA0127384605B0BDE8F083284600F04D
:10F170004DFF1DE701F07CFA002F4AD1384605B05B
:10F18000BDE8F08301F074FA01F068FA94F8455094
:10F190006DB2002D05DC12E06B1E13F0FF0F5DB2A7
:10F1A0000DD0636A304653B100F0DEFE0028F3D084
:10F1B00000F06CFF6B1E13F0FF0F5DB2F1D1FF2367
:10F1C00084F8453001F054FA01F048FA94F84450BC
:10F1D0006DB2002D15DD04F1100904E06B1E13F073
:10F1E000FF0F5DB20DD02369484653B100F0BCFE5D
:10F1F0000028F3D000F04AFF6B1E13F0FF0F5DB242
:10F20000F1D1FF2384F8443001F032FA00F074FCAD
:10F2100094E701F023FA616A19B1236B1968C1F10F
:10F220000501606800F0DAFF01F022FA0027384695
:10F2300005B0BDE8F08301F011FA606800F058FFF6
:10F24000074601F015FADBE604F1100000F08CFE31
:10F25000002884D0064B4FF080525A6040BFBFF365
:10F260004F8FBFF36F8F7AE700F0F2FF606073E7B4
:10F2700000ED00E010B5044682B001F0EFF9A06B9C
:10F28000019001F0F5F9019802B010BD104B5A68D9
:10F29000904208D0DA68904208BF012204D090F86A
:10F2A000463093B170470022002110B403EBC20432
:10F2B00043F8321090F84630616013B15DF8044BAA
:10F2C00070475DF8044B02F04FB902F04DB900BF32
:10F2D000B4850020074B1A681AB19A6802B17047CA
:10F2E000012210B403EBC20443F8321060605DF8F1
:10F2F000044B7047B485002070B504460E46154691
:10F3000001F0ACF994F84430FF2B04BF002384F8DB
:10F31000443094F84530FF2B04BF002384F8453077
:10F3200001F0A6F9A36B002B45D001F097F994F8F2
:10F3300045506DB2002D15DD04F1240604E06B1E6E
:10F3400013F0FF0F5DB20DD0636A304653B100F089
:10F350000BFE0028F3D000F099FE6B1E13F0FF0F98
:10F360005DB2F1D1FF2384F8453001F081F901F05D
:10F3700075F994F844506DB2002D15DD04F11006B6
:10F3800004E06B1E13F0FF0F5DB20DD02369304611
:10F3900053B100F0E9FD0028F3D000F077FE6B1EBA
:10F3A00013F0FF0F5DB2F1D1FF2384F84430BDE8C4
:10F3B000704001F05DB92A46314604F1240000F0A6
:10F3C00093FDB2E72DE9F041044601F047F9344AD4
:10F3D000344D1368013313602B68002B30D0324E4C
:10F3E000336833B3E36A3148314907680A689F429A
:10F3F00038BF03602F48013203EB83030A6000EB40
:10F400008300E263211D02F02FF801F031F9336827
:10F410006BB12A68E36AD26A9A4208D2264B4FF04F
:10F4200080525A6040BFBFF34F8FBFF36F8FBDE86C
:10F43000F0812A68E36AD26A9A4298BF2C60D2E7C8
:10F440002C601368012B02D0E36A174ECBE71948F2
:10F45000DFF89080194F144E01F0F6FF184801F0C4
:10F46000F3FF184801F0F0FF174801F0EDFF1748CF
:10F4700001F0EAFF404601F0E7FF384601F0E4FF03
:10F48000134801F0E1FF134801F0DEFF124801F0DC
:10F49000DBFF124B124AC2F800801F60E36AA2E74A
:10F4A0008879002018790020E87900209C790020D4
:10F4B000987900202479002000ED00E0B479002044
:10F4C000387900204C790020607900207479002080
:10F4D000D4790020007A0020EC79002020790020E7
:10F4E0001C790020A07900202DE9F843DDE909C44A
:10F4F000002C66D0BCF1000F60D00D4696009846F7
:10F500000223324684F85130A5210746C4F830C0A2
:10F51000604602F023FA2A7884F83420236B297895
:10F52000321F1A4422F0070601B36B7884F8353095
:10F530006B78DBB1AB7884F83630AB78B3B1EB786D
:10F5400084F83730EB788BB12B7984F838302B790D
:10F5500063B16B7984F839306B793BB1AB7984F85E
:10F560003A30AB7913B1EB7984F83B30089D042D28
:10F5700028BF04254FF00009E5626564201D84F86A
:10F580003B90C4F8489001F06BFFC5F1050504F10C
:10F59000180001F065FFC4F84C9042463946A56159
:10F5A000246184F850906462304601F01BF82060BA
:10F5B0002046FFF707FF2046BDE8F8836046BDE818
:10F5C000F8832046BDE8F8832DE9F0479600804691
:10F5D00030460D46994601F0B3FF002862D0074639
:10F5E000542001F0ADFF044600285FD000230763DC
:10F5F000324684F851303846A52102F0AFF92B7815
:10F6000084F834302B78D4F830A003B36B7884F8C6
:10F6100035306B78DBB1AB7884F83630AB78B3B18A
:10F62000EB7884F83730EB788BB12B7984F838306D
:10F630002B7963B16B7984F839306B793BB1AB7955
:10F6400084F83A30AB7913B1EB7984F83B30089DFC
:10F65000042D28BF04250027E5626564201D84F879
:10F660003B70A764043E01F0FBFEC5F1050504F103
:10F670001800564401F0F4FEE764A56126F0070087
:10F6800084F85070246164624A46414600F0AAFF43
:10F69000099B206003B11C602046FFF793FE012008
:10F6A000BDE8F0874FF0FF30BDE8F087384601F045
:10F6B0005BFF4FF0FF30F3E770B50446534E00F0A8
:10F6C000CDFF002C00F08280251D284601F0F4FEBD
:10F6D000A36A1BB104F1180001F0EEFE29464C4864
:10F6E0004C4D01F0C1FE94F85030012B04BF0023B3
:10F6F00084F8503000F0BCFF2B68002B57D13368E2
:10F70000A34200D070BD2B68002B66D14049424A0D
:10F710000968126891426AD0404B1B68002B68D17F
:10F720003F4A13603268336812681B6B9A4266D98D
:10F730003C4C3D4B226802EB82008000910018583F
:10F7400028BB501E00EB8005AD0081005D59002DE7
:10F7500053D1901E00EB8005AD0081005D59002D56
:10F760004BD1D01E00EB8005AD0081005D59002D0E
:10F7700043D1101F00EB8005AD0081005D59002DC5
:10F780003BD1053A02EB82008000910018581144E9
:10F7900003EB8100034641684968416008339942A0
:10F7A00004BF49684160CB683360226070BD00F0DF
:10F7B00055FF1E4B1A68126852B11A681C4BD2686A
:10F7C000D26852681A6000F053FF98E734687BE70C
:10F7D000174B4FF0FF321A60F5E7164B4FF080528F
:10F7E0005A6040BFBFF34F8FBFF36F8F70BD336060
:10F7F00070BD0B4B01221A6070BD0246C7E730682E
:10F800003168343101F0B6FB92E700BF187900206F
:10F81000EC790020E8790020887900209479002094
:10F82000187A00209C790020247900201C7900207F
:10F83000CC79002000ED00E098B130B51D4D2B686B
:10F84000834283B004460AD000F008FF1A4B626975
:10F850009A4207D003B0BDE8304000F009BF03B0C2
:10F8600030BD7047A36A154A9342F3D0002BF1D103
:10F87000211D0846019101F01FFE114AE36A10683C
:10F88000019983420F4888BF136003EB830300EBA9
:10F89000830001F0E9FD2B68E26ADB6A9A42D9D362
:10F8A000094B4FF080525A6040BFBFF34F8FBFF3F8
:10F8B0006F8FCFE718790020EC790020D4790020F1
:10F8C0009C7900202479002000ED00E070B584B020
:10F8D000002503AA02A901A8CDE9015501F04EFBBC
:10F8E000019C002C46D00298002843D0039E206340
:10F8F0000223B6003246A52184F8513002F02EF8DA
:10F90000206B1F4B6363043E0644C4E91155201D60
:10F9100084F8385084F83B50E56201F0A1FD04F111
:10F92000180001F09DFD26F0070605231549A36187
:10F930002A46E56430462461646284F8505000F041
:10F9400051FE20602046FFF73DFD0F4B1C6000F08C
:10F95000EFFD012811D1402383F311880B490C4A94
:10F960000C4B4FF0FF340C6010601D6000F050FE37
:10F9700004B070BD044B00221A6004B070BD00BF1B
:10F9800049444C459DFC0200C8790020CC790020F8
:10F99000E8790020147A0020024A136801331360CA
:10F9A000704700BF94790020014B1868704700BF72
:10F9B000147A0020024A136818441060704700BF90
:10F9C000147A00202DE9F04F404B1B6883B0002BC8
:10F9D00046D13F4B1E6801361E60002E4ED0DFF828
:10F9E00008B1DBF80030B3425FD83A4F3B681D687E
:10F9F000002D65D0DFF8F480DFF8F4A0DFF8F49094
:10FA0000002522E0019101F057FDA36A019904F15C
:10FA1000180013B101F050FD0199E36AD8F80020F5
:10FA200003EB830093420AEB800088BFC8F80030E4
:10FA300001F01AFDD9F800203B68E16AD26A1B6820
:10FA4000914228BF0125002B3AD03B68DB68DC6877
:10FA50006368211D9E420846D4D2CBF8003004E0F2
:10FA60001D4A13680133136000251C4B1B68002BD3
:10FA70000CBF2846012003B0BDE8F08F154B184A93
:10FA80001868184914681C6010600A6801320A601E
:10FA90001A6812685AB9DFF850B04FF0FF33CBF84C
:10FAA0000030DBF80030B3429FD90025DDE71B684A
:10FAB000DFF834B0DB68DB685B68CBF8003090E7D8
:10FAC0004FF0FF33CBF80030CFE700BF9479002030
:10FAD000147A00201C79002090790020187A0020E8
:10FAE00020790020D0790020CC7900209C7900205A
:10FAF00024790020187900202DE9F04F83B000F020
:10FB0000ADFD3A4B1A68013A1A601B68002B55D1BB
:10FB1000374B1B68002B51D0364D2B68002B62D021
:10FB2000354EDFF8EC80354FDFF8E8904FF0010AF2
:10FB3000EB68DC6804F1040B04F1180001F0BCFC74
:10FB4000584601F0B9FCE36A326803EB8300934244
:10FB5000594608EB800088BF336001F085FC3B68A4
:10FB6000E26ADB6A9A4231D3C9F800A02B68002B05
:10FB7000DED1234B1A681268002A2FD01A68214B55
:10FB8000D268D26852681A601F4E346844B10125A9
:10FB9000FFF718FF08B1C9F80050013CF8D13460F4
:10FBA000D9F8003053B1194B4FF080525A6040BF22
:10FBB000BFF34F8FBFF36F8F012000E00020019053
:10FBC00000F056FD019803B0BDE8F08F2B68002BC4
:10FBD000AED10B4B1A681268002ACFD1094B4FF0F7
:10FBE000FF321A60D0E7DFF82C90CDE7947900203F
:10FBF00088790020D47900209C7900201879002091
:10FC00001C790020CC7900209079002000ED00E0E4
:10FC100024790020187A002070B548B9184B4FF0AD
:10FC200080525A6040BFBFF34F8FBFF36F8F70BDDC
:10FC3000144A15491368154D013313600E680446C4
:10FC40002868043001F038FC2B68A4195C600FD2DE
:10FC50000F4B18682968043101F016FC0D4B1A6827
:10FC6000944238BF1C60FFF747FF0028D6D070BD14
:10FC7000094B18682968043101F006FCF3E700BF5E
:10FC800000ED00E094790020147A0020187900201B
:10FC90001C790020CC790020207900202DE9F84F34
:10FCA0003A4CDFF804913A4D3A4EDFF800813A4F72
:10FCB000DFF8FCB02368EBB100F0D0FCD9F80C30D1
:10FCC000D3F80CA00AF1040001F0F6FB2B68013B0D
:10FCD0002B602368013B236000F0CAFC9AF8513086
:10FCE000002B34D0012BE5D1504601F03DFC2368B8
:10FCF000002BE1D13368012B08D94FF08053CBF8AA
:10FD0000043040BFBFF34F8FBFF36F8F00F056FE3C
:10FD1000D8F800301BBB3B68DB6A002BCAD13368C4
:10FD2000012BC7D81D4B1E4A1B6812689B1A012B5A
:10FD3000C0D91C4A136801331360D8F80030A3B14E
:10FD40003B68DB6A03B93368FFF7D6FEB2E7DAF83F
:10FD5000300001F009FC504601F006FCAAE73B68C0
:10FD6000DB6A002BA6D13368A4E73B68DB6A002B73
:10FD7000EAD13368012BE7D8084B1868084B1B6899
:10FD8000C01A0128E0D900F0E3FCDDE78C790020FF
:10FD9000887900202479002018790020CC7900206F
:10FDA000147A002094790020007A00209C790020A9
:10FDB00000ED00E0294B1B681BB1294B01221A60A2
:10FDC0007047274A70B5274C136022682368126871
:10FDD0001B6B9A423CD9244D244B2A6802EB8200CB
:10FDE00080009100185808BB501E00EB8006B6003A
:10FDF00081009E5956BB901E00EB8006B600810024
:10FE00009E591EBBD01E00EB8006B60081009E5995
:10FE1000E6B9101F00EB8006B60081009E59AEB90E
:10FE2000053A02EB8200800091001858114403EB60
:10FE3000810003464168496841600833994204BF24
:10FE400049684160CB6823602A6070BD0246EDE7D7
:10FE500020682168343101F08DF8BCE794790020E6
:10FE6000187A0020187900209C790020247900203D
:10FE700070B5174D2B680C4603F1180101F004FB17
:10FE8000144B1E682868043001F016FB631C17D061
:10FE90002B68A4195C6007D30F4B18682968BDE86C
:10FEA0007040043101F0F0BA0C4B18682968043135
:10FEB00001F0EAFA0A4B1A68944238BF1C6070BD20
:10FEC00029680848BDE87040043101F0CDBA00BF90
:10FED00018790020147A0020207900201C79002055
:10FEE000CC790020EC79002070B5194D2B681646AE
:10FEF0000C4603F1180101F0B7FA164B5EB11B680E
:10FF00002868043001F0D8FA29681348BDE8704029
:10FF1000043101F0A9BA1E682868043001F0CCFA57
:10FF20002B68A4195C6007D30C4B18682968BDE8DE
:10FF30007040043101F0A8BA094B186829680431EF
:10FF400001F0A2FA074B1A68944238BF1C6070BDDA
:10FF500018790020147A0020EC7900202079002004
:10FF60001C790020CC79002030B5C368DC6804F12E
:10FF7000180583B0284601F09FFA1C4B1B683BBB59
:10FF8000211D0846019101F097FA194AE36A1068A9
:10FF900001998342174888BF136003EB830300EB8A
:10FFA000830001F061FA144BE26A1B68DB6A9A4233
:10FFB00082BF124B01201860114B1A68126898BF5B
:10FFC000002052B90F4B4FF0FF321A6003B030BD22
:10FFD0000D48294601F048FAE5E71A68094BD2684E
:10FFE000D26852681A6003B030BD00BF9479002017
:10FFF0009C7900202479002018790020187A0020AC
:020000023000CC
:100000001C790020CC790020D4790020034A044BCD
:1000100012681B68C0E90023704700BFD079002038
:10002000147A0020F0B50D4683B0044600F016FBAC
:100030002B68144A591C10681DD0DFF84CC0D4E955
:100040000061DCF80070BE4208D0814206D8012071
:10005000019000F00DFB019803B0F0BD471ABB42C0
:100060000BD91B1A0B44DCF8001012682B6000201F
:10007000C4E90012ECE70020EAE700232B6001202E
:10008000E6E700BF147A0020D0790020014B01225E
:100090001A607047187A0020094B186818B9094B84
:1000A0001B6813B1704700207047074A074B106860
:1000B0001B68013B984214BF01200220704700BF1B
:1000C000D4790020187A0020EC790020887900206B
:1000D000054B1B6833B1054B1B68002B0CBF02207E
:1000E0000020704701207047E879002094790020B3
:1000F00070B5044682B0C8B11D4DC36A2A68D26A81
:10010000934215D28269002A04DB2A68D26AC2F1BE
:1001100005028261174E626903EB830306EB8303DA
:100120009A420ED02B68DB6AE362012002B070BDF8
:100130002B68406CDC6AA0422CBF0020012002B07A
:1001400070BD211D0846019101F0B6F92A680A4BDD
:10015000D06A1A680199E062904200D9186000EBF9
:10016000800006EB800001F07FF90120DEE700BF90
:1001700018790020247900209C79002068B130B5DE
:10018000836CC16A426C013B914283B00446836434
:1001900000D023B1002003B030BD00207047011D06
:1001A0000846019101F088F90A4A636C1068E3621D
:1001B0008342094888BF1360C3F1050503EB83033D
:1001C00000EB83000199A56101F04EF9012003B015
:1001D00030BD00BF9C7900202479002070B130B57B
:1001E000426CC36A914238BF11468B4283B00446C9
:1001F00002D0826C012A02D003B030BD7047826900
:10020000114DC162002A03EB83034269A8BFC1F10B
:10021000050105EB8303A8BF81619A42ECD1011D62
:100220000846019101F048F9084BE06A1A68019903
:10023000904288BF186000EB800005EB800003B09F
:10024000BDE8304001F010B9247900209C790020ED
:10025000044B1A681AB119688A6C01328A641868EA
:10026000704700BF187900202DE9F0431D4EDFF8DC
:100270007C9085B04FF000080CE0DB68DC681F68FC
:10028000251D284601F018F9636A20469847E3695E
:10029000012B0AD033681A68002AEED1124A11687D
:1002A0003160136005B0BDE8F083A3693B449F4211
:1002B000294610D3D9F80030002BEBD0CDE90087C8
:1002C0000294FFF705FF0023D9F800001A4669469B
:1002D000FEF794FADEE730686360246101F0D4F839
:1002E000D8E700BF1C7A0020207A0020A07C0020E4
:1002F0002DE9F04F894E8A4CDFF82C82894DDFF8CA
:100300002CA28BB03368D3F800B0BBF1000F00F023
:10031000A980DB68D3F800B0FFF73EFBFFF744FB92
:1003200022688242814600F2AE808345206040F21E
:10033000BF8000222868ABEB0901FEF7DDFFFFF765
:10034000DBFB40B94FF08053CAF8043040BFBFF325
:100350004F8FBFF36F8F2868002202A9FEF7B2FC0F
:100360000028CFD0029B002B73DBDDF81090D9F86A
:1003700014301BB109F1040001F09EF8FFF714FBE3
:10038000236898420746C0F08580029B2760092BAE
:10039000E1D801A252F823F0C1030300C103030016
:1003A000C1030300570303001B04030043040300BD
:1003B000C1030300C1030300570303001B04030030
:1003C0000398D9F81830C9F81090C2182CBF012131
:1003D0000021BA42C9F804205FD8381A834228D8CD
:1003E000D9F8243048469847D9F81C302868012BA2
:1003F000B2D10028B0D0D9F81820039B00211344B3
:10040000CDE907390691FFF763FE002328681A46F5
:1004100006A9FEF7F3F928689EE7039BC9F8109038
:10042000DA19BA42C9F81830C9F8042039D8002BB3
:1004300091D0D8F8000009F1040101F025F82868EE
:100440008AE799F82C30002B85D1484601F08CF8CA
:1004500081E7039BDDE904019847029B002BFFF62F
:100460007AAF82E7FFF798FAFFF79EFA2268904288
:10047000814608D3D8F80020C4F800901268B2FA78
:1004800082F2520956E7FFF7EFFEC4F80090FFF73B
:1004900033FB60E7FFF7E8FE77E7B84201D90029B0
:1004A0009ED0306809F1040100F0EEFF286853E7A0
:1004B000FFF722FB3268D268D768391D08460191E0
:1004C00000F0FAFFF8690199012803D07B6A3846E9
:1004D000984740E7BA693F610BEB020048457860F6
:1004E00003D9306800F0D0FFF0E7A9EB0B039A4284
:1004F0000FD82B68002BE9D00023CDE9063B0897E5
:10050000FFF7E6FD002328681A4606A9FEF776F9EC
:10051000DCE7D8F8000000F0B7FFD7E71C7A00202E
:100520004C7C0020A07C0020207A002000ED00E020
:10053000F0B51F4C89B000F091F82568F5B100F0D6
:1005400097F82068C0B1002407AA06A905A8CDE93C
:10055000054400F021FDDDE905310222CDE900214D
:100560000293079A134914482346FEF7BDFF134B25
:100570001860001B18BF012009B0F0BD104F114ECC
:10058000384600F061FF304600F05EFF0E4A0F492A
:1005900000950F4B17600E600E4A10212020FEF7C9
:1005A000BBF820600028CAD00B49FEF793FEC6E7CF
:1005B000A07C002018410300F1020300A47C00206D
:1005C000247C0020387C00201C7A0020207A002027
:1005D000507C0020247A002010410300402383F344
:1005E0001188FEE730B46FF00203084C40F80C4C61
:1005F0004FF0807540F8045C40F8081C40F8202C4F
:1006000040F8243C30BC4438704700BFDD0503008F
:100610000F4C08B5E02384F8223000F07BF80D4B36
:100620000D4A00211960D4F8883043F47003C4F8EF
:100630008830536843F040435360236943F010030C
:10064000236100F069F9402383F31188FEE700BFBE
:1006500000ED00E0A87C002030EF00E0402383F3B1
:100660001188024A1368013313607047A87C002088
:10067000034A1368013B13600BB983F31188704779
:10068000A87C002041DF704712DF704770B51D4B1A
:1006900000221A6082B01B680193019BEFF3118660
:1006A000402383F311881849184BD1F804451A6088
:1006B0001B680093009BFFF777F9201A20F07F4317
:1006C00023F0010320F07F459BB96C1E6DB100251E
:1006D000FFF778F9013C631C45EA0005F8D125B124
:1006E0000B4B4FF080525A6040BF86F3118802B026
:1006F00070BDFFF7EDFC0228E7D0FFF763F9054670
:10070000EDE700BF40110140001001400011014021
:1007100000ED00E00B4B0C4930B41F200B4DC3F82B
:10072000080501220224E020C3F804232A601A608D
:10073000C3F8444381F811034FF400330B6030BC1D
:10074000704700BF0010014000E100E008100140C8
:100750002DE9F041054684B0EFF3108272B6634C88
:10076000A36883B9624B63480121A160D3F880106C
:1007700001402160C3F88000D3F8841061604FF01D
:10078000FF31C3F8841002B962B65B4ED6F8048517
:10079000FFF782FC78B3594F594AAF4228BF2F4622
:1007A00007EB080323F07F4301214FF0000CC6F84C
:1007B0000813C6F84035C2F800C0136801934FF41F
:1007C00080330198C6F80433BFF34F8F25BBC6F8BA
:1007D0000833156012684B4B0392039A1D601B6827
:1007E0000293434B029AC6F804134FF40032D6F832
:1007F0000415C3F88021A3685BB1EFF3108272B6D1
:100800003B4B21681960616859600023A36002B9FD
:1008100062B604B0BDE8F081F1EE103A23F09F0318
:10082000E1EE103AF1EE103A314D4FF48063402280
:10083000C5F8842103A8C5F884318DF80CC0FFF7F2
:1008400023FF9DF80C30002B4DD12B4620BFD3F851
:100850000011D3F804210A43F8D0274B2848294A2D
:100860004FF48031C3F80813002101600068039041
:10087000039811601268029201220299C3F80423BE
:10088000D3F804351A4AA3EB080828F07F484745F7
:1008900028BF47464FF40033012FC2F8803120D9DA
:1008A000781EFFF787F8184BDB68DA010FD5174A77
:1008B0001368DB070BD5164B516803FB07F7A7F549
:1008C0007427A7F51077BF0A01EB87175760FFF76A
:1008D00079F800288FD00F4B4FF080525A6040BFFC
:1008E00089E7F4D087E7FFF7CDFEB6E7C88500209B
:1008F00000E100E0FC06FFBD00100140FDFFFF002D
:100900004011014000110140F0ED00E0001000E056
:1009100040420F0000ED00E00748006880F30888BF
:1009200062B661B6BFF34F8FBFF36F8F4FF0E00039
:1009300080F3118800DF00BF00700200064B1968C9
:100940000868B0E8F04F80F30988BFF36F8F4FF06D
:10095000000080F31188704718790020EFF30980B8
:10096000BFF36F8F144B1A681EF0100F08BF20EDF5
:10097000108A20E9F04F10604DF8043D4FF0400020
:1009800080F31188BFF34F8FBFF36F8FFFF712FA19
:100990004FF0000080F3118808BC19680868B0E8BF
:1009A000F04F1EF0100F08BFB0EC108A80F30988DA
:1009B000BFF36F8F704700BF18790020704700BFEA
:1009C0000A490B4A0B4B9B1A03DD043BC858D05015
:1009D000FBDC094809494FF0AD32026004300439AC
:1009E000FBD100F0A5F9F6F733FC0000D443030077
:1009F000006000201063002000F8032000080000C1
:100A0000FEE7FEE7FEE7FEE7FEE7FEE7FEE7FEE7BE
:100A1000FEE7FEE708B50020F7F7E8FDF6F752FC21
:100A2000114BBBB1114B63B1F6F792FC00F092FA97
:100A3000AFF30080F6F78CFC00F08CFAAFF3008087
:100A4000F2E7F6F785FC00F085FAF6F781FC00F096
:100A500081FAF6E7F6F77CFC00F07CFAF6F778FC12
:100A600000F078FAF6E700BF000000000000000088
:100A700000B583B000F0E0FBFDF7C8FC0E4B01931E
:100A800001230E4900934FF4806200230C48FEF7C7
:100A90009BFD4FF4407000F083FBFEF717FFBFF3A0
:100AA0004F8F0849084BCA6802F4E0621343CB60D9
:100AB000BFF34F8F00BFFDE7AC7C00202041030057
:100AC000150A030000ED00E00400FA05114B1A7846
:100AD000EAB90178104810B40A464FF0804402F099
:100AE0000102C1F34001C4F88015C4F878250268FA
:100AF000D20706D4E021012280F80013C0F880213B
:100B00000260012205485DF8044B1A7070470448E2
:100B1000704700BFC485002000E100E00000AD0B7D
:100B20000C00AD0B044B02684FF080414FF4607035
:100B3000C1F808031A607047B87C00204FF080436A
:100B40004FF46072C3F80423704700BF10B54FF034
:100B5000804386B0D3F80443620705D5D3F8082153
:100B600003F58473002A4ED1A30603D52A4B1A68D5
:100B7000002A3FD1600603D5284B1A68002A2FD1DE
:100B8000210602D5264B1A680ABBE20502D5254B81
:100B90001A6892B9A3050ED5234B1A685AB10022E0
:100BA0001A601A68214B0592059A1B68022006B04C
:100BB000BDE81040184706B010BD00221A601B4A5D
:100BC0001B68049301201368049A9847E2E7002009
:100BD0001860164A1B6803931368039A9847D4E772
:100BE00000221A60124A1B68029301201368029ABD
:100BF0009847C5E7002018600D4A1B6801931368E9
:100C0000019A9847B6E700221A600A4A1B680093C7
:100C10001368009A9847A7E71401004018010040A4
:100C20001C0100402001004024010040B87C00204D
:100C3000B47C0020B07C0020194BD3F8182102B9F5
:100C400070470021174AC3F81811D3F81811D37F41
:100C500082B0FF2B019101990DD0917F99B11F2B8B
:100C60008ABF11484FF0A04003F01F03012101FA91
:100C700003F3C0F80C35002353771372D2E9003127
:100C80000A4802B018471F2B8ABF07484FF0A04000
:100C900003F01F03012101FA03F3C0F80835EAE766
:100CA00000300240BC7C002000030050C47C0020C7
:100CB0001B4BD3F8182102B970470021194AC3F819
:100CC0001811D3F8181192F8433082B0FF2B01911C
:100CD00001990ED092F84210A9B11F2B8ABF124879
:100CE0004FF0A04003F01F03012101FA03F3C0F805
:100CF0000C35002382F8413082F82C30D2E90931DA
:100D00000A4802B018471F2B8ABF07484FF0A0407F
:100D100003F01F03012101FA03F3C0F80835E8E7E7
:100D200000F00240BC7C002000030050E87C002062
:100D3000764B1B6810B45C1C00F0B880744A082B1A
:100D4000126822D0714B1B68082B72D0591C15D029
:100D50006F4A1268082B00F0CB806E4AD2F88830B8
:100D600043F47003C2F88830BFF34F8FBFF36F8F27
:100D7000694B6A4A5DF8044B1A607047684A694BD0
:100D800012681B78C2F30312E4E7032A40F2A18041
:100D90005F4A1268082BD5D1032AD3D84FF080526E
:100DA000614BD2F80414C3F82015D2F80814C3F824
:100DB0002415D2F80C14C3F82815D2F81014C3F86F
:100DC0002C15D2F81414C3F83015D2F81814C3F83F
:100DD0003415D2F81C14C3F84015D2F82014C3F807
:100DE0004415D2F82414C3F84815D2F82814C3F8CF
:100DF0004C15D2F82C14C3F85015D2F83014C3F89F
:100E00005415D2F83414C3F86015D2F83814C3F866
:100E10006415D2F83C14C3F86815D2F84014C3F82E
:100E20006C15D2F84424C3F87025384B1B68082B86
:100E30008CD1374B1A68032A8FD83C4B9B5C13B17B
:100E40003B4B3C4919603C4B9B5C6BB12F4B3B4986
:100E50001B682F4AFB20C1F81805082B12687FF485
:100E600075AF032A3FF679AF354B9B5CA3B1354B89
:100E7000354C19682068264AA3F5947320F00F00BA
:100E80001B68126801F00F010143082B21607FF4F9
:100E90005DAF032A3FF661AF2C4B9B5C5BB31B4BF2
:100EA0002B4A1B684FF4007111604FE71D4A1C4B21
:100EB00012781B68082A4FEA13137FF443AF13F02C
:100EC0000C0F06D0164A174B12681B78C2F3031298
:100ED00060E70E4B1B684FF080420021581CC2F89F
:100EE0000C11C2F81011C2F838157FF451AFE9E7C0
:100EF000032A3FF632AF4FF08043D3F80024D207E5
:100F000044BF6FF00102C3F8002426E7300100104F
:100F10003401001000ED00E0246100200090D003B7
:100F2000E80F00F0E00F00F000C00040284103008F
:100F30008C560040488103002841030000F0004027
:100F40002841030058020010E40E0040284103002D
:100F50004096024008B5F7F74FFB054B4FF0805223
:100F60005A6040BFBFF34F8FBFF36F8F08BD00BF04
:100F700000ED00E0704700BF704700BF044B036006
:100F800010B46423034C0C605DF8044B136070478D
:100F9000047D0020587D0020054B036010B44FF401
:100FA0008073044C0C605DF8044B1360704700BF05
:100FB000E87E00203C7F002070B51F4D84B028687B
:100FC0004FF0FF3203A9FDF77DFE0028F7D0039C08
:100FD000237A6668052B0CD8DFE803F02629211B4D
:100FE0001403D4E90523D4E90301E4690094B0476C
:100FF000039C206810B100F08DFA039C204600F09D
:1010000089FADCE7D4E90523D4E90301B047039C5E
:10101000EFE7D4E90412E068B047039CE9E7D4E9BC
:101020000301B047039CE4E7B047039CE1E7E068B5
:10103000B047039CDDE700BF408300202DE9F0436B
:10104000304B314D5B6885B0C3F30803019001AFAD
:1010500053B10023286839461A46FDF7B5FD01282B
:1010600009D105B0BDE8F083286839466422FDF750
:10107000C5FB0128F5D0DFF89480D8F800000022E5
:1010800040000421FDF778FB06460028E9D0DFF890
:101090008090D9F80000FEF70FFBFFF7DFFA01E0C0
:1010A000FDF7ACFB002203A92868FDF70BFE044600
:1010B0000023642203A93046002CF1D12868FEF7F2
:1010C000E5F82E60FFF7D4FAD9F80000FEF7B4FB7C
:1010D000D8F800300B4A28685B00C8F80030536825
:1010E000C3F30803394633B123462246FDF76CFDAE
:1010F00005B0BDE8F0836422FDF780FB05B0BDE8D4
:10110000F08300BF00ED00E0408300203C8300201E
:10111000448300202DE9F8439DF8206005460F46E2
:10112000904699469EB1B0000C3000F0D9F90446C3
:1011300058B10023C0F804800672036005B147B9B6
:101140000EBB2046FFF77AFF0120BDE8F883102090
:10115000EBE7384600F0C4F980462060D0B13A464B
:10116000294600F0D3FB002EEBD0711EC9B209EB6B
:101170008101A9F1040252F8043FAB4208BFC2F852
:1011800000809142F7D1B200494604F10C0000F012
:10119000BDFBD6E7204600F0BDF94046D5E700BFCD
:1011A00070B540230B4D82B004460022184604213E
:1011B0002B60FDF7E1FA084D084B01930646022328
:1011C000009307492E60A2B200230648FEF7FCF9FF
:1011D00002B070BD3C830020408300204483002087
:1011E0002C410300B90F030011DF704708B5044616
:1011F000FFF7FAFF0D4B4FF080414FF0FF32C3F87D
:101200008020C3F88021C3F88420C3F88421C1F86A
:101210001C45BFF34F8F0649064BCA6802F4E062D3
:101220001343CB60BFF34F8F00BFFDE700E100E049
:1012300000ED00E00400FA054FF08043194AD3F8AE
:101240000014194830B41160D3F80054D3F80024C6
:10125000164C17492A43C3F80024D4F840250260ED
:1012600001224FF40030C3F818259A60C1F88000BD
:10127000BFF34F8FBFF36F8F0E4C03F588334FF0E2
:10128000A0454FF480304FF0FF31C3F84803C3F856
:1012900008035A609A60C5F80815C4F8081530BCF0
:1012A000704700BF488300204C83002000A000400E
:1012B00000E100E00003005008B54E20FFF796FF64
:1012C00016281BD83C4B53F820301F2B86BF3B4AB7
:1012D00003F01F034FF0A0420E290FD8DFE801F002
:1012E000655F59534D474039322B241D160F0800B6
:1012F00003F5E07340F2037142F82310704703F5E1
:10130000E07340F2036142F82310704703F5E07385
:1013100040F2035142F82310704703F5E07340F2A6
:10132000034142F82310704703F5E07340F20331A4
:1013300042F82310704703F5E07340F2032142F8AE
:101340002310704703F5E07340F2031142F82310B5
:10135000704703F5E0734FF4403142F823107047B3
:1013600003F5E0734FF4003142F82310704703F5A2
:10137000E073134942F82310704703F5E0731149F5
:1013800042F82310704703F5E073042142F823105C
:10139000704703F5E0730C2142F82310704703F502
:1013A000E073032142F82310704703F5E073002136
:1013B00042F82310704700BFB04003000003005004
:1013C000040002000C00030016280FD80B4B53F842
:1013D00020301F2B86BF0A4A03F01F034FF0A042A4
:1013E00029B1012101FA03F3C2F808357047012140
:1013F00001FA03F3C2F80C35704700BFB040030098
:1014000000030050162818D80D4B53F820201F2A2F
:101410008ABF0C494FF0A04102F01F02D1F8140519
:1014200001239340034214BFD1F80425D1F81025BD
:10143000134214BF0120002070470020704700BFF6
:10144000B04003000003005000F108034FF0FF31EB
:101450000022C0E90333816002604360704700BF2F
:1014600000230361704700BF4368026810B49C68A2
:101470008C609C684B600132616099605DF8044B40
:1014800008610260704700BF30B40D686B1C10D05B
:1014900000F108031C465B681A68AA42FAD9026880
:1014A0004B60013299608C606160086130BC026001
:1014B000704704696368F2E7036910B4D0E9011268
:1014C0005C688A608442516008BF5A601A685DF89F
:1014D000044B0021013A01611A601868704700BF8F
:1014E00010B50446FEF7F4FD022804D02046BDE8FE
:1014F000104000F0FBB9FEF74FFA204600F0F6F975
:101500000446FEF7F9FA0CB1204610BDFFF734FD92
:10151000FAE700BF10B50446FEF7DAFD02280AD14B
:1015200044B1FEF739FA204600F0E8F9BDE8104072
:10153000FEF7E2BA10BD2046BDE8104000F0DEB96B
:1015400010B582B00190FEF727FA019800F0CEF9AD
:101550000446FEF7D1FA14B1204602B010BDFFF7E1
:101560000BFD204602B010BD50B110B50446FEF789
:1015700013FA204600F0C2F9BDE81040FEF7BCBAED
:10158000704700BF53B94AB9002908BF00281CBFE3
:101590004FF0FF314FF0FF3000F06EB9ADF1080CA5
:1015A0006DE904CE00F006F8DDF804E0DDE9022381
:1015B00004B070472DE9F047089D04468C46002B87
:1015C00040F083808A42174647D9B2FA82F242B18C
:1015D000C2F1200024FA00F09140974040EA010C4B
:1015E00094404FEA1748230CBCFBF8F61FFA87FE1D
:1015F00008FB16C143EA014306FB0EF1994209D9E3
:10160000FB1806F1FF3080F01981994240F21681F3
:10161000023E3B445B1AA4B2B3FBF8F008FB103364
:1016200044EA034400FB0EFEA64509D93C1900F12B
:10163000FF3380F00581A64540F2028102383C4428
:1016400040EA0640A4EB0E0400261DB1D44000235E
:10165000C5E900433146BDE8F08702B9FFDEB2FAC2
:1016600082F2002A50D1CB1B4FEA174E1FFA87F89F
:101670000126B3FBFEFC210C0EFB1C3341EA0341A7
:1016800008FB0CF38B4207D979180CF1FF3002D21A
:101690008B4200F2E9808446C91AA3B2B1FBFEF086
:1016A0000EFB101143EA014408FB00F8A04507D9DE
:1016B0003C1900F1FF3302D2A04500F2D980184650
:1016C000A4EB080440EA0C40BFE78B4209D9002D87
:1016D00000F0B1800026C5E9000130463146BDE882
:1016E000F087B3FA83F6002E4AD18B4202D38242AE
:1016F00000F2B880841A61EB030101208C46002DB2
:10170000A8D0C5E9004CA5E7C2F1200320FA03F6F2
:10171000974001FA02F04FEA174ED9403043030CCC
:10172000B1FBFEF61FFA87F80EFB161143EA0143E0
:1017300006FB08F1994204FA02F409D9FB1806F1F4
:10174000FF3C80F08D80994240F28A80023E3B440B
:101750005B1A81B2B3FBFEF00EFB103341EA03418A
:1017600000FB08F38B4207D9791800F1FF3C73D2D4
:101770008B4271D902383944CB1A40EA064678E7E1
:10178000C6F1200C03FA06F422FA0CF31C4320FAEB
:101790000CF701FA06F34FEA144E21FA0CF11F433D
:1017A0003B0CB1FBFEF91FFA84F80EFB191143EA5A
:1017B000014109FB08FA8A4502FA06F200FA06F32B
:1017C00008D9611809F1FF3048D28A4546D9A9F1F4
:1017D00002092144A1EB0A01BFB2B1FBFEF00EFBEE
:1017E000101147EA014700FB08F8B84507D9E71987
:1017F00000F1FF312ED2B8452CD90238274440EAF7
:101800000940A7EB0807A0FB02894F45C646494699
:101810001AD317D05DB1B3EB0E0267EB010707FADD
:101820000CFCF2404CEA0202F740C5E90027002612
:101830003146BDE8F0872E4628460BE70646E9E626
:101840001846FDE64345E5D2B8EB020E69EB04010C
:101850000138DFE70846D2E760468DE78146B9E701
:10186000664675E730464AE7ACF1020C394413E7A7
:1018700002383C4424E700BF704700BF08B5074B5F
:10188000044613B10021AFF30080054B1868836A4A
:1018900003B19847204602F0C9FA00BF00000000DB
:1018A0003841030070B50D4D0D4C641BA41000268B
:1018B000A64209D10B4D0C4C02F0BAFA641BA410DD
:1018C0000026A64205D170BD55F8043B9847013665
:1018D000EEE755F8043B98470136F2E7F86200203E
:1018E000F8620020F86200200C630020024B0146E1
:1018F000186800F09BB800BF28610020024B014629
:10190000186800F043B800BF286100200A449142E3
:1019100000F1FF3300D1704710B511F8014B03F807
:10192000014F9142F9D110BD884210B501EB02047C
:1019300002D98442234607D8431EA14208D011F899
:10194000012B03F8012FF8E7024401468A4200D137
:1019500010BD13F8014D02F8014DF7E702440346AC
:10196000934200D1704703F8011BF9E713B54A43CE
:101970001146019200F05AF8044618B1019A00216C
:10198000FFF7ECFF204602B010BD000037B500297C
:1019900048D051F8043C0190002BA1F10404B8BFD9
:1019A000E41801F069FA204A01981368154633B922
:1019B0006360146003B0BDE8304001F063BAA34235
:1019C0000BD921686218934204BF1A685B68636090
:1019D00004BF521822602C60ECE71A465B680BB11A
:1019E000A342FAD911685518A5420BD124682144A5
:1019F0005418A3421160DDD11C685B685360214418
:101A00001160D7E702D90C230360D3E72568611979
:101A10008B4204BF19685B68636004BF4919216089
:101A20005460C7E703B030BD50830020F8B5CD1C2B
:101A300025F0030508350C2D38BF0C25002D064672
:101A400001DBA94203D90C2333600020F8BD01F06B
:101A500013FA21490A6814469CB9204F3B6823B900
:101A60002146304600F080FB38602946304600F0C1
:101A70007BFB431C23D10C233360304601F002FA78
:101A8000E3E723685B1B17D40B2B03D923601C44AB
:101A9000256004E06368A2420CBF0B6053603046CF
:101AA00001F0F0F904F10B00231D20F00700C21A29
:101AB000CCD01B1AA350C9E722466468CCE7C41CEB
:101AC00024F00304A042E3D0211A304600F04CFB7E
:101AD0000130DDD1CFE700BF5083002054830020C8
:101AE0002DE9FF4755EC104B002D0E4619462B46AD
:101AF000BBBF05F100431D4600232D230B700D9B3A
:101B0000DDF830A0914623F02008BCBF22461446E1
:101B1000B8F1460F05D0B8F1450F00D101360221CA
:101B200000E0032103AB019302AB009345EC104BA3
:101B30005346324600F0BCFBB8F1470F074602D1CE
:101B400019F0010F22D0B8F1460F07EB060910D1AA
:101B50003B78302B0AD1002200232046294602F090
:101B6000E7F818B9C6F10106CAF80060DAF80030E3
:101B70009944002200232046294602F0D9F808B1F2
:101B8000CDF80C903022039B4B4507D3039B0E9A54
:101B9000DB1B3846136004B0BDE8F087591C039185
:101BA0001A70F0E7F7B503460029B8BF494203F8B9
:101BB000022BB4BF2D222B22092942702ADD0DF100
:101BC0000704A4460A27A6460A4691FBF7F607FB38
:101BD00016153035632A04F1FF340EF8015C3146E6
:101BE000F1DC3031AEF1020504F8011C441C294639
:101BF00061450AD30DF10902A2EB0E02654588BFCB
:101C000000221344181A03B0F0BD11F8012B04F898
:101C1000012FEDE7302330318370C170031DF1E7F0
:101C20002DE9F04F2DED028B8DB00C46DDF8608074
:101C300016461F46054601F019F9D0F800A0504697
:101C400000F0A2FA00230A9323680593D8F8003025
:101C500094F818B0073323F0070303F10802C8F81B
:101C60000020D3E90023C4E91223D4E9128929F022
:101C700000430793CDF8188008EE100A9F4BDDE96A
:101C800006014FF0FF3202F085F888BBDDE906015E
:101C90009A4B4FF0FF3202F05FF848BB002200235E
:101CA0004046494602F04EF810B12D2384F84330E7
:101CB000934B9448BBF1470F94BF9846804603234B
:101CC0002361059B23F0040222604FF00009009776
:101CD00033460BAA2146284600F0D8F9013040F0DF
:101CE00090804FF0FF300DB0BDEC028BBDE8F08F5F
:101CF00042464B464046494602F04CF840B14B46FE
:101D0000002BBCBF2D2384F843307F487F4BD1E7A5
:101D100063680BF0DF0206925A1C3FD10623636012
:101D2000059B616843F48062002303930AABCDE90D
:101D300001B309AB49EC108B009322600DF1230332
:101D40002846FFF7CDFE069B0999472B804608D110
:101D5000C81C02DB6368994241DDABF1020B5FFAFC
:101D60008BFBBBF1650F20D801395A4604F15000B6
:101D70000991FFF717FF0A9A1318012A8146236178
:101D800002DC2268D20701D5013323619DF823309C
:101D9000002B9CD02D2384F8433098E7069A472ADD
:101DA000BED1002BBCD10123B9E7BBF1660F18D11E
:101DB000002963680BDD216113B92268D00702D5C1
:101DC00001330B442361A1654FF00009DEE713B92D
:101DD0002268D20701D50233F4E70123F2E74FF07E
:101DE000670B0A9B994205DB23682161D807EAD576
:101DF0004B1CE7E70029D4BFC1F1020201221344C2
:101E0000E0E723685A0507D423694246314628464D
:101E1000B84701302CD164E7BBF1650F40F2E08098
:101E2000D4E912010022002301F082FF002834D0FF
:101E3000374A012331462846B84701303FF451AFB5
:101E4000DDE909239A4202DB2368D80710D518EE92
:101E5000103A524631462846B84701303FF441AF68
:101E60004FF0000804F11A090A9B013B434509DCC5
:101E700023689B0700F10581E0680B9B9842B8BF7F
:101E8000184630E701234A4631462846B847013014
:101E90003FF427AF08F10108E6E7099B002B39DC86
:101EA0001B4A012331462846B84701303FF419AF99
:101EB000DDE90923134302D12368D907D8D518EEE9
:101EC000103A524631462846B84701303FF409AF30
:101ED0004FF0000904F11A0A099B5B424B4501DCF3
:101EE0000A9B92E70123524631462846B847013003
:101EF0003FF4F7AE09F10109EEE700BFFFFFEF7F06
:101F00003C410300404103004841030044410300B9
:101F10004C4103000A9AA36D9A42A8BF1A46002AB0
:101F2000914637DC4FF0000B29EAE97904F11A02F7
:101F3000A36D0593A3EB09035B4533DCDDE90923BE
:101F40009A423BDB2368DA0738D40A9A059B099941
:101F5000D31AA2EB01099945A8BF9946B9F1000F20
:101F600035DC4FF0000829EAE97904F11A0ADDE9C5
:101F700009239B1AA3EB090343457FF779AF01239C
:101F8000524631462846B84701303FF4AAAE08F120
:101F90000108ECE71346314642462846B84701306F
:101FA000C0D19EE60123314628460592B84701304C
:101FB0003FF497AE059A0BF1010BB9E718EE103A12
:101FC000524631462846B8470130BED189E6059AC7
:101FD0004B46424431462846B8470130C1D180E6DD
:101FE0000A9A012A01DCDB0738D501234246314633
:101FF0002846B84701303FF474AE18EE103A524606
:1020000031462846B84701303FF46BAED4E912019F
:102010000022002301F08CFED8B90A9B08F10102CE
:10202000013B31462846B84701300ED159E601231D
:10203000524631462846B84701303FF452AE08F1C7
:1020400001080A9B013B4345F1DC4B4604F1500279
:10205000DCE64FF0000804F11A0AF2E701234246D9
:10206000DFE701234A4631462846B84701303FF4AE
:1020700038AE08F10108E3680B995B1A4345F0DCC0
:10208000FAE64FF0000804F11909F4E72DE9F047EA
:10209000164699468A680B69DDF820809342B8BFDE
:1020A0001346336091F8432007460C460AB10133CA
:1020B00033602368990642BF336802333360256872
:1020C00015F0060506D104F1190AE36832689B1A77
:1020D000AB4226DC94F84320131E226818BF01236C
:1020E00092062BD404F1430249463846C0470130DA
:1020F0001ED02368E568326803F00603042B08BF8E
:10210000AD1AA36822690CBF25EAE5750025934244
:10211000C4BF9B1AED1800261A34B5421AD100200C
:1021200008E00123524649463846C047013003D1F2
:102130004FF0FF30BDE8F0870135C6E7E1185A1CC3
:10214000302081F84300224494F8451082F843106F
:102150000233C7E70123224649463846C0470130CB
:10216000E6D00136D9E7000038B5064D0023044615
:1021700008462B6001F04CFE431C02D12B6803B1D2
:10218000236038BDE0850020034613F8012B002AA8
:10219000FBD1181A013870472DE9F74F03690C6914
:1021A000A3420746C0F28180013C01F1140800F10E
:1021B000140505EB8403019358F8243055F82420C6
:1021C00001339A424FEA840B08EB8409B2FBF3F621
:1021D00031D34FF0000E4046AC46F24650F8042B87
:1021E00093B206FB03E34FEA134E9BB2AAEB030341
:1021F000120CDCF800A006FB02E213FA8AF34FEAA5
:10220000124E1FFA82FADCF80020CAEB124202EBEF
:1022100023429BB243EA024381454CF8043B4FEA18
:10222000224ADBD255F80B302BB9019B043B9D426F
:102230001A462ED33C61384601F055F8002824DBBD
:10224000013628464FF0000C58F8042BD0F800E077
:1022500093B2ACEB0303120C13FA8EF3C2EB1E42E3
:1022600002EB23429BB243EA0243C14540F8043BE0
:102270004FEA224CE8D255F8242005EB840322B91A
:10228000043B9D421A460AD33C61304603B0BDE888
:10229000F08F1268043B002ACCD1013CC7E71268DA
:1022A000043B002AF0D1013CEBE70020EEE7000000
:1022B0002DE9F04F2DED028B57EC106B95B0456A70
:1022C000DDF880800591CDE90267044609920F93FD
:1022D0003DB91020FFF704F9C0E9015560620560BF
:1022E000C560636A196851B15A684A600123934016
:1022F0008B60204600F000FE636A00221A603B1EDD
:10230000B9BF23F0004303930023C8F80030DDF881
:102310000C90B74BBCBF0122C8F8002033EA090378
:102320001BD10F9A42F20F731360C9F313033343A7
:1023300000F07585219B63B9AE4B25E0AE4B009351
:102340000833219A1360009815B0BDEC028BBDE8EC
:10235000F08FA84B00930333F3E79DED027B00223F
:1023600051EC170B00238DED0A7B01F0E1FC804658
:1023700060B10F9A01231360219B002B00F04C8564
:102380009E4B219A1360013B0093DCE79DED0A0B05
:1023900012AA13A9204601F038F8C9F30A5582465B
:1023A000002D7ED00B9BCDF84080C3F31303DDE9F5
:1023B0000A6743F07F5747F44017A5F2FF35904B6B
:1023C00000223046394601F093F883A3D3E9002375
:1023D00001F046FA82A3D3E9002301F08BF8064608
:1023E00028460F4601F0D2F97FA3D3E9002301F07C
:1023F00037FA02460B463046394601F07BF806466E
:102400000F4601F0DDFC00228146002330463946AC
:1024100001F098FC48B1484601F0B8F932463B4615
:1024200001F086FC08B909F1FF39B9F1160F56D849
:10243000744B03EBC903D3E90023DDE90A0101F082
:1024400081FC00284DD009F1FF3900230E93129B27
:102450005D1B6B1E049343BF0023C5F10108049369
:102460004FF00008B9F1000F3DDB049BCDF834902C
:102470004B44049300230693059B092B00F29A809A
:10248000052BC4BF043B0593059BA3F10203CCBFFE
:1024900000250125032B00F29980DFE803F02C7D55
:1024A0007B89DDE912531D4405F23243202BC1BF65
:1024B000C3F1400305F2124009FA03F326FA00F0D3
:1024C000DABFC3F1200306FA03F0184301F04EF916
:1024D00001230646A1F1F877013D10936FE7012330
:1024E000B4E70E90B3E7C9F1000306930023A8EB0D
:1024F00009080D93C0E700230893099B002B00F304
:1025000085804FF0010BCDF804B05B46CDF824B0C8
:10251000666A00227260042202F114009842716817
:102520007AD9204600F0B4FC636A30601B680093DF
:10253000019B0E2B00F2F580002D00F0F280B9F126
:10254000000F7DDD2F4A09F00F0302EBC30393ED6B
:10255000007B19F4807F4FEA2917B0EE478AF0EE2E
:10256000678A5DD0284BDDE90A01D3E9082301F031
:10257000A1FACDE9020107F00F070325224E002F33
:1025800050D1DDE9020153EC182B01F093FACDE9AB
:1025900002016FE00123AFE700230893099B09EBD9
:1025A000030B0BF10103012B0193B8BF0123AFE72C
:1025B0000123F2E701250023059308954FF0FF3B27
:1025C0000022CDF804B012230992A1E70123089359
:1025D000F4E700BFAFF3008061436F63A787D23F8A
:1025E000B3C8608B288AC63FFB799F501344D33F02
:1025F0000000F07F574103004E4103004D410300AE
:102600000000F83FE8410300C0410300DDF824B0BA
:10261000CDF804B05B467BE70131716052007BE787
:102620000225ABE7F90708D551EC180BD6E90023D2
:1026300001F016F941EC180B01357F1008369EE7C2
:1026400000F0AB80C9F10006AA4BAB4F06F00F02B9
:1026500003EBC203D3E90023DDE90A0101F000F92D
:10266000CDE90201361100230225002E40F08A80B8
:10267000002B8CD10E9B002B00F09180DDE90267CE
:102680009E4B00223046394601F05CFB002800F0EA
:102690008680019B002B00F08280BBF1000F3CDDA7
:1026A00009F1FF3307930022954B3046394601F07C
:1026B000D7F8CDE902010135CDF830B0DDE9026788
:1026C000284601F063F832463B4601F0C9F88D4BCD
:1026D000002200F00FFFA1F15073CDE90201039336
:1026E0000C9B002B60D1884B00223046394600F00D
:1026F000FFFEDDE9022306460F4601F041FB0028FC
:1027000040F09982DDE90221304601F1004339466B
:1027100001F018FB002840F08B82DDE90A23CDE9A7
:102720000223139B002BC0F25B81B9F10E0F00F363
:102730005781704B03EBC90393ED007B099BB0EE0F
:10274000478AF0EE678A002B80F2E280019B002B23
:1027500000F3DE8040F06C826B4B51EC170B0022D3
:1027600001F07EF8DDE9022301F000FB019E37460F
:10277000002840F04282009D312305F8013B09F119
:1027800001093EE2F20705D5D7E9002301F068F818
:10279000013501237610083767E702256AE7019BB8
:1027A000CDF81C900C9389E700990C980C9A514B2A
:1027B0009DED027B014402910899B0EE478AF0EE4C
:1027C000678A03EBC20353E90223002945D04F492E
:1027D000002001F06FF953EC182B00F089FE009DEA
:1027E00041EC180B3946304601F0EAFA0C9000F043
:1027F000CDFF02460B463046394600F079FE0C9B71
:10280000303305F8013B53EC182B06460F4601F018
:1028100099FA002865D132463B463849002000F03D
:1028200067FE53EC182B01F08DFA002840F0B880B9
:10283000029B9D423FF471AF314B51EC180B0022CB
:1028400001F00EF82E4B41EC180B002230463946B1
:1028500001F006F806460F46C4E751EC170B00F0EE
:10286000FFFF029B009D0C9341EC180B394630464C
:1028700001F0A6FA119000F089FF02460B4630469F
:10288000394600F035FE119B303305F8013B029BC1
:102890009D4206460F464FF0000225D11B4B51ECDE
:1028A000180B00F027FE02460B463046394601F071
:1028B00067FA002874D153EC182B1449002000F05B
:1028C00017FE02460B463046394601F03BFA002817
:1028D0003FF423AF0C9D6B1E0C9315F8013C302B7D
:1028E000F8D0DDF81C9049E0054B00F0B9FF064632
:1028F0000F46BBE7E8410300C04103000000F03F82
:102900000000244000001C40000014400000E03F94
:10291000DDE90267009D53EC182B3046394601F083
:10292000C9F801F04DFA804600F030FF53EC182B47
:1029300000F096FF02460B463046394608F1300655
:1029400000F0D6FD05F8016B009E019FAE1BB7425B
:1029500002460B4637D100F0CDFD53EC182B06464E
:102960000F4601F00DFAC8B953EC182B3046394622
:1029700001F0DEF910B118F0010F0FD120465146D9
:1029800000F0BAFA00232B700F9B09F101001860C8
:10299000219B002B3FF4D7AC1D60D4E4CDF81C90F4
:1029A0002B461D4613F8012D392A08D1009A9A4268
:1029B000F7D1079A00990132079230220A701A78EB
:1029C00001321A708DE79E4B002200F049FF002271
:1029D000002306460F4601F0ABF900289BD0CDE757
:1029E000089A002A00F0C680059A012A00F3AA80FE
:1029F000109A002A00F0A28003F23343069E454657
:102A0000049A01211A4420469844049200F019FBCC
:102A10000746002D0BDD049B002B08DDAB42049A1A
:102A2000A8BF2B46A8EB0308ED1AD31A0493069B04
:102A3000FBB1089B002B00F0A180002E11DD394670
:102A40003246204600F0A2FB524601460746204689
:102A500000F000FB51460790204600F04DFA079B1E
:102A60009A46069B9A1B04D05146204600F08EFBE6
:102A700082460121204600F0E4FA0D9B002B064619
:102A80007EDD1A460146204600F080FB059B012BA7
:102A9000064678DD00230693336906EB8303186945
:102AA00000F07FFAC0F12000049B184410F01F00D2
:102AB00000F08880C0F12003042B40F38180C0F136
:102AC0001C00049B0344804405440493B8F1000FA8
:102AD00005DD51464246204600F0A6FB8246049B97
:102AE000002B05DD31461A46204600F09DFB0646C8
:102AF0000E9B002B68D03146504600F0F4FB0028B6
:102B000062DA002351460A22204600F00CFA089BA4
:102B100009F1FF398246002B00F0888139460023F5
:102B20000A22204600F0FFF9BBF1000F074600F330
:102B30008F80059B022B40F38B804DE0129BC3F1ED
:102B400036035BE7019B5E1E069BB342BFBF069B3D
:102B50000696F21A0D9BB6BF9B189E1B0D93019B08
:102B6000B8BF0026002BB5BFA8EB0305019B0023CF
:102B7000454645E7069E089F45464AE7069A73E79D
:102B8000059B012B18DC029BB3B9039BC3F3130312
:102B9000A3B9039B23F000431B0D1B052BB1049B22
:102BA0000133049308F10108012306930D9B002BC8
:102BB0007FF472AF012077E70023F6E7029BF4E78A
:102BC00084D018461C307CE7019B002B3ADC059B27
:102BD000022B37DDDDF804B0BBF1000F0DD131461B
:102BE0005B460522204600F09EF901460646504607
:102BF00000F079FB00283FF7BEAD099B009D6FEA0E
:102C000003094FF000083146204600F075F9002F07
:102C10003FF4B4AEB8F1000F05D0B84503D041463B
:102C2000204600F069F93946204600F065F9A5E62E
:102C300000263746E1E70C9EDDF81C9037469AE502
:102C400000002440089BDDF804B0002B00F0F58064
:102C5000002D05DD39462A46204600F0E5FA0746F4
:102C6000069B002B55D07968204600F011F93A698F
:102C700002320546920007F10C010C30FEF746FEC9
:102C800001222946204600F0CFFA009B0133019330
:102C9000009B5B440793029B03F00103B846069335
:102CA0000746019B3146504603F1FF3BFFF774FA9C
:102CB00003463033029041465046089300F013FB20
:102CC0003A4604903146204600F029FBC268089B32
:102CD000054602BB0146504600F005FB089B024634
:102CE00029462046CDE9083200F006F9059B099AED
:102CF000019D43EA0201069B0B43089B0DD1392B32
:102D000027D0049A002A01DD029B31338BF8003072
:102D100079E73846B9E70122E2E70499002904DBA4
:102D2000059801430698014320D1002AEEDD514663
:102D300001222046019300F077FA3146824600F0E6
:102D4000D2FA0028019B02DCE0D1DA07DED5392B6C
:102D5000DAD139238BF800302B461D46013B15F89C
:102D6000012C392A50D001321A704CE7002A03DDB9
:102D7000392BEED00133C9E7019A079902F8013CDB
:102D80008A422AD0514600230A22204600F0CBF87E
:102D9000B84582464FF000034FF00A0241462046F4
:102DA00007D100F0C0F880460746019B013301932C
:102DB00077E700F0B8F83946804600230A2220461B
:102DC00000F0B1F80746F0E7BBF1000F009ACCBF66
:102DD0005D46012515444FF000085146012220466A
:102DE000019300F021FA3146824600F07CFA002877
:102DF000B2DC02D1019BDB07AED42B461D4613F893
:102E0000012D302AFAD0FEE6009A9A42A5D131234C
:102E100009F101091370F6E6124BFFF7B5BA219BD1
:102E2000002B7FF48BAA104BFFF7AEBABBF1000F5B
:102E300003DC059B022B3FF7CFAE009D3146504689
:102E4000FFF7AAF900F1300305F8013B009AAA1A2E
:102E50009345B9DD514600230A22204600F063F86D
:102E60008246EBE74C4103004E41030000487047A7
:102E70007C620020704770470148FFF7FBBF00BF2E
:102E8000D88500200148FFF7F6BF00BFD885002095
:102E900070B5466A04460D463EB91020FEF720FB89
:102EA000C0E9016660620660C660666AF36883B165
:102EB000636ADB6853F82500B8B9012101FA05F609
:102EC000721D92002046FEF751FD60B1C0E9015627
:102ED0000EE0212204212046FEF748FD636AF060DF
:102EE000DB68002BE4D1002070BD026843F8252088
:102EF0000023C0E90333F7E770B5466A05460C4680
:102F00003EB91020FEF7ECFAC0E90166686206607F
:102F1000C6603CB16B6A6268DB6853F822102160BE
:102F200043F8224070BD2DE9F0410E6907469846EE
:102F30000C4601F1140000230568A9B202FB0181CF
:102F40004FEA114C2D0C02FB05C589B2013301EB90
:102F500005419E4240F8041B4FEA1548ECDCB8F1ED
:102F6000000F1BD0A368B34212DC61683846013100
:102F7000FFF78EFF2269023204F10C010546920030
:102F80000C30FEF7C3FC21463846FFF7B5FF2C4650
:102F900004EB86030136C3F8148026612046BDE8A1
:102FA000F081030C1B04D3B90004102310F07F4FF1
:102FB00004BF0002083310F0704F04BF0001043357
:102FC00010F0404F04BF80000233002805DB10F0F2
:102FD000804F03F1010308BF2023184670470023E8
:102FE000E4E7036813F0070201460BD0DA0724D4A4
:102FF000980749BF5B089B0801200B605CBF0B6012
:103000000220704798B2B0B91B0C102013F0FF0FCC
:1030100004BF1B0A08301A0704BF1B0904309A07B3
:1030200004BF9B080230DA0703D45B0800F10100FB
:1030300005D00B6070471046E8E70020704720205D
:10304000704710B50C460121FFF722FF01224461B1
:10305000026110BD2DE9F04F15460A692B699A42AD
:10306000B8BF0B460C46BCBF2C461D462769D5F899
:103070001090A368616807EB0906B342B8BF01313D
:1030800085B0FFF705FF00F1140101EB86080B4640
:10309000002243451DD304F1140305F1140203EB90
:1030A000870702EB890302933B1B153B23F00303C5
:1030B000043304F11505AF4238BF04230193029B8A
:1030C0000392934208D8002E5ADC066105B0BDE891
:1030D000F08F43F8042BDCE7B2F800A0BAF1000F40
:1030E00024D004F1140E89464FF0000C5EF8045B06
:1030F000D9F800B0ABB21FFA8BFB0AFB03B34FEA5F
:10310000154BD9F8005063444FEA154C0AFB0BC528
:1031100005EB13459BB243EA0543774549F8043B69
:103120004FEA154CE2D8019B41F803C0039BB3F86A
:1031300002900432B9F1000F20D00B6804F1140C96
:103140008E464FF0000ABCF80050BEF802B009FBF2
:1031500005B5AA449BB243EA0A434EF8043B5CF827
:10316000043BBEF800501B0C09FB035303EB1A434E
:1031700067454FEA134AE6D8019D4B5104319EE75B
:1031800058F8043D002BA0D1013E9CE72DE9F843FF
:10319000154612F0030206460F4607D0214C013AAD
:1031A000002354F82220FFF7BEFE0746AD1035D0AD
:1031B000746A3CB91020FEF793F9C0E901447062CB
:1031C0000460C460D6F82480D8F808404CB940F2B6
:1031D00071213046FFF735FF0023C8F80800044688
:1031E00003604FF00009EB070AD539462246304606
:1031F000FFF730FF394680463046FFF77DFE4746F1
:103200006D100BD0206838B9224621463046FFF7B2
:1032100021FF2060C0F800900446E4E73846BDE88E
:10322000F88300BFB04203002DE9F0470C4649681F
:10323000236903EB6218A368074691464FEA621AB6
:1032400008F10106B3423FDB3846FFF721FE0023B9
:10325000054600F1140100F110021846534536DB13
:1032600020692AEAEA7A04F1140319F01F0901EB34
:103270008A0103EB800C2ED0C9F1200E8A46002271
:10328000186800FA09F002434AF8042B53F8042B9B
:103290009C4522FA0EF2F3D8ACEB0403153B23F065
:1032A0000303043304F11500604588BF0423CA50AA
:1032B0000AB108F10206013E38462E612146FFF7A9
:1032C0001BFE2846BDE8F08701315B00BAE742F8F3
:1032D000040F0133C2E7043953F8042B41F8042FDB
:1032E0009C45F9D8E7E730B502690C69121B0ED18D
:1032F00000F11403143103EB840001EB840150F856
:10330000045D51F8044DA54203D005D301221046B7
:1033100030BD8342F3D3FAE74FF0FF32F7E72DE9F0
:10332000F84F0C460646114620461746FFF7DBFFCE
:10333000051E08D129463046FFF7AAFD0123C0E942
:103340000435BDE8F88FA4BF3B4627463046796870
:10335000A6BF1C4600250125FFF79AFD3E69C56002
:10336000256907F1140104F1140900F1140E07F1A5
:10337000100201EB860C09EB8505F246002759F88F
:10338000043B52F804BF1FFA83F817FA8BF71B0CA3
:10339000A7EB0808C3EB1B4303EB28431FFA88F88D
:1033A0001F144D4548EA03434AF8043BE7D82B1B5A
:1033B000153B23F0030304331534A54238BF04231F
:1033C000194473449E460D4665450ED30CF1030225
:1033D000521A22F0030203398C4538BF00221A44E6
:1033E00052F8043D7BB10661ABE755F8048B17FA40
:1033F00088F4221402EB1842A4B244EA02444EF8C4
:10340000044B1714E0E7013EEAE72DE9F74389464C
:10341000012157EC106B9046FFF73AFDC7F30A55B0
:103420000446C7F3130335BB002E019328D068462A
:103430000096FFF7D6FD009900B3019AC0F1200372
:1034400002FA03F30B43C24063610192019BA36143
:10345000002B14BF022201222261D5B1A5F233450F
:103460000544C9F80050C0F13500C8F800002046F6
:1034700003B0BDE8F08343F48013D5E76161E5E76D
:1034800001A8FFF7AEFD019B63610122226120309C
:10349000E3E704EB8203A0F23240C9F800001869A8
:1034A000FFF77FFDC0EB4210DFE782B001B901A951
:1034B00042B14BB113780B601278101E18BF012077
:1034C00002B070471046FBE76FF00100F8E749B122
:1034D000FF2A85BF8A2303600A704FF0FF3098BF30
:1034E000012070470846704781F0004102E000BFAC
:1034F00083F0004330B54FEA41044FEA430594EAB4
:10350000050F08BF90EA020F1FBF54EA000C55EAEE
:10351000020C7FEA645C7FEA655C00F0E2804FEABF
:103520005454D4EB5555B8BF6D420CDD2C4480EAA1
:10353000020281EA030382EA000083EA010180EAD1
:10354000020281EA0303362D88BF30BD11F0004F1F
:103550004FEA01314FF4801C4CEA113102D0404255
:1035600061EB410113F0004F4FEA03334CEA133390
:1035700002D0524263EB430394EA050F00F0A780A8
:10358000A4F10104D5F1200E0DDB02FA0EFC22FAA3
:1035900005F2801841F1000103FA0EF2801843FA97
:1035A00005F359410EE0A5F120050EF1200E012A88
:1035B00003FA0EFC28BF4CF0020C43FA05F3C018C6
:1035C00051EBE37101F0004507D54FF0000EDCF13F
:1035D000000C7EEB00006EEB0101B1F5801F1BD3E8
:1035E000B1F5001F0CD349085FEA30004FEA3C0CEC
:1035F00004F101044FEA445212F5800F80F09A80E2
:10360000BCF1004F08BF5FEA500C50F1000041EBE5
:10361000045141EA050130BD5FEA4C0C404141EBE9
:103620000101013C28BFB1F5801FE9D291F0000FE4
:1036300004BF01460020B1FA81F308BF2033A3F193
:103640000B03B3F120020CDA0C3208DD02F1140C8A
:10365000C2F10C0201FA0CF021FA02F10CE002F1C5
:103660001402D8BFC2F1200C01FA02F120FA0CFCBE
:10367000DCBF41EA0C019040E41AA2BF01EB045107
:10368000294330BD6FEA04041F3C1CDA0C340EDC05
:1036900004F11404C4F1200220FA04F001FA02F348
:1036A00040EA030021FA04F345EA030130BDC4F106
:1036B0000C04C4F1200220FA02F001FA04F340EAFB
:1036C0000300294630BD21FA04F0294630BD94F0AC
:1036D000000F83F4801306BF81F480110134013D93
:1036E0004EE77FEA645C18BF7FEA655C29D094EA04
:1036F000050F08BF90EA020F05D054EA000C04BF82
:103700001946104630BD91EA030F1EBF002100206C
:1037100030BD5FEA545C05D14000494128BF41F00B
:10372000004130BD14F580043CBF01F5801130BD6F
:1037300001F0004545F0FE4141F470014FF00000FA
:1037400030BD7FEA645C1ABF194610467FEA655CAB
:103750001CBF0B46024650EA013406BF52EA03354D
:1037600091EA030F41F4002130BD00BF90F0000F3B
:1037700004BF0021704730B54FF4806404F1320477
:103780004FF000054FF0000150E700BF90F0000F30
:1037900004BF0021704730B54FF4806404F1320457
:1037A00010F0004548BF40424FF000013EE700BF27
:1037B00042004FEAE2014FEA31014FEA02701FBFB7
:1037C00012F07F4393F07F4F81F06051704732F0E9
:1037D0007F4208BF704793F07F4F04BF41F4002140
:1037E000704730B54FF4607401F0004521F000419E
:1037F0001CE700BF50EA010208BF704730B54FF028
:1038000000050AE050EA010208BF704730B511F028
:10381000004502D5404261EB41014FF4806404F160
:1038200032045FEA915C3FF4D8AE4FF003025FEAE6
:10383000DC0C18BF03325FEADC0C18BF033202EB6A
:10384000DC02C2F1200300FA03FC20FA02F001FAC4
:1038500003FE40EA0E0021FA02F11444BDE600BF67
:1038600070B54FF0FF0C4CF4E06C1CEA11541DBF16
:103870001CEA135594EA0C0F95EA0C0F00F0DEF8E1
:103880002C4481EA030621EA4C5123EA4C5350EAC6
:10389000013518BF52EA033541F4801143F4801317
:1038A00038D0A0FB02CE4FF00005E1FB02E506F0A8
:1038B0000042E0FB03E54FF00006E1FB03569CF0FD
:1038C000000F18BF4EF0010EA4F1FF04B6F5007F03
:1038D00064F5407404D25FEA4E0E6D4146EB060675
:1038E00042EAC62141EA55514FEAC52040EA5E50FE
:1038F0004FEACE2EB4F1FD0C88BFBCF5E06F1ED8A8
:10390000BEF1004F08BF5FEA500E50F1000041EBDE
:10391000045170BD06F0004646EA010140EA02008B
:1039200081EA0301B4EB5C04C2BFD4EB0C0541EAAD
:10393000045170BD41F480114FF0000E013C00F3C2
:10394000AB8014F1360FDEBF002001F0004170BDE6
:10395000C4F10004203C35DA0C341BDC04F11404FF
:10396000C4F1200500FA05F320FA04F001FA05F28B
:1039700040EA020001F0004221F0004110EBD37058
:1039800021FA04F642EB06015EEA430E08BF20EA84
:10399000D37070BDC4F10C04C4F1200500FA04F327
:1039A00020FA05F001FA04F240EA020001F00041B9
:1039B00010EBD37041F100015EEA430E08BF20EA2C
:1039C000D37070BDC4F1200500FA05F24EEA020E74
:1039D00020FA04F301FA05F243EA020321FA04F0A3
:1039E00001F0004121FA04F220EA020000EBD3705A
:1039F0005EEA430E08BF20EAD37070BD94F0000F5A
:103A00000FD101F00046400041EB010111F4801F8D
:103A100008BF013CF7D041EA060195F0000F18BF3E
:103A2000704703F00046520043EB030313F4801F7A
:103A300008BF013DF7D043EA0603704794EA0C0F34
:103A40000CEA135518BF95EA0C0F0CD050EA41064A
:103A500018BF52EA4306D1D181EA030101F00041C7
:103A60004FF0000070BD50EA410606BF10461946EF
:103A700052EA430619D094EA0C0F02D150EA0136FB
:103A800013D195EA0C0F05D152EA03361CBF10463C
:103A900019460AD181EA030101F0004141F0FE41DB
:103AA00041F470014FF0000070BD41F0FE4141F45F
:103AB000780170BD70B54FF0FF0C4CF4E06C1CEA5F
:103AC00011541DBF1CEA135594EA0C0F95EA0C0F14
:103AD00000F0A7F8A4EB050481EA030E52EA0335CF
:103AE0004FEA013100F088804FEA03334FF08055F0
:103AF00045EA131343EA12634FEA022245EA11151D
:103B000045EA10654FEA00260EF000419D4208BFCD
:103B1000964244F1FD0404F5407402D25B084FEA7A
:103B20003202B61A65EB03055B084FEA32024FF426
:103B300080104FF4002CB6EB020E75EB030E22BF83
:103B4000B61A754640EA0C005B084FEA3202B6EB43
:103B5000020E75EB030E22BFB61A754640EA5C00F2
:103B60005B084FEA3202B6EB020E75EB030E22BF82
:103B7000B61A754640EA9C005B084FEA3202B6EB83
:103B8000020E75EB030E22BFB61A754640EADC0042
:103B900055EA060E18D04FEA051545EA16754FEAA4
:103BA00006164FEAC30343EA52734FEAC2025FEAC2
:103BB0001C1CC0D111F4801F0BD141EA00014FF051
:103BC00000004FF0004CB6E711F4801F04BF014322
:103BD0000020B4F1FD0C88BFBCF5E06F3FF6AFAE3E
:103BE000B5EB030C04BFB6EB020C5FEA500C50F1CE
:103BF000000041EB045170BD0EF0004E4EEA113151
:103C000014EB5C04C2BFD4EB0C0541EA045170BD57
:103C100041F480114FF0000E013C90E645EA060E9B
:103C20008DE60CEA135594EA0C0F08BF95EA0C0FC9
:103C30003FF43BAF94EA0C0F0AD150EA01347FF411
:103C400034AF95EA0C0F7FF425AF104619462CE7E8
:103C500095EA0C0F06D152EA03353FF4FDAE10464B
:103C6000194622E750EA410618BF52EA43067FF49C
:103C7000C5AE50EA41047FF40DAF52EA43057FF42C
:103C8000EBAE12E74FF0FF3C06E000BF4FF0010C37
:103C900002E000BF4FF0010C4DF804CD4FEA410C9B
:103CA0007FEA6C5C4FEA430C18BF7FEA6C5C1BD068
:103CB00001B050EA410C0CBF52EA430C91EA030FE9
:103CC00002BF90EA020F0020704710F1000F91EA46
:103CD000030F58BF994208BF90422CBFD8176FEA14
:103CE000E37040F0010070474FEA410C7FEA6C5CE2
:103CF00002D150EA013C07D14FEA430C7FEA6C5CE9
:103D0000D6D152EA033CD3D05DF8040B704700BF14
:103D10008446104662468C461946634600E000BF62
:103D200001B5FFF7B7FF002848BF10F1000F01BD34
:103D30004DF808EDFFF7F4FF0CBF012000205DF8FF
:103D400008FB00BF4DF808EDFFF7EAFF34BF012084
:103D500000205DF808FB00BF4DF808EDFFF7E0FF1D
:103D600094BF012000205DF808FB00BF4DF808ED6E
:103D7000FFF7CEFF94BF012000205DF808FB00BFD5
:103D80004DF808EDFFF7C4FF34BF012000205DF8B7
:103D900008FB00BF4FEA410C7FEA6C5C02D150EA9D
:103DA000013C0AD14FEA430C7FEA6C5C02D152EA33
:103DB000033C02D14FF0000070474FF00100704704
:103DC0004FEA410212F5001215D211D56FF4787343
:103DD000B3EB625212D94FEAC12343F0004343EAE6
:103DE000505311F0004F23FA02F018BF40427047C1
:103DF0004FF00000704750EA013005D111F000404B
:103E000008BF6FF0004070474FF00000704700BFE0
:103E1000044A05491368002B08BF0B46184410607C
:103E20001846704758830020E4850020FEE700BF55
:103E3000F8B500BFF8BC08BC9E467047F8B500BF97
:103E4000F8BC08BC9E4670472D2D2D204D61737423
:103E50006572204875622028466978656420506143
:103E6000796C6F616420426561636F6E29202D2D2E
:103E70002D0000000A5B5155495A4D41535445529B
:103E80005D20526F756E6420526573657421204207
:103E90006F61726420636C65617265642E0000005E
:103EA0000A5B414354494F4E5D2053797374656DED
:103EB000204C4F434B45442062792042757A7A6505
:103EC0007220000044454352595054204641494C09
:103ED00000000000000000000000000000000000E2
:103EE0000338FDD87047000054696E79555342205D
:103EF00053657269616C0000000000000000000062
:103F000039880200AD8602009D86020019860200F3
:103F1000658602003986020091860200F58602005D
:103F2000F0FFFFFF00000000A588020047656E65F6
:103F30007269630053757065724D696E69206E52C7
:103F4000463532383430000030313233343536378C
:103F50003839414243444546000000001201000246
:103F60000000004009128552000101020301000017
:103F700009020900000100A03200000041646166EE
:103F800072756974000000004D6173732053746F83
:103F90007261676500000000312E30007573626445
:103FA00000000000050F3900021810050038B6089F
:103FB00034A909A0478BFDA0768815B665000101DC
:103FC000011C100500DF60DDD88945C74C9CD26517
:103FD0009D9E648A9F00000306B200020001030058
:103FE0005F757362645F71646566000000000000C5
:103FF000959302002994020055940200A1940200B6
:1040000061950200259602000000000000000000FB
:104010001DA00200000000002DA002003DA0020033
:10402000D1A0020005A20200000000000000000074
:10403000859702009597020099970200A9970200C0
:1040400091980200B59A02000000000000000000F4
:1040500069B0020085B0020089B00200A5B002007C
:1040600005B20200BDB9020000000000000000001F
:10407000CD9B0200419C02006D9C0200959C0200B9
:10408000C59D0200C99D0200000000000000000064
:10409000D1A9020045AA020071AA020091AA020059
:1040A000C190020061AB02000000000000010101AC
:1040B00006000000080000001100000014000000CD
:1040C0001600000018000000200000000B00000097
:1040D0002400000026000000090000000A00000083
:1040E0002B0000002D0000002F0000000200000047
:1040F0001D0000001F000000210000002200000041
:10410000270000000D0000000F0000000D0A000055
:10411000546D725100000000546D7220537663009C
:104120006C6F6F70000000000100000043616C6C58
:104130006261636B000000002C610020494E460064
:10414000696E66004E414E006E616E003000496E31
:1041500066696E697479004E614E000000000000CF
:10416000000000000000000000000000000000004F
:10417000000000000000000000000000000000003F
:10418000000000000000000000000000000000002F
:10419000000000000000000000000000000000001F
:1041A000000000000000000000000000000000000F
:1041B00000000000000000000000000000000000FF
:1041C0000080E03779C34143176E05B5B5B8934613
:1041D000F5F93FE9034F384D321D30F94877825ADF
:1041E0003CBF737FDD4F1575000000000000F03FFD
:1041F00000000000000024400000000000005940C2
:104200000000000000408F40000000000088C34014
:1042100000000000006AF8400000000080842E4189
:1042200000000000D01263410000000084D79741D5
:104230000000000065CDCD41000000205FA00242DB
:10424000000000E876483742000000A2941A6D4250
:10425000000040E59C30A2420000901EC4BCD64243
:1042600000003426F56B0C430080E03779C34143EE
:1042700000A0D8855734764300C84E676DC1AB4364
:10428000003D9160E458E143408CB5781DAF154482
:1042900050EFE2D6E41A4B4492D54D06CFF080445D
:1042A000F64AE1C7022DB544B49DD9794378EA4472
:1042B00005000000190000007D0000004300504F81
:1042C000534958002E0000202020202020202020AC
:1042D00028282828282020202020202020202020B6
:1042E00020202020202020881010101010101010E6
:1042F000101010101010100404040404040404042A
:1043000004101010101010104141414141410101B1
:10431000010101010101010101010101010101018D
:10432000010110101010101042424242424202029B
:10433000020202020202020202020202020202025D
:104340000202101010102000000000000000000009
:10435000000000000000000000000000000000005D
:10436000000000000000000000000000000000004D
:10437000000000000000000000000000000000003D
:10438000000000000000000000000000000000002D
:10439000000000000000000000000000000000001D
:1043A000000000000000000000000000000000000D
:1043B00000000000000000000000000000000000FD
:0C43C000000000000000000000000000F1
:0843CC00842EFF7F01000000B8
:1043D4004245434E3100000048554230310001004F
:1043E4000A00000000000306B200080001000000FB
:1043F400A800080002000000A000140003005749B0
:104404004E555342000000000000000000008400EC
:10441400040007002A004400650076006900630078
:10442400650049006E00740065007200660061005A
:104434006300650047005500490044007300000014
:1044440050007B003900370035004600340034004A
:10445400440039002D0030004400300038002D00A5
:1044640034003300460044002D003800420033007D
:1044740045002D0031003200370043004100380070
:104484004100460046004600390044007D0000001B
:104494000000000010000C0084760020E03F0300C0
:1044A4000000000000000000000000000000000008
:1044B40000000000000000000000000000000000F8
:1044C40000000000000000000000000000000000E8
:1044D40000000000000000000000000000000000D8
:1044E40000000000000000000000000000000000C8
:1044F400FF0000000090D0032C61002000000000A9
:104504007C4103009C4103005C4103000000000067
:104514000000000000000000000000000000000097
:104524000000000000000000000000000000000087
:104534000000000000000000000000000000000077
:104544000000000000000000000000000000000067
:104554000000000000000000000000004300000014
:104564000000000000000000000000000000000047
:1045740000000000000000000000000043000000F4
:104584000000000000000000000000000000000027
:1045940000000000000000000000000043000000D4
:1045A4000000000000000000000000000000000007
:1045B40000000000000000000000000043000000B4
:1045C40000000000000000000000000000000000E7
:1045D4000000000000000000000000004300000094
:1045E40000000000000000000000000000000000C7
:1045F4000000000000000000000000004300000074
:1046040000000000000000000000000000000000A6
:104614000000000000000000000000004300000053
:104624000000000000000000000000000000000086
:10463400000000000000000000000000CF34030070
:10464400AB34030000000000C6420300C442030070
:10465400C5420300C5420300C5420300C54203002E
:10466400C5420300C5420300C5420300C54203001E
:10467400C5420300FFFFFFFFFFFFFFFFFFFFFFFF38
:10468400FFFF0000010041534349490000000000BE
:104694000000000000000000000000000000000016
:1046A400000000000000415343494900000000009D
:1046B40000000000000000000000000000000000F6
:1046C40000000000000000000172020035720200C8
:1046D40045740200498A0200B9E302001172020023
:04000003300009C1FF
:00000001FF
