:020000022000DC
:107000000000042029010300690103006B01030053
:107010006D0103006F010300710103000000000017
:10702000000000000000000000000000A5000300B8
:107030007501030000000000C50003007901030092
:10704000B50203007B0103007B0103007B01030009
:107050007B0103007B010300ADDD02007B01030027
:107060007B0103007B0103007B0103007B01030024
:107070007B0103007B0103007B0103007B01030014
:107080007B010300F5FD02007B0103007B0103008F
:107090007B0103007B0103007B0103007B010300F4
:1070A0007B0103007B0103007B0103007B010300E4
:1070B0007B0103007B0103000000000000000000D2
:1070C0007B0103007B0103007B010300A10303009C
:1070D0007B0103007B0103007B0103002189020087
:1070E0007B0103007B0103007B0103000000000023
:1070F000000000007B0103000000000019040300F1
:10710000000000000000000000000000000000007F
:10711000000000000000000000000000000000006F
:10712000000000000000000000000000000000005F
:10713000000000000000000000000000000000004F
:10714000000000000000000000000000000000003F
:10715000000000000000000000000000000000002F
:10716000000000000000000000000000000000001F
:10717000000000000000000000000000000000000F
:1071800000000000000000000000000000000000FF
:1071900000000000000000000000000000000000EF
:1071A00000000000000000000000000000000000DF
:1071B00000000000000000000000000000000000CF
:1071C00000000000000000000000000000000000BF
:1071D00000000000000000000000000000000000AF
:1071E000000000000000000000000000000000009F
:1071F000000000000000000000000000000000008F
:10720000F1EE103A43F08073E1EE103A704700BFA0
:1072100010B5054C237833B9044B13B10448AFF3D0
:1072200000800123237010BD0C63002000000000CB
:10723000C83A030008B5034B1BB103490348AFF339
:10724000008008BD0000000010630020C83A030061
:10725000154B002B08BF134B9D46A3F5803A002128
:107260008B460F461348144A121A09F009FF0F4BB8
:10727000002B00D098470E4B002B00D098470020E1
:10728000002104000D000D48002802D00C48AFF387
:10729000008009F099FE2000290008F09DFF09F008
:1072A0007FFE00BF00000800000004200000000076
:1072B000000000000C630020D485002000000000C6
:1072C0000000000008B517484FF4E13100F0E2FF7C
:1072D000154800F0CFF820B91449124806F016FD01
:1072E000FEE711480122002100F0B8FD00220E48FF
:1072F000072100F017FD0C48002100F01BFD0A4893
:10730000012100F03BFD0A49074800F059FD012228
:107310000548114600F0A8FCBDE8084005490148B1
:1073200006F0F4BCC069002028630020703503001B
:10733000046000209835030000B50949094883B06E
:1073400006F0E4FC0122084900920023074800F0FF
:1073500035F94FF47A7003B05DF804EB06F074BDB4
:10736000B8350300C06900200060002028630020B9
:10737000014800F047B800BF286300201E4B0021E1
:10738000012270B5C3F810111A61054606F050FDD0
:107390001A4E044604E006F04BFD031BFA2B10D8EE
:1073A0003368002BF7D0144B06210022C3F81021BC
:1073B000C3F80012D3F85015082903D9002385F823
:1073C000253470BD0121C3F85421196006F030FD49
:1073D0000B4E044604E006F02BFD031BFA2BF0D8FD
:1073E0003368002BF7D0044B0022C3F8542100234C
:1073F00085F82534E5E700BF00100040101100407B
:1074000054110040F0B41A4940F2055520224FF4BF
:1074100016747326A0F81A5280F82624A0F8444463
:107420000022A0F8066100F2474500F5847400F5DB
:10743000CD6680F8282480F82324A0F8242480F83E
:10744000432480F846240027C1F80C55C1F81045A4
:1074500000F5AA65C1F8086500F5CF6443F2390666
:10746000C1F81455C4E90067F0BC80F811227047D8
:1074700000F000404FF080430021012270B5C3F8B6
:1074800000111A60044606F0D3FC454E054604E0A0
:1074900006F0CEFC431BFA2B7FD83368002BF7D0C5
:1074A0004FF0804300210122C3F804119A6006F0D6
:1074B000BFFC3C4E054604E006F0BAFC431BFA2B29
:1074C0006BD83368002BF7D0374B384A384E394DDC
:1074D0000120C3F8FC0FC3F8142594F8262442EACF
:1074E000022242F08272C3F818254FF0E732C3F847
:1074F0001C2500214FF04332C3F82025C3F8246532
:10750000C3F82855C3F83005C3F82C15D3F81C254B
:10751000C4F83424D3F82425C4F83824D3F81C251F
:10752000C4F82C24D3F82425C4F830240222C3F84C
:107530003425214D4FF6FF72C3F83C25C3F838556A
:1075400040F201220825C3F80445C3F81015C3F81A
:107550005026C3F80C554C224FF00135C3F80825CE
:10756000C4F8125294F8126284F82314320442EAE6
:107570000622C4F81652C3F81425D3F81825120CA5
:107580001204C3F8182594F82624D3F8181542EAF3
:1075900002220A43C3F8182570BD002070BD00BF49
:1075A0000001004004010040001000400001010003
:1075B000E743C323A363E313211001002DE9F04F38
:1075C0002DED028B044689B090F8230494F82754DB
:1075D0009DF85060059508EE101A079602920493E4
:1075E000002800F051822A46C14B0132D2B2A3FBDF
:1075F0000213D11A03EB51039B08C3EBC303D31A45
:107600005B00DBB2059394F8113284F827241BB198
:10761000079A002A40F0C881002200920692009A40
:10762000DFF8E892B34DDFF8E88284F843240028BD
:1076300040F05281059A60702270002B00F0918119
:10764000079B002B00F08D8194F81232002B40F044
:107650004B81224608200523B4F8786694F87A1600
:10766000E652234420449970D4F88136136094F88C
:1076700085361371029B04F20B11A3F1080209F085
:10768000D7FC9D4B00210122C3F80C119A6006F033
:10769000CFFB064605E006F0CBFB801BFA2800F284
:1076A0004681D9F80030002BF5D0934B0022C3F867
:1076B0000C21049A002A40F0EA81D3F82C252244B8
:1076C00092F812220392002A00F0E181D3F83025CB
:1076D000D3F82C05019294F8231401228240C3F8B8
:1076E0003025E9B994F81212049884F823040A04A6
:1076F00042EA012294F82614069184F82604C3F87D
:107700001425D3F81825120C1204C3F8182594F880
:107710002624D3F8181542EA02220A43C3F8182592
:10772000754B00210122C3F810111A6106F080FB8D
:10773000064604E006F07CFB801BFA2820D82B6864
:10774000002BF7D06C4B00220121C3F81021C3F8A5
:107750000022C3F85821C3F83021596006F068FBB5
:10776000064604E006F064FB801BFA2808D8634B49
:107770001B68002BF6D0604A0123936084F82534FF
:1077800094F82334B4F84464002B40F0D8805A4B6A
:10779000D3F81025002A00F0ED80D3F81035022B25
:1077A00000F0E880873ED8F80C30DF0126EAE67664
:1077B00040F1B080524B1A68D00740F1AB805F684F
:1077C000BF09DFF834B1DFF840A107E01368DB0739
:1077D0000FD553689B09DB1BB34214D8DBF830315B
:1077E000474A83B9DBF834316BB9D8F80C30D9018A
:1077F000ECD407F08DFCA0FB0A01830A43EA815315
:10780000DB1BB342EAD93C4BD3F83021002A40F0CD
:107810005481D3F8341109B1C3F8342194F81B0210
:1078200010EBC01004D0374BC00143F00103984760
:10783000314B00210122C3F810111A6106F0F8FA49
:10784000064604E006F0F4FA801BFA2811D82B68EB
:10785000002BF7D0284B06210022C3F81021C3F8D3
:107860000012D3F85015082940F28780002384F8CD
:10787000253494F8230400286AD194F81212069A49
:1078800084F826241C4B84F823040A0442EA0122CB
:10789000C3F81425D3F81825120C1204C3F81825C0
:1078A00094F82624D3F8181542EA02220A43C3F8B2
:1078B0001825019AC3F83025009A94F81A3201323B
:1078C00093420092C0F2EF80009A94F8113284F84B
:1078D000432400283FF4AEAE059A6270029A2270EB
:1078E000002B37D0079BABB3A21C0A200723B3E6BB
:1078F000254992241011004000100040581100400A
:10790000001000E0E035030040420F000C11004081
:10791000F0ED00E007F0FCFBC74BA0FB0301870A7A
:1079200047EA81574DE7C549C54806F0EFF90023FE
:107930001846039309B0BDEC028BBDE8F08F94F8B4
:107940002434A3B194F82634202B10D8C8362AE763
:10795000BC4BAEE7A01C029A18EE101A09F068FBA7
:107960008FE694F81232002BF4D12046F3E706F2AA
:10797000EE2618E7A6F5967615E70121C3F85421FF
:10798000196006F055FA064605E006F051FA801B2C
:10799000FA283FF66EAFAC4B1B68002BF5D0A94B15
:1079A0000022C3F8542161E7029B002B79D0A74E37
:1079B000DFF8B08204F2816704F2866A4FF00009B2
:1079C00006F036FA054604E006F032FA401B642859
:1079D000ADD83368002BF7D0C8F80091D8F8083537
:1079E00007F8013B5745EBD1994DD4F89026C4F8E0
:1079F00078269848029AC4F87C9618EE101AC5F8B2
:107A0000040584F8482404F24A4084F8479484F832
:107A1000499409F00DFB40F20912002104F584702D
:107A200009F02EFB0123C5F80091C5F804912B60E5
:107A300006F0FEF9884E054605E006F0F9F9401B10
:107A4000FA283FF674AF3368002BF6D0804BD3F89A
:107A50000821002A7FF46BAF94F80931002B3FF422
:107A600066AFD4F8903602987C4901330C30C0B22E
:107A70008B42C4F89036029094F8113294F82304A3
:107A800088BFC4F89026C7E56A1CD2B2BBE50123C3
:107A9000184684F82934039309B0BDEC028BBDE885
:107AA000F08F1346B8E50023184684F82934039371
:107AB00009B0BDEC028BBDE8F08F94F82434002BA4
:107AC00079D02578002D76D094F81132002B00F073
:107AD000AB80079B04F21D26002B00F09E80A5F1D1
:107AE0000802304622EAE27204F10A0109F0A0FA23
:107AF000A71C3B68C4F881363B7984F88536234659
:107B0000DFF84C8133F8072F55499B7884F87A3693
:107B10000027A4F8782604F24A402A46C8F804153B
:107B2000314609F085FA394684F8485484F8477498
:107B300084F8497440F2091204F5847009F0A0FA3F
:107B40000123C8F80071C8F80471C8F8003006F0C5
:107B50006FF9414F054605E006F06AF9401BFA2827
:107B60003FF6E1AE3B68002BF6D0394BD3F8082145
:107B7000002A7FF4D8AED3F80034002B3FF4D3AE04
:107B800094F80931002B3FF4CEAE25780B2D02D9A5
:107B90000C3DEDB2257030462A4604F20B1109F077
:107BA00047FA284B84F81C52D3F8083484F83D3443
:107BB000012384F83C34234D0023C5F8303120469E
:107BC000FFF7DCFB94F82334D3B994F81212069A29
:107BD00084F826240A0442EA012284F82334C5F8F2
:107BE0001425D5F818351B0C1B04C5F8183594F866
:107BF0002634D5F8182543EA03231343C5F818356E
:107C0000104A01990398C2F83015012384F82934E9
:107C100009B0BDEC028BBDE8F08FA71C3046394699
:107C20002A4609F005FA64E72A46A11C04F21D2041
:107C300009F0FEF9B5E700BF40420F00D035030060
:107C4000C0690020001000405411004000D10040E5
:107C500000F000400000010104F10040400D03006D
:107C60000100010100D000402B4B2DE9F041002420
:107C7000C3F8104101241C610E460446904606F0EC
:107C8000D7F8264F054604E006F0D2F8401BFA2844
:107C900029D83B68002BF7D01F4B0022C3F81021D6
:107CA000B8F1000F07D0D4F83424C3F81C25D4F859
:107CB0003824C3F824255EB1174BB4F80611002010
:107CC0004FF40072C3F82C05C3F84415C3F85026CE
:107CD000114B0622C3F80022D3F85025082A04D9F4
:107CE000002384F82534BDE8F08100210122C3F887
:107CF00054111A6006F09CF8094E054604E006F09F
:107D000097F8431BFA2BEED83368002BF7D0024BC1
:107D10000022C3F85421E3E7001000401011004096
:107D200054110040024B41EA0222C3F80825704773
:107D30000010004010B50446082200F2122009F09D
:107D40009FF994F82334B3B994F812120A4A0B0439
:107D500043EA0123C2F81435D2F818351B0C1B0472
:107D6000C2F8183594F82634D2F8181543EA0323DC
:107D70000B43C2F8183510BD0010004010B490F845
:107D800012420E4A80F82614230443EA04230024F6
:107D900080F82344C2F81435D2F818355DF8044B46
:107DA0001B0C1B04C2F8183590F82634D2F81815AD
:107DB00043EA03230B43C2F8183570470010004014
:107DC00030B4D1F801300D68234C19091B0103F0C0
:107DD000F03301F00F3119438B08890001F0CC31E9
:107DE00003F033330B4359085B0001F055312A0986
:107DF00003F0AA332D010B4305F0F03502F00F32EA
:107E00002A431BBAC4F81C3593089200D4F82415F1
:107E100002F0CC3203F03333134321F0FF015A0850
:107E20005B00C4F8241502F0553203F0AA33D4F8ED
:107E3000241513431BBA41EA13630022C4F8243506
:107E4000C4F82C25D4F81C35C0F83434D4F82435C3
:107E5000C0F8383430BC70470010004059B10129D7
:107E60000ED0022911D003290A4B14BF0022082288
:107E7000C3F80C257047074BF422C3F80C25704754
:107E8000044B0222C3F80C257047024B0622C3F8AC
:107E90000C257047001000400146014800F00EBB61
:107EA000DC69002038B5064B1D783DB10024204622
:107EB000013400F051FEE0B28542F9D838BD00BF70
:107EC000D8690020407DFF280AD010B500F0E4FDFD
:107ED000044608B1204610BD08F0F0FB204610BD56
:107EE00000207047407DFF280ED000B583B00DF113
:107EF000070100F027FE20B19DF8070003B05DF8F0
:107F000004FB4FF0FF30F9E74FF0FF30704700BF40
:107F1000407DFF280FD000B583B001220DF107018D
:107F200000F0C6FD20B19DF8070003B05DF804FB2A
:107F30004FF0FF30F9E74FF0FF307047407DFF28EA
:107F400001D000F009BE7047407DFF2801D000F04D
:107F50006BBE0020704700BFF8B50646407DFF2885
:107F60001CD017465AB10D46144600F071FD294643
:107F7000224680B1707D00F033FE241A01D13846CC
:107F8000F8BD054408F09AFB707D00F061FD2946BC
:107F900022460028EED13F1B3846F1E70020F8BD0D
:107FA000002A00F097802DE9F0434B4991F81C918D
:107FB00091F81D7191F81E8193B01D46064608F197
:107FC000010309F102001446BA1C81F81C0181F872
:107FD0001D2181F81E3101A84222002109F050F82C
:107FE000412D73D9327D8DF814207A1C204662F021
:107FF0007F0440F60832ADF8042040F2094540F213
:108000000122ADF80C50ADF810202425334A8DF82C
:108010001650069209F1010304220125DBB28DF806
:108020001C508DF81F208DF8302040F2022640F2BF
:10803000075240F224658DF81E308DF827308DF8F8
:108040003130ADF808600223ADF82450ADF8282097
:10805000ADF83820224E8DF80730032508228DF820
:1080600012308DF833308DF83B30089605238DF8AB
:108070002B508DF82C2067F07F074FF411660A25EE
:1080800040228DF81530ADF82E608DF8345001A9DE
:108090008DF806908DF80E908DF826908DF83A8028
:1080A0008DF82A7007268DF83C2044F20205422202
:1080B0008DF840308DF841408DF83F60ADF842506A
:1080C00008F0B6FF422013B0BDE8F083002013B0E3
:1080D000BDE8F08342207047DC69002020010524C0
:1080E0002402060570B50368184A5B6882B09342A3
:1080F0008DF8071021D10546407DFF2823D000F0E0
:10810000A7FC0DF1070601243146224688B1687D9F
:1081100000F066FD241A02D1012002B070BD0644B1
:1081200008F0CCFA687D00F093FC31462246002826
:10813000EDD1C4F1010002B070BD01220DF10701C3
:10814000984702B070BD002002B070BD597F020098
:10815000002A00F097802DE9F0434B4991F81C91DB
:1081600091F81D7191F81E8193B01D46064608F1E5
:10817000010309F102001446BA1C81F81C0181F8C0
:108180001D2181F81E3101A84222002108F078FF4C
:10819000412D73D932798DF814207A1C204662F073
:1081A0007F0440F60832ADF8042040F2094540F261
:1081B0000122ADF80C50ADF810202425334A8DF87B
:1081C0001650069209F1010304220125DBB28DF855
:1081D0001C508DF81F208DF8302040F2022640F20E
:1081E000075240F224658DF81E308DF827308DF847
:1081F0003130ADF808600223ADF82450ADF82820E6
:10820000ADF83820224E8DF80730032508228DF86E
:1082100012308DF833308DF83B30089605238DF8F9
:108220002B508DF82C2067F07F074FF411660A253C
:1082300040228DF81530ADF82E608DF8345001A92C
:108240008DF806908DF80E908DF826908DF83A8076
:108250008DF82A7007268DF83C2044F20205422250
:108260008DF840308DF841408DF83F60ADF84250B8
:1082700008F0DEFE422013B0BDE8F083002013B00A
:10828000BDE8F08342207047DC690020200105240E
:1082900024020605437DFF2B02D10A4B1A7802B156
:1082A000704710B500F110044275074920460122BD
:1082B0001A7000F0D7F921460448BDE8104000F0DC
:1082C000DFB800BFD8690020E8350300DC69002072
:1082D00001B900B1704700B583B0694600F0CEFB2C
:1082E000009BB3F5966F02D003B05DF804FB00F07D
:1082F0002DFBF9E730B4084B084A4FF47F4102F1F7
:108300000805002430324FF47A709982C3E90140A5
:108310001D601A6130BC7047C0690020F835030049
:108320000378002B00F09280F0B50546002004464B
:108330002E4603E001342B5D2E19C3B103F1400238
:10834000D2B2012AF6D9F42BF4D81A0610D401229D
:10835000A3F55846B6F5006FECD31444202806D098
:1083600021F810302B5D01302E19002BE6D1F0BD25
:1083700003F0E002C02A52D003F0F002E02A61D0FC
:1083800003F0F802F02AD5D103F00703042772782E
:1083900002F0C00CBCF1800FCCD196F802C00CF0FA
:1083A000C00E02F03F02BEF1800F42EA8313C1D13A
:1083B0000CF03F0C032F4CEA83132AD0F27802F022
:1083C000C006802EB6D102F03F0242EA8313A3F525
:1083D0008032B2F5801F38BF0427ABD2A3F55842D4
:1083E000B2F5006FA6D3B3F5803F3C44B6D31E2848
:1083F000BDDCA3F5803342009E0A0A44C3F309039F
:10840000A6F52056A3F5105321F8106053800230D2
:1084100091E7A3F50062B2F5784FDFD38AE772786F
:1084200002F0C006802E03F01F0383D102F03F024A
:1084300042EA8313A3F18002B2F5F06FBFF47AAF82
:10844000022285E703F00F030327A0E718467047D1
:1084500090F850310B2B0CD871B110B403F14802D5
:108460005C1C80F850415DF8044B40F8221018461F
:1084700070470023184670470B461846704700BFE8
:1084800070B504460E68B4F81821B4F81A3165695D
:1084900036689B1A08469BB294F81C112A44B047D0
:1084A00058B1B4F81831626903449BB2A4F818318A
:1084B000538094F81C311371012070BD2DE9F043F5
:1084C000264DDFF8A890AC4604468846BCE80F006D
:1084D00089B003AF0FC703AE0FCE05F1140E2546CA
:1084E0000FC59EE80700DCF800303B806B4636681D
:1084F0002E8003C36B4603CB012504F118034FF410
:1085000080766361A061E16184F8202004F59870B1
:10851000C4F818912022A4F81C61002184F81E518F
:1085200008F0AEFD0E4E0F48A571042240F2EF2375
:1085300040F209470021C4E94A0184F85021A38090
:108540004FF4E131C4E948760748FFF7A3FE4046FF
:1085500000F0EAF9284609B0BDE8F0835C36030074
:108560002C36030034360300C069002009000001E6
:108570002DE9F047D0F82C0188B00E4630B1023119
:10858000FFF7CEFEC0B208B0BDE8F087684600F045
:10859000DFF98646F8B1431E06F10409DBB2114D3E
:1085A000E84609EB830904AC95E80F0018F8017B55
:1085B00084E80F0007F00F0C0DF1200AD4440AEBF9
:1085C00017171CF810CC17F8103CA6F804C07380DD
:1085D0000436B145E8D14FEA4E00C0B208B0BDE85C
:1085E000F08700BF4836030000487047DC69002070
:1085F000014B5869704700BFDC69002010B5B0B16D
:1086000003281CD0154C94F85031834223D94830AC
:1086100004F5AA7154F82000FFF782FEC3B20133BB
:108620005B0043F440730E48A4F8523110BD0B4C6C
:10863000D4F82031A4F854314FF44173F3E70849DA
:10864000A1F5A9742046FFF793FF431C5B0043F498
:1086500040739BB2E7E7002010BD00BFDC6900203B
:108660002E6B002010B504460248FFF7F1FE207182
:1086700010BD00BFDC690020024B53F8200000B1A0
:10868000C0687047706B002030B4094CBDF80850CA
:1086900054F8204044B1246934B10846A446114638
:1086A0001A462B4630BC6047002030BC704700BFE4
:1086B000706B002030B4084CBDF8085054F82040CE
:1086C00044B1646934B10846A44611461A462B46A3
:1086D00030BC604730BC7047706B0020024B18689C
:1086E00008B190F860007047786B00202DE9F843DE
:1086F000234C2568002D40D01E462C2303FB00533D
:108700000446D3F8209088461746B9F1000F30D0C0
:10871000484609F0CBF80828024628BF08222C203A
:1087200000FB0454D4E90954DFF85CC0154B002D5C
:1087300008BF654649464046002C08BF1C4608F065
:1087400077FC284609F0B2F810280246294628BFCF
:108750001022384608F06CFC204609F0A7F80428DF
:1087600002462146304628BF0422BDE8F84308F0FF
:108770005FBCDFF818900822D1E7BDE8F88300BF9E
:10878000786B002098360300883603007C3603009F
:1087900070B5104E3368CBB12C2404FB0034054671
:1087A00062691AB19047336884F832002C2202FBC8
:1087B000053393F832400CB1204670BD284623465D
:1087C0003A22022101F074F8204670BD1C46204672
:1087D00070BD00BF786B0020074B1B6853B110B40D
:1087E0002C2404FB0030C46A038E0C605DF8044B3B
:1087F00013807047704700BF786B002008B52022B7
:108800000023052101F054F84FF0FF3008BD00BFF0
:1088100030B4084C256855B10446084611461A463E
:108820002C2303FB0454E3690BB130BC184701202F
:1088300030BC7047786B002030B4094C029A256830
:108840004DB10446084619462C2303FB0454A36883
:108850000BB130BC18474FF0FF3030BC704700BF41
:10886000786B002030B4094C029A25684DB104465B
:10887000084619462C2303FB0454E3680BB130BCB3
:1088800018474FF0FF3030BC704700BF786B0020B6
:10889000044B1B682BB12C2202FB0030036903B18F
:1088A00018477047786B0020054B1B682BB12C22B2
:1088B00002FB0030836903B118470120704700BFF5
:1088C000786B002004F062BF00B5134B402283B0E8
:1088D00083F82723002002F09BFF4FF08043002401
:1088E000D3F838548DF80040684607F0A3FC0B4BD2
:1088F000019301A807F0CAFC07F0D4FCEB0707D4EA
:1089000000214FF0FF3003F005F8FFF7CBFAF7E74F
:10891000204604F03BFFF3E700E100E0C5880200D9
:10892000002004F07FBB00BF00B5002383B003220A
:10893000CDE9002303490448C82206F0F9F903B041
:108940005DF804FB9C360300C988020008F068B893
:108950004FF08052536E1BBA0360136E1BBA436014
:108960000820704700487047A436030070B51E4DBC
:108970002B6883B1012913D11478C4F34114012C5D
:108980000BD0022C07D15478012C0BD0022C07D12C
:108990009388072B20D0002070BD517822290BD05E
:1089A000012070BD9C69002CF5D023781146224629
:1089B000BDE8704003F042BE5188003918BF012164
:1089C0005975114603F020FE2A68D369002BE7D0C1
:1089D000507D9847204670BD044C1146238922469D
:1089E000BDE8704003F02ABE7C6B00200C600020C4
:1089F00070B5044602F0F4FE08B9002070BD02F024
:108A0000F7FE05460028F8D1E378002BF5D004F1F5
:108A10001006304602F0F0FC3F28EED9E1782846F7
:108A200003F032FD0028E8D0304602F0E5FC3F2894
:108A300008D9E178284604F536724023BDE8704035
:108A400003F042BDE178284603F02EFDD5E700BFD4
:108A500010B5044602F0C4FE08B9002010BD02F0B3
:108A6000C7FE0028F9D104484FF4567303FB0400F5
:108A7000007900F0010010BD846B0020054B4FF41D
:108A8000567202FB0033986808609A899B7B8B7151
:108A90008A807047846B002008B5044B4FF45672EF
:108AA00002FB0030103002F08DFC08BD846B00200A
:108AB0002DE9F8434FF4567404FB00F4204F4FF6B1
:108AC000FE704FF6FF7304F11005824288BF1A460C
:108AD0003D4492B2284602F0A1FC064602F080FE18
:108AE00010B93046BDE8F88302F082FE81460028C6
:108AF000F7D107EB040898F80330002BF1D0284693
:108B000002F07AFC3F28ECD998F80310484603F0AD
:108B1000BBFC0028E5D0284602F06EFC3F2809D9AE
:108B200004F5367298F803103A444846402303F09F
:108B3000CBFCD6E798F80310484603F0B5FCD0E725
:108B4000846B0020034B4FF4567202FB0030103050
:108B500002F0D2BC846B00202DE9F041044602F003
:108B60003FFE10B90020BDE8F08102F041FE06464C
:108B70000028F7D14FF45671DFF8608001FB04F450
:108B800004F124054544284602F01CFC0028E9D0E5
:108B900008EB04073046B97803F076FC0028E1D0F2
:108BA00004F54674444428462146402202F036FC2F
:108BB000054660B1B978224630462B4603F084FC66
:108BC00040B9054B1B68DB07CCD500BECBE7B978B5
:108BD00003F06AFC2846C6E7F0ED00E0846B002055
:108BE00038B5104B4FF4567404FB003405464FF66D
:108BF000FF734FF6FE70824288BF1A46243492B249
:108C0000204602F0B3FC034620461C4602F0DAFB85
:108C10003F2801D8204638BD2846FFF79DFF204653
:108C200038BD00BF846B002008B5044B4FF456726A
:108C300002FB0030243002F0DFFB08BD846B002013
:108C4000F0B5214C214F83B04FF4567200212046DD
:108C500008F016FAFF2300264FF4E132082563716D
:108C6000012304F13801A260A5734FF480721D4600
:108C7000009604F11000A6813E7002F06BFB2B46BB
:108C800004F59C7100954FF4807204F1240002F009
:108C900061FB04F50E71284605F014FB034604F54C
:108CA000227128461D4605F00DFB05B130B9084B71
:108CB0001B68DB0700D500BE03B0F0BDC4E9076543
:108CC000C4E90C0603B0F0BD846B0020806B00206B
:108CD000F0ED00E038B5094C206A256B20B105F0B5
:108CE00089FE0023C4E907332DB1284605F082FE32
:108CF0000023C4E90C33012038BD00BF846B002081
:108D000010B50F4C0F482378002202600271DA0779
:108D100007D59B070BD5BDE810400B48012102F099
:108D2000E7BC103002F0C4FC23789B07F3D406485C
:108D300002F0BEFCBDE810400348012102F0D8BC9F
:108D4000806B0020846B0020A86B0020F0B54B796D
:108D5000022B83B002D18B79022B03D00025284649
:108D600003B0F0BD264FBB782BB1264B1B68DB0749
:108D7000F4D500BEF2E78B783B700C780C440646C5
:108D8000617824294FF009050BD1082A02D80FE099
:108D9000AA420DD323781C442B44617824299DB228
:108DA000F6D005290AD0042902D163790A2B13D001
:108DB0001348FFF71DFE284603B0F0BD214630469C
:108DC00003F03EFB0028D0D0A3787B7023781C44AE
:108DD0002B4461789DB2E6E70B4A27780192022383
:108DE000013200923046E1191A4603F099FA002840
:108DF000BBD005F10E0317FA83F39DB2D8E700BF8D
:108E0000846B0020F0ED00E0866B002038B513780D
:108E100003F06003202B0CD1274C938825789D42CA
:108E200007D15378203B032B03D8DFE803F00A1760
:108E30002004002038BD012930D0032933D001207F
:108E400038BD01290CD00329F9D11C4B002BF6D0D9
:108E50001B490020AFF30080012038BD0129EED16D
:108E600011460723164A03F0E9FB012038BD01290A
:108E700014D00329E3D15588257105F00104114868
:108E800084F0010102F034FC0F4B002BD7D0C5F366
:108E9000400221460020FFF71BFAD0E7114603F0FD
:108EA000B3FB012038BD094B002BC8D051880020EE
:108EB000AFF30080012038BD846B0020000000006B
:108EC0008C6B0020A86B0020D18202000000000003
:108ED0002DE9F0474A4DEA788A420C4607461E467D
:108EE00054D19AB205F5367105F1100002F03EFB3F
:108EF000444BD3B16B79FF2B17D0B6B105F2D7280D
:108F000008EB060AA8F2C72902E0D0450DD06B791C
:108F100018F8012F9A42F8D1484602F063FA002867
:108F2000F3D16979AFF30080EFE7374B23B13748CE
:108F300002F058FA00285BD03148FFF759FDAB78B2
:108F4000A34203D001242046BDE8F087304B13B183
:108F50000020AFF3008002F043FC20BB2D4802F05C
:108F600031FA0028EED1002EECD016F03F06E9D100
:108F7000A978384603F088FA04460028E2D0A97898
:108F800038463346324603F09FFADCE7AB788B4233
:108F9000DCD0214B1C6814F00104D4D000BE0024A6
:108FA0002046BDE8F08702F023FC04460028D5D116
:108FB000184802F007FA0028D0D0A978204603F01C
:108FC00063FA0028CAD015494022A1F53D7002F08D
:108FD00025FA034678B1114AA978204603F074FABD
:108FE0000028AFD10C4B1B68DB07B7D500BEB5E737
:108FF000AFF30080A0E7A97803F056FAAEE700BF10
:10900000846B00200000000000000000946B002032
:1090100000000000A86B0020F0ED00E09C6E002036
:10902000704700BF01207047704700BF704700BF06
:1090300002484FF4CC72002108F022B8DC6E002008
:109040000120704702484FF4CC72002108F018B894
:10905000DC6E00202DE9F0474B79032B82B014D150
:109060000B79C3EBC3051235ADB295420C4607D858
:10907000304F7A7806466AB197F8CD20002A50D052
:109080002D4B1B68DA0700D500BE0025284602B02C
:10909000BDE8F087904692464FF0010E4FF0020C6B
:1090A0002278A11848782128EAD14FF0CC0909FB91
:1090B0000A7907EB0E00C9F8081014F802E00190D5
:1090C00007EB0C02009271441A463046032303F06A
:1090D00027F90028D4D0A379012B04BFE37989F8BC
:1090E0000330CC2303FB0AFA07EB0A0301229A712F
:1090F000A27807F80A209A689978B2F807209A802F
:109100000029C3D008F18C023A443046402303F0D2
:10911000DBF90028BAD1084B1B68DB07B6D500BEC7
:10912000B4E74FF0CD0E4FF0CE0C4FF0CC084FF01F
:10913000010AB5E7DC6E0020F0ED00E0137803F0E3
:109140001F0CBCF1010F14D12DE9F0410C468249EE
:10915000978815460A78FFB2BA4282B006460AD00E
:1091600091F8CC20BA4200F0CB80002002B0BDE8DC
:10917000F081002070470027BC4606220C204FF0EB
:10918000070E13F0600306D1012C00F09F80012030
:1091900002B0BDE8F081202BE7D16B78013B0A2BB0
:1091A000E3D80FF2080858F823F000BF7F920200BE
:1091B00075920200619202006B9102006B910200B5
:1091C0006B9102006B9102006B91020021920200F0
:1091D000F9910200D9910200012C1BD0032CD6D1A9
:1091E0006B88CC2202FB0717DBB260461946BB71C5
:1091F000FFF716FF0120B9E7012CC8D16B88CC22FC
:1092000002FB07171B0A60461946FB71FFF70AFFAE
:109210000028AAD02946304603F0F6F90120A5E738
:10922000012C00F08280032CB1D16C88ED88402D98
:1092300001EB0003284628BF402014F0FF014FEA4D
:10924000142207D0012D05D91C788C4202D1013897
:1092500080B2013300906046FFF72CFA012085E7C9
:10926000012C94D10A4429463046234603F0E6F9FE
:1092700020467BE7012C8AD101EB0E02F3E7012C9B
:1092800085D1B5F806E06B880F187046402828BFD6
:10929000402013F0FF014FEA13223B4657D0BEF1A6
:1092A000010F56D9013803F8011B80B200906046C7
:1092B000FFF7EAF923189BB2002B41D1274A126825
:1092C000D2077FF552AF00BE18464FE76B78062BEA
:1092D0007FF44BAF6B881B0A212B17D0222B7FF416
:1092E00044AF6046FFF7C8F91B49CC2303FB0717BF
:1092F0000246BB882946304603F0A0F9204635E7F0
:10930000D222D8204FF0D30E67463AE7CC2303FB96
:1093100007139A68002A3FF428AF1378294630468D
:1093200002B0BDE8F04103F089B9EB88402B3FF66D
:109330001CAF0A182946304603F080F9204615E78D
:109340003A462946304603F079F901200EE70C46EB
:10935000ACE70024AAE700BFDC6E0020F0ED00E0DF
:1093600070B52C4EB4788C4282B0054613D070781C
:1093700088422CD096F8CE00884243D096F8CD0093
:10938000884244D0244B1B68DA0702D4002002B084
:1093900070BD00BEFAE7747800208C4218D002BB82
:1093A0009BB206F18C040093114623460222FFF77C
:1093B00081F9B17822462846402303F085F8002839
:1093C000E5D1154B1B68DB07E0D500BEDFE70020C9
:1093D0007AB99AB206F14C01FFF726FE012002B0DD
:1093E00070BD06F18C049BB222460221FFF71EFEDF
:1093F000DFE79BB206F14C020121FFF717FE0120C7
:1094000002B070BD96F8CD400120CC36C5E7CC3611
:109410000120DDE7DC6E0020F0ED00E070B500F12A
:1094200024050446284601F0CDFF08B9002070BD90
:109430006178002003F028F80028F7D004F50676BC
:1094400028463146402201F0E9FF054660B1034657
:1094500061783246002003F037F840B9054B1B68AD
:10946000DB07E3D500BE70BD617803F01DF8284628
:1094700070BD00BFF0ED00E070B51A4C82B0002165
:109480000D464FF41672204607F0FAFD04F138013C
:109490000123802204F11000009501F05BFF04F12C
:1094A000B80101238022009504F1240001F052FF4D
:1094B00004F59C71012004F005FF04F5C471064613
:1094C000012004F0FFFE30B9074B1B68DB0700D515
:1094D00000BE02B070BDC4E90756C4E90C0502B075
:1094E00070BD00BF4C830020F0ED00E038B5094CA2
:1094F000206A256B20B105F07DFA0023C4E907330B
:109500002DB1284605F076FA0023C4E90C3301207A
:1095100038BD00BF4C83002010B5084C002304F177
:109520001000C4E90033C4E9023302F0C1F804F1C9
:109530002400BDE8104002F0BBB800BF4C830020FF
:109540002DE9F0434B79012B83B002D18B79012BAC
:1095500004D00025284603B0BDE8F083CB79002B6A
:10956000F7D10B78CC1806466578242D99B20BD12B
:10957000914202D9EDE78A42EBD323781C440B4495
:109580006578242D99B2F6D0042DE2D16379012BB0
:10959000DFD1A379032BDCD1E579002DD9D1DFF818
:1095A000CC8098F8010098F8023050EA030905D001
:1095B0002B4B1B68DB07CCD500BECBE7A37888F824
:1095C000003027782079CB199DB2274430B922E0AA
:1095D0003B7881451D44ADB21F441CD2AA421AD328
:1095E0007B78052BF4D139463046019202F028FFF2
:1095F000019A68B3BB782079D90914BF88F8013083
:1096000088F80230397809F101030D445FFA83F9D3
:10961000ADB20F44DCE7134801F0EEFE3F2899D9C4
:1096200098F80210002002F02FFF002892D00D4879
:1096300001F0E2FE3F2898F8021005D90A4A4023BB
:10964000002002F041FF85E7002002F02DFF81E7B6
:10965000034B1B68DA077FF57CAF00BE054679E750
:10966000F0ED00E05C830020248500204C83002086
:1096700000207047F8B52D4DAA788A421E4619D1B0
:109680009AB205F5EC7105F1100001F06FFF284B5F
:1096900013B10020AFF30080264801F0ADFE3F2853
:1096A00005D9A978002002F0EFFE044668BB01242A
:1096B0002046F8BD6B788B4208D01F4B1C6814F015
:1096C0000104F5D000BE00242046F8BD0746284618
:1096D000FFF7A4FE0028EAD105F1240001F072FE94
:1096E0000028E4D1002EE2D016F03F06DFD16978E1
:1096F000384602F0C9FE04460028D8D069783846BA
:109700003346324602F0E0FED2E70A4801F074FE2A
:109710003F28A97805D9094A4023002002F0D4FE49
:10972000C6E7002002F0C0FEC2E700BF4C83002065
:10973000000000005C830020F0ED00E024850020A4
:1097400070B5324CE28AA36852BA92B286B005462E
:1097500012B1B3FBF2F292B2A06BD4F81110B0FBCD
:10976000F2F61B1AB3F5007F28BF4FF4007309BA55
:10977000009302FB16023144254B607BFFF75CF837
:10978000011E1EDB0AD08BB2214A94F82E10284607
:1097900002F09AFE002833D006B070BD94F82E3047
:1097A0000391072203A8CDE904118DF80C508DF820
:1097B0000D208DF810308DF8111002F095FC06B0D8
:1097C00070BDA268A36B43F602200021D31AA087C4
:1097D00084F83E1001200221A36284F82C0084F852
:1097E0003010002AD8D0002BD6D0237BDB0914BF41
:1097F00094F82E1094F82F10284602F0A5FECBE71F
:10980000044B1B68DB07C7D500BEC5E77472002098
:1098100074700020F0ED00E038B5214B214C054676
:109820001BB1607BFFF740F8B0B1A06BA36894F860
:109830002F101D4A1B1AB3F5007F28BF4FF4007389
:1098400028469BB202F040FE00B138BD174B1B68A2
:10985000DB07FAD500BE38BDA26BA16884F83E00D4
:109860008B1A42F207720120A2870222A36284F8B7
:109870002C0084F830200029E7D0002BE5D0237B92
:10988000DB0906D094F82E102846BDE8384002F0D7
:109890005BBE94F82F102846BDE8384002F054BE55
:1098A000A98802007472002074700020F0ED00E0BE
:1098B000044880F83C1080F83D2080F83E300120BC
:1098C000704700BF7472002002484022002107F058
:1098D000D7BB00BF7472002002484022002107F06D
:1098E000CFBB00BF747200204B79082B01D0002041
:1098F00070478B79062BFAD1CB79502BF7D1162AEA
:1099000006D81C4B1B68D907F1D500BE0020704754
:1099100070B5194D8B7885F82D300B7882B005F134
:109920002F0205F12E0619440223CDE900261A461E
:10993000044602F0F5FC30B90E4A1268D2070FD582
:1099400000BE02B070BD204695F82F1000241F23E2
:109950002A4685F8304002F0B7FD20B11720F0E725
:10996000002002B070BD034B1B68DB07F6D500BEBC
:109970001720E6E7F0ED00E074720020012901D025
:109980000120704770B5137803F07F04022C84B077
:10999000054611D003F06003202B0AD15378FE2B2B
:1099A00028D0FF2B05D153881BB9D688B3B2002B22
:1099B0003CD0002004B070BD5478012CEAD153880B
:1099C000002BF6D1374E938896F83020042ADBB26C
:1099D00050D096F82E10994236D096F82F409C42DF
:1099E00005D122B9214602F0A1FD002847D001206F
:1099F00004B070BD5388002BDBD1D388012BD8D1A4
:109A000029488DF80F3030B10192FEF767FE019AB8
:109A100001460028CDD04C1E2846114601230DF1E9
:109A20000F028DF80F4002F009FEE0E71D4C1146D1
:109A30002846A687C4E90D3384F8303084F83E30D8
:109A400002F0E2FD0120B5E7022AD0D1B26BB36883
:109A50009B1A0324B36206F120020D2386F83040DE
:109A600002F032FD0028C2D1104B1B68DB07A0D5E5
:109A700000BE9FE7194602F067FD20469AE721469F
:109A8000284602F07FFD0028B1D1002386F830304F
:109A900096F82F10034A28461F2302F015FD0028D0
:109AA000A5D1E1E774720020DD860200F0ED00E050
:109AB0002DE9F041AC4C94F83050012D8EB01E468B
:109AC000074670D0032D47D035B1022D00F08A80B3
:109AD00001200EB0BDE8F08194F82F308B42F7D111
:109AE0001F2E40F09E80A14B22689A4240F0998040
:109AF000E27B9F486368206263620120A368A562DD
:109B0000282A84F82C50A56384F83000636300F0A1
:109B1000E3802A2A00F0DE82002B00F03381207BD4
:109B2000C00940F02F81B3F5007F40F2278394F8FD
:109B30003C20A3620120022384F82C0084F83030FA
:109B400022B942F2050384F83E20A387384602F08A
:109B5000FBFC94F83050B8E794F82E308B42B7D124
:109B60000D2EB5D1E37B282B00F09A822A2B00F032
:109B70008F82804B23B1607B04F10F01AFF3008033
:109B8000002084F83000784A94F82F101F233846BC
:109B900002F09AFC0028DCD1774B1B68DA0700F151
:109BA0009980002095E7E37B282B12D02A2B59D0EF
:109BB000A36B227B3344D209A36347D0626B9A42E2
:109BC0000DD96D4B1B68DB07C3D500BE94F8305030
:109BD0007BE7D4E90D2333449342A36375D3022377
:109BE00084F8303094F82E10384602F0CBFC002870
:109BF0007FF46EAFA368A26B934202D9217BC9099F
:109C00001ED19B1A0325A36294F82E105B4A84F898
:109C1000305038460D2302F057FC00287FF458AF2F
:109C2000BAE7042394F82E1084F83030384602F056
:109C30008BFC384694F82F1002F086FC002048E791
:109C400094F82E10384602F07FFC41E7A38E4C4A70
:109C5000607B04F10F01FEF7D1FD0028C0F2F68110
:109C6000A36BABE7E08A40BA80B218B1A368B3FB3C
:109C7000F0F080B2D4F81110A26B414DB2FBF0F3BA
:109C800009BA00FB13221944607B00962B46FEF7AD
:109C9000E9FD0028C0F23A8286425CD9361A0028D3
:109CA00040F06282002194F82F200591072305A837
:109CB000CDE906168DF814708DF819108DF818205E
:109CC0008DF8153002F010FA43E7FFF739FD94F8EC
:109CD0003050FAE600BEFCE6E08A40BA80B2A3B992
:109CE00000283FF47CAF94F83C300222002184F835
:109CF0002C2084F83020A162002B7FF473AF42F255
:109D0000050284F83E30A2876CE7257BED090BD075
:109D1000002800F014828342C0F05382282A38467B
:109D2000D3D0FFF779FD14E794F83C20A362022317
:109D300084F82C3084F83030002A7FF407AF42F2E8
:109D400005020023A28784F83E30257BED09002D13
:109D50003FF4FCAED2E1D4E90D2333449342A36334
:109D6000BFF43DAF3846DCE77472002055534243E0
:109D70005553425300000000F0ED00E094720020C3
:109D800074700020657B252A27D8DFE812F00201D5
:109D900026002600C40026002600260026002600F5
:109DA0002600260026002600260026002600260083
:109DB00026003F0126002600260026002600260059
:109DC000260081002E01260026009B00260026008A
:109DD0002600260008012600540094F83C20002AA2
:109DE00040F08380B24AB3499BB22846FEF706FD95
:109DF00000287ADB002833D1A368002B3FF4EFAEB4
:109E0000A16B94F83C205B1A01200221A36284F824
:109E10002C0084F8301022B942F2050184F83E206B
:109E2000A187002B3FF4DEAE237BDB0940F0668187
:109E300094F82F108AE6284604AA05A9FEF7CCFC60
:109E4000059B002B00F0B281BDF81020002A00F025
:109E5000AD819749013B1BBA12BAC1E90032082013
:109E6000A368002B40F09381A36B94F83C205B42E5
:109E700001200221A36284F82C0084F83010002A0B
:109E80007FF4B0AE42F2050384F83E20A387A9E632
:109E9000059B894A03F4000343F003030593002A5A
:109EA00000F09D812846FEF7FFFC9DF81630804AA1
:109EB00080F0010060F3C7138DF81630059B136026
:109EC0000420CDE77D4B002B96D0227DE17C2846F7
:109ED000AFF3008000288FD194F83C302BB943F6C3
:109EE00002220023A28784F83E30A268A36B94F874
:109EF0003C100120D31A84F82C000220A36284F8BD
:109F0000300021B942F2050084F83E10A087002AF3
:109F10003FF468AE85E794F83C2094F83D0094F84F
:109F20003E10DFF88CC1DFF8A8E14FF000084FF0D9
:109F30000003CDE90588CDE9078862F303038DF8B6
:109F40001630F0220A23ADF824808DF820008DF819
:109F500021108DF814208DF81B3005AE0FCEACE823
:109F60000F003368ACF80030BEF1000F00F0318113
:109F7000ACF1100128464FF40072AFF300800028C6
:109F8000A4F83C8084F83E80BFF634AF657B636BF9
:109F900028E72846FEF7FCFB00289DD02CE705AEFD
:109FA00000230DF10E02284604A973600593B360E7
:109FB000FEF712FC049A002A00F0F880BDF80E307B
:109FC000002B00F0F38012BA5BBA08200221ADF832
:109FD0001E3006928DF817008DF81C1096E80700C9
:109FE000334B83E807000C203AE7354B002B3FF456
:109FF00003AFE17C2846C1F3400301F001020909E7
:10A00000FEF706FC00287FF4F7AE65E74FF020333B
:10A01000284600221F250692CDE90A33294E0893CF
:10A0200007A909AA079309930D930C938DF818506B
:10A030000DAB05AD0596FEF759FB0FCD1C4E0FC6B7
:10A040000FCD0FC62B683360242009E7A268A36BED
:10A0500094F83C0084F82C50D11A0225A16284F8AF
:10A06000305020B942F2050584F83E00A587002A49
:10A070003FF4A4AD00293FF4A1AD237BDB0900F040
:10A08000A28094F82E10384602F05EFAA36B95E594
:10A090000D4B002B3FF474AD607BFEF7F9FB6FE5D1
:10A0A0000A4B002B3FF46CAD607BAFF3008067E59B
:10A0B0007470002083720020A98802000000000054
:10A0C0001188020000800202918802000000000056
:10A0D00000000000E08A40BA80B2002B3FF400AEDE
:10A0E000257BED093FF414AE94F83C20A3620223D3
:10A0F00084F82C3084F83030002A72D094F82E1076
:10A10000384602F021FA94F83050DEE4A36BA268DE
:10A110003344D11A43F60220A3630023A08784F8B6
:10A120003E3001200223A16284F82C0084F83030F4
:10A13000002A3FF457AD00293FF454AD74E60120E6
:10A1400094F83C2084F82C000220A36284F83000AC
:10A15000002A7FF4FCAD42F2050084F83E20A0877F
:10A16000002B3FF43FADF0E5A36B291813FA80F301
:10A1700032462846A36306F069FF93E51C4A9BB26A
:10A18000384602F0A1F900287FF4E3AC04E59842D8
:10A1900028BF184683B26063154A94F82E103846DB
:10A1A00002F092F900287FF4D4ACF5E494F83C3046
:10A1B000002B7FF49AAE43F6022284F83E30A28749
:10A1C00093E60220BCE794F82F10384602F0BCF961
:10A1D00046E5A4F83CE084F83EE0122040E6012089
:10A1E00063E642F2050384F83E20A387ADE500BF95
:10A1F000747000202DE9F041044601F0F1FA10B925
:10A200000020BDE8F08101F0F3FA06460028F7D1FE
:10A210004FF4E671DFF8608001FB04F404F11805E7
:10A220004544284601F0CEF80028E9D008EB0407A1
:10A230003046797802F028F90028E1D004F5C67498
:10A24000444428462146402201F0E8F8054660B122
:10A250007978224630462B4602F036F940B9054B54
:10A260001B68DB07CCD500BECBE7797802F01CF980
:10A270002846C6E7F0ED00E0B472002070B51A4C35
:10A2800082B000210E464FF4E672204606F0F8FE3A
:10A2900004F12C0101234022201D009601F05AF800
:10A2A00004F16C0101234022009604F1180001F032
:10A2B00051F804F1AC01012004F004F804F1FC01B0
:10A2C0000546012003F0FEFF05B130B9074B1B68BE
:10A2D000DB0700D500BE02B070BDC4E90465C4E967
:10A2E000090602B070BD00BFB4720020F0ED00E0BE
:10A2F00038B5094C6069656A20B104F07BFB002326
:10A30000C4E904332DB1284604F074FB0023C4E9EA
:10A310000933012038BD00BFB472002010B5064CCF
:10A320002046002340F8043B01F0C2F904F1180074
:10A33000BDE8104001F0BCB9B47200204B79FF2B8E
:10A3400001D0002070472DE9F0412D4C6678A378AC
:10A35000334382B003D0002002B0BDE8F0810D7815
:10A360000E798B7823700F460D4416B36B78052B4E
:10A370000AD0AB189D4202D306E0AB4204D929783B
:10A380000D4469780529F8D1DFF87C80CDF8048088
:10A3900008F10103009332460223294601F0C0FF71
:10A3A00060B13B79A178C3EBC3031D4481B96378E5
:10A3B00053B9E81B80B202B0BDE8F081114A1268BF
:10A3C000D207C8D500BEC7E70020FFF713FFF0E7AC
:10A3D000002002F059F80028E9D008F1030001F04C
:10A3E0000BF83F2807D9A17808F24B124023002030
:10A3F00002F06AF8DBE7A178002002F055F8D6E712
:10A40000B4720020F0ED00E0B5720020F8B53B4FCB
:10A41000BC788C421D4624D07B788B421ED1384BB1
:10A4200006461BB1A9B20020AFF3008001F0D8F9B5
:10A43000B0BB344800F0C6FF20BB1DB315F03F058C
:10A4400020D17978304602F01FF80446D0B17978EF
:10A4500030462B462A4602F037F800E0002420461A
:10A46000F8BD9AB207F5A671381D01F07FF8264BAA
:10A4700013B10020AFF30080B978002002F004F897
:10A48000044608B90124EAE7204800F0B5FF3F2858
:10A49000B9782AD91E4A4023002002F015F8DEE7D9
:10A4A00001F0A6F904460028C3D1164800F08AFF3F
:10A4B0000028BED07978204601F0E6FF0028B8D009
:10A4C00014494022A1F5BA7000F0A8FF034680B1FC
:10A4D000104A7978204601F0F7FF0028D2D10E4BC0
:10A4E0001B68DB07A5D500BEA3E7002001F0DCFF59
:10A4F000B5E7797801F0D8FF9BE700BFB472002080
:10A5000000000000CC72002000000000B8720020A3
:10A510000074002040740020F0ED00E0F8B50F68F2
:10A520008D883D44AF420E46B9780BD20B468B4224
:10A530003C4603D10DE06378042B05D023781C44FE
:10A54000A542F8D80020F8BDAC42FBD2A3788B42DC
:10A55000F4D1E3789A42F1D1A542F3D9237D012BBE
:10A560001FD8237923B3012BECD12378E289617AB8
:10A570001A44194422442144914204D3E2E70B785F
:10A5800019448A42DED94B78052BF8D18A42D9D9B1
:10A5900001F056FF60B9084B1B68DB07D2D500BE3F
:10A5A000F8BD054B1B68DA07CCD500BE0020CAE712
:10A5B000E41BF4800120F8BDF0ED00E0F0B4C488A5
:10A5C0000378002C44D003EB830203EB420366487C
:10A5D0008A78C05803191D7BAA4239D822B9012DA7
:10A5E00000F2A78001228A7001258D60C1F80E500B
:10A5F0004D7700266FF03F0581F822608D766FF071
:10A6000003066FF06405CE760D77584EC1F81E60D4
:10A61000082581F82350005DB3F80D5005441D4412
:10A620000344AB4214D2524F9C78112C0CD827FA19
:10A6300004F0C04310F0010006D1DE78B24203D12D
:10A6400012E0587824280CD0187803449D42F8D89A
:10A65000484B1B68DA0702D40020F0BC704700BEEC
:10A66000FAE79D42E0D8F3E79D42F1D0042C66D092
:10A67000062CF2D191F803C01A7994451BD8BCF18D
:10A68000000F05D1012A54D84FF0010C81F803C006
:10A690001A781A44AA420ED2967806F0FD07052FC2
:10A6A0000FD0112E03D10CE05678242E44D016780A
:10A6B00032449542F8D82F4B1B68DB07CCD500BE3F
:10A6C000CBE7D678B445F2D19542F4D0D1F8125008
:10A6D0006DB9042C3CD0062C07D1B2F80530B2F885
:10A6E000075005FB03F52D01ED08C1F812504C6829
:10A6F00054B9537E012B1CD8D2F81A401BB9D2F89A
:10A700001E30A34215D14C6042F20F739C42D2D945
:10A71000194A6B1EA2FB042403EB5433640BB3FBF6
:10A72000F4F30233B3F5807F28BF4FF48073C1F890
:10A7300016300120F0BC70479542ADD8BBE701222E
:10A7400091F803C00A731A794873944597D9B2E710
:10A75000B2F80560B2F807405D7D04FB06F305FB27
:10A7600003F5ED08C1E700BF80740020030101017B
:10A7700050100200F0ED00E05917B7D12DE9F04F6D
:10A780000B78624C03EB8305894603EB450309898B
:10A79000E75883B01646804681B13944CB7803F040
:10A7A0000303012B00F09C80B9F80A3033B13B441D
:10A7B000DA7802F00302012A00F099800023B9F848
:10A7C0000240B9F80450C9F81430C9E903333C44D5
:10A7D0003D44A278AC4238BF134609D29A4203D115
:10A7E0000FE06378042B07D023781C44A542F8D8E7
:10A7F000002003B0BDE8F08FA542F9D9A3789A42B2
:10A80000F2D1E3789E42EFD1A542F1D923790193A9
:10A81000022B0FD8E31BA9F806308EB999F81D302A
:10A82000012B4BD123781C44019B6BB9012003B051
:10A83000BDE8F08F364B1B68DA07D9D500BED7E7E5
:10A8400023781C44019B6BB309F1080A4FF0000BFD
:10A85000A54206D8EEE7042BECD023781C44A54291
:10A86000E8D96378052BF6D1A542E3D9E37803F064
:10A8700003030EB1012B19D0022BB9D1214640465A
:10A8800001F0DEFD00283AD0E31B2AF8023B019AD2
:10A8900021780BF101039A420C444FF0010BD7D8F9
:10A8A000002EC3D0022389F81D30BFE7A188D9F854
:10A8B0001830C1F30A019942E0D299E709F11E0369
:10A8C000314689F81D60C9F818601846302206F034
:10A8D000D7FB01464846FFF771FE0028A2D187E763
:10A8E0000023A9F80830897801F05AFE5CE70022BD
:10A8F000A9F80A209978404601F052FE5EE7044B21
:10A900001B68DB077FF574AF00BE72E78074002020
:10A91000F0ED00E0044B05480021C3E9001150228E
:10A92000C3F8071006F0ACBB807400208C740020C4
:10A9300001207047044B05480021C3E90011502253
:10A94000C3F8071006F09CBB807400208C740020B4
:10A950002DE9F84F4B790E2B03D18B79012B0E4645
:10A9600003D000273846BDE8F88FCB79012BF8D10A
:10A97000DFF834911446D9F800202AB1484B1B68FF
:10A98000DB07EED500BEECE749468046C9F800601B
:10A99000A9F80440FFF7C2FD0028E2D0B9F806206C
:10A9A000D9F80030B17813443444A64293F814A087
:10A9B000334605D308E05A78042A3DD00B2A3BD011
:10A9C0001A7813449C42F6D8BAF1000F65D0354985
:10A9D000DFF8D8E048884FF0000C6246E3460028D4
:10A9E000CCD19D1B0EF8010B0870A8B248809C4288
:10A9F0009F784A7005D84DE05A78042A16D00B2A61
:10AA000014D01A7813449C42F6D89A1B97B28F80C0
:10AA100081F81DB0BCF1000F14D00CF1010C5FFAED
:10AA20008CF29245DBD8A9F804709BE79C42ECD9E4
:10AA30009A78BA42E5D0E8E79C42C5D99A788A422A
:10AA4000BED0C1E7BAF1010FE7D116FA85F516FAC3
:10AA500082F29542A9780AD20B46994203D113E0BB
:10AA60006B78042B0BD02B781D44AA42F8D80D49E3
:10AA700040460022FFF782FE0028D4D171E7AA42A7
:10AA8000F5D9AB789942EED1EB78012BEBD1AA4204
:10AA9000C9D1ECE707462A46B9E79B1B9FB2C2E73C
:10AAA000F0ED00E08C740020807400208874002099
:10AAB0002DE9F0471678174606F01F02012A8CB0E0
:10AAC00019D1DFF80093BB88D9F8005080465FFAAF
:10AAD00083FC15B1AA78624512D0B84E74885CB177
:10AAE000357805EB850205EB420559F805502C44F5
:10AAF000A278624511D0002420460CB0BDE8F08752
:10AB0000C6F3411A16F0600F54464ED0012C27D0E0
:10AB1000072389F809300024EEE73A78C2F3411997
:10AB200012F0600F484600F0B580012815D11B0ACD
:10AB300013D17A88100A022800F04A81062800F012
:10AB4000FA80012800F00C819D4B1B68DB0704D5BF
:10AB500000BE072333770024CEE707233377CAE705
:10AB6000180A65D0B9F80630EC18EA5CE3891A4493
:10AB70002244944214D2A1780239052902D8E178FE
:10AB800081420DD021780C44A24204D808E02378F9
:10AB90001C44A24204D96378242BF8D1A242EAD8FB
:10ABA000002389F809300124A6E77B780A2B5AD0C4
:10ABB0000B2B33D10129F3D1FB88002B4ED1B9F8EF
:10ABC0000630EA181179C1B1E85CD189537A0144A1
:10ABD000034413440A44934205D3C4E119780B4457
:10ABE0009A4240F2C08159780529F7D19A4240F241
:10ABF000BA819978404601F0D3FC0025A9F80650A7
:10AC00007A8870494046FFF789FC044630B33946DC
:10AC1000404601F0F9FC89F809506DE7684B1B6864
:10AC200013F0010364D107221C4689F8092063E769
:10AC30007B881A0A012A60D0022A4FD17B78812BA7
:10AC400000F04381862B49D10129A9D10B465E4AE8
:10AC50003946404601F0F2FC0028A1D1FF2389F8D3
:10AC60000930002448E701299AD1FB88012BF5D14E
:10AC7000B9F8062005EB020E39469EF803208DF840
:10AC800000206A4601F0DAFC04460028E6D089F884
:10AC900009A031E77B780A2B0AD00B2B0FD0484B49
:10ACA0001B68DF077FF559AF00BE0723337722E724
:10ACB000012900F0F3800023337701241CE70129E8
:10ACC000F9D17A8831464046FFF758FD002800F058
:10ACD000F9803946404601F097FCECE7384B1C6898
:10ACE00014F0010440F0D480072389F8093003E709
:10ACF00000BE072389F80930FEE67B78812B00F03F
:10AD00000F81862B00F0FC80012BE7D1012900F098
:10AD10000A8102297FF444AF2C4B002B3FF440AF53
:10AD200099F80A100020AFF30080B0FA80F489F897
:10AD300009006409E0E67B78812B00F0D380862B44
:10AD40007FF402AF0129B6D11F4A3946404601239C
:10AD500001F074FC0028AED1FF2333770024CBE64A
:10AD6000727F02B1737797F801C0BCF1010F00F058
:10AD7000E8800CF17F03DBB2062B3FF6E5AEACF1C9
:10AD80008104062C3FF6E0AEDFE804F02C3C3C3CAE
:10AD900004663C0001298ED1FB88022BDCD13024D3
:10ADA000394640466A46ADF8004001F047FC04468B
:10ADB0000028D1D0002333779EE600BF8C7400209A
:10ADC000F0ED00E080740020DD360300000000009C
:10ADD0007B78852BDED050D8012B00F0CB80812BE7
:10ADE0007FF4B2AE01297FF466AFFB88002BB3D0AD
:10ADF000B44A39464046302301F020FC00287FF455
:10AE00005AAFA9E701297FF456AFFB88002BA3D0E6
:10AE1000AC4CE94604F1300A20686168A268E36836
:10AE2000CE46AEE80F0010345445F146F4D19DF8FB
:10AE30000210002940F0C380BCF1830F00F0A48110
:10AE4000BCF1870F00F08581BCF1820F00F0818199
:10AE50000823337700244FE601297FF42CAFFB88C9
:10AE6000012B7FF479AF0B46974A3946404601F0F3
:10AE7000E5FB00287FF41FAF6EE7862B7FF464AEFE
:10AE800001297FF418AFFB88012B7FF465AFEBE756
:10AE900000BE072389F8093000242DE6FB88012B2A
:10AEA00010D1F38873B11D444046EA788DF8002034
:10AEB0000B466A46394601F0C1FB044610B186F8DC
:10AEC0001C9019E6FF23337715E601297FF468AE5D
:10AED0007E4A39464046012301F0B0FB00287FF44A
:10AEE0005FAEBBE601297FF4E6AE0B46404639462D
:10AEF00006F11C0201F0A2FB00287FF4DCAE2BE778
:10AF000001297FF44DAEFB88012B7FF4A7AE6E4A7A
:10AF10003946404601F092FB00287FF441AE9DE6A1
:10AF200001297FF43DAEFB88012B7FF497AE684A80
:10AF300039464046012301F081FB00287FF430AE02
:10AF40008CE601293FF454AF02297FF4B4AE5D4989
:10AF5000A1F11E00FFF732FB044600287FF4ABAEE0
:10AF600008233377C8E55B4B1B68DB077FF576AEBC
:10AF700000BE73E601293FF43BAF02297FF49BAE8C
:10AF80005049A1F11E00FFF719FB04460028E7D045
:10AF9000514B726BB2613BB14A4A71783078AFF372
:10AFA000008000287FF487AE002302214FF48072D6
:10AFB000C6E903337361A6F85010B2839CE59DF88F
:10AFC0000300002840F08C80F288002A3ED0AB18A5
:10AFD000AA5CB3F80D00414C104418441344984245
:10AFE00011D99A78112A0AD824FA02F2D50706D57F
:10AFF000DA78914203D107E05A78242AEFD01A7800
:10B0000013449842F8D80346BCF1830F56D0BCF1E4
:10B01000870F4BD0BCF1820F7FF41AAF01218DF85E
:10B0200003101A781A4490420ED9947804F0FD0562
:10B03000052D12D0112C03D10FE05478242CF2D01E
:10B04000147822449042F8D8024609E0214B1B684C
:10B05000DA077FF5FDAE00BEFAE6D478A142EFD163
:10B060009978042917D006297FF4F2AEB2F80510BA
:10B07000B2F8073003FB01F31B01DB08CDF81230F7
:10B080006A4639464046302301F0D8FA0446002883
:10B090007FF490AE60E6B2F80510B2F807205B7D51
:10B0A00002FB01F203FB02F3DB08E7E79A78042ACC
:10B0B00006D0062A7FF4CCAE9979B0E71979AEE7CD
:10B0C000997DACE7AA740020DE3603008974002065
:10B0D0008A740020F0ED00E0000000005010020033
:10B0E000019B002BCCD1F288002AAFD0AB1815F809
:10B0F00002E0B3F80D205A4D72449C1873449C42F0
:10B1000011D99A78112A0AD825FA02F2D20706D55F
:10B11000DA78914203D107E05A78242AEFD01A78DE
:10B1200013449C42F8D82346197819448C420ED90E
:10B130008B7803F0FD02052A2ED0112B03D12BE0D2
:10B140004B78242BF2D00B7819448C42F8D8214646
:10B1500025E001238DF8023001234FF00112029304
:10B1600000230392ADF810304FF6C04240F29B131B
:10B17000ADF81A20ADF81C303A4ACDF81E204FF435
:10B180000063ADF822307BE7F388002BE4D02B443A
:10B190001B7B8DF80230DFE7CB789842D3D1ACF13E
:10B1A0008203052B3FF654AE01A252F823F000BFF4
:10B1B00037B202001BB20200F1B1020051AE020030
:10B1C00051AE0200C9B10200D1F8152042F210734D
:10B1D000B2FBF3F30192D2B1DDF812208BB9931CCC
:10B1E000B3F5807F28BF4FF48073CDF8163047E762
:10B1F0004B7E63B9D1F8222042F21073B2FBF3F315
:10B20000E8E7013A1A44B2FBF3F30233E8E700231C
:10B21000ADF81630ADF8183032E74A7ECAB10532C3
:10B2200001EB8202D2F80220D1F81A3042F21071FA
:10B23000B3FBF1F3CEE74A7E72B1053201EB820235
:10B24000D2F80230D1F81A2042F21071B3FBF1F3B8
:10B25000C0E7D1F81E20E7E7D1F81E30F2E700BFC3
:10B2600050100200030101012DE9F84F344F3C89D1
:10B270005CB13B78334E03EB830203EB42020D4695
:10B28000B258224492788A4207D02F4B1B68DB07C2
:10B2900018D500BE0020BDE8F88FD7E904249442F9
:10B2A0000CD32A490022C7E903227A6119B17978BF
:10B2B0001846AFF300800120BDE8F88F834601F007
:10B2C000E3F810B90020BDE8F88F97F850307A699C
:10B2D0003969D7F81890A3EB02088844C1454C4659
:10B2E00028BF4446A34213D9174B1B6813F0010330
:10B2F00001D000BE0023164A2946584601F0E4F862
:10B300000028D8D1104B1B68DA07DBD500BED3E785
:10B31000F968A4EB030A50331144F818524605F0BB
:10B3200087FE7B69C14553447B6107D397F8512061
:10B3300042F00202A3B287F85120DCE7A3B2DAE7B9
:10B340008C74002080740020F0ED00E0000000000C
:10B35000DC7400202DE9F041B2F5004F9DF8188013
:10B360002CD80446C06816460F461D4618B14FF04B
:10B37000FF3103F0B7F9206918B14FF0FF3103F046
:10B38000B1F9C5F30E05E0682760002345EAC8352A
:10B390006381E580A680238118B11A46194602F020
:10B3A000E1FD206938B100231A46194602F0DAFDA2
:10B3B0000120BDE8F0810120BDE8F0810020BDE85A
:10B3C000F08100BF03894289808892B29BB2934288
:10B3D00036BFC2EB40029B1A9B189BB2984228BF13
:10B3E000184670470289438990B29BB2C01AB0FADE
:10B3F00080F04009704700BF03894289808892B27B
:10B400009BB2934236BFC2EB40029B1A9B189BB281
:10B41000984286BFC01A80B2002070472DE9F047DD
:10B42000054600698846914618B14FF0FF3103F098
:10B4300059F92B896C89AF889BB2A4B2A34236BF5D
:10B44000C4EB47061E1BF618B6B2002E4CD0B7420E
:10B4500042D34E4528BF4E46A742B6B203D8E41B9E
:10B46000A4B2A742FBD9B5F8069029683B1B9BB252
:10B47000C9F30E029E42914602FB041126D913FB2A
:10B4800002F3F71B1FFA83FA3C445246404614FB72
:10B4900009F405F0CDFD2968A2B208EB0A0005F019
:10B4A000C7FD6A89AF8892B293199BB29A421DD99F
:10B4B0007A009B1A9BB228696B8120B100231A463F
:10B4C000194602F04FFD3046BDE8F08702FB06F258
:10B4D000404605F0ADFDE4E7BB422CBFDC1BDC19A8
:10B4E000A4B26C813E46B4E76B899BB2B3EB470FC5
:10B4F0004FEA4702DFDBDCE738B5044600690D465A
:10B5000018B14FF0FF3103F0EDF822896389A1886B
:10B5100092B29BB29A4236BFC3EB4100D01A801858
:10B5200080B200B3814209D28A422CBF531A531809
:10B530009BB29942638103D85B1A9BB29942FBD9B3
:10B54000E2882168C2F30E02284602FB031105F0CF
:10B550006FFD0125206920B100231A46194602F02B
:10B5600001FD284638BD0546F4E700BF2DE9F04F40
:10B57000154683B01AB30646C068894618B14FF025
:10B58000FF3103F0AFF8F279B6F808807389B78815
:10B59000D2091FFA88F89BB215D1984536BFC3EB84
:10B5A0004703A8EB030343449BB29F422CD80025DA
:10B5B000F06820B100231A46194602F0D3FC284651
:10B5C00003B0BDE8F08FBD4250D2984536BFC3EB03
:10B5D0004702A8EB0302424492B279002A448A420D
:10B5E00019DB03EB070A1FFA8AFAAAEB05081FFA10
:10B5F00088F8434558D9A8EB01081FFA88F805EBED
:10B60000080A1FFA8AFA0AE0FB1A9AB2954228BF82
:10B610001546002DCCD005EB080A1FFA8AFA4745DB
:10B62000444603D8E41BA4B2BC42FBD2F388306882
:10B63000A7EB040B1FFA8BFBC3F30E02AB4502FB17
:10B6400004001CD302FB05F2494605F0F1FCB28868
:10B65000C2454FEA420302D3BAEB420F03DBAAEB27
:10B66000030A1FFA8AFAA6F808A0A1E7F188ED1BE1
:10B67000C1F30E0101FB059998463D46C9E71BFB46
:10B6800002FB1FFA8BFB019249465A4605F0D0FC9B
:10B69000EF1B019B3068274417FB03F292B209EBC2
:10B6A0000B0105F0C5FCD2E74145B8DCA3E700BFBC
:10B6B00010B50446C06818B14FF0FF3103F012F81E
:10B6C000206918B14FF0FF3103F00CF8E068002357
:10B6D0006381238118B11A46194602F043FC2069A0
:10B6E00020B100231A46194602F03CFC012010BD8F
:10B6F00038B50446C0680D4618B14FF0FF3102F06E
:10B70000F1FF206918B14FF0FF3102F0EBFFE37950
:10B71000E06865F3C713E37120B100231A461946A8
:10B7200002F020FC206920B100231A46194602F0DD
:10B7300019FC012038BD00BF2DE9F0411B4D1C4F05
:10B740002A781C4E0024804623460DE0336813EB14
:10B75000441323D0DB68404698472A780134E4B28A
:10B76000511DA142234606DBA242A3EB0203EDD802
:10B7700007EB4313EEE7104C38222046002105F07A
:10B780007FFC4FF0FF33C4E90233C4E90533C4E959
:10B79000073323616360A384BDE8F081074B1B6816
:10B7A000DB07F9D500BEBDE8F08100BFE0750020E1
:10B7B000EC360300DC75002034760020F0ED00E06C
:10B7C000704700BF704700BF0020704700207047DF
:10B7D000704700BF704700BF704700BF704700BF91
:10B7E000024B5878003818BF01207047347600208B
:10B7F000024B1878C0F38000704700BF34760020F9
:10B80000024B1878FF3818BF012070471C610020D8
:10B810002DE9F043334E3378FF2B83B003D0012062
:10B8200003B0BDE8F0833822002105462E4805F01C
:10B8300027FC2E4B2E49002701201F7002F042FDED
:10B840002C4B186000283DD02B4C2346626833F8FF
:10B850000C0B0097618802F013FBA168044603F00B
:10B86000EDF8264B1C6024B3254B23B12548AFF3DC
:10B870000080254B1860234FDFF894903A78DFF86A
:10B880008880002423460EE0D8F8003013EB4413E0
:10B890000FD05B686BB198473A780134E4B2511D20
:10B8A000A142234614DBA242EED89B1A09EB4313B4
:10B8B000EFE7164B1B68DB0700D500BE002003B086
:10B8C000BDE8F083114B1B68DA07F7D500BEA7E788
:10B8D0002846357001F0E6F8284601F0E5F8012029
:10B8E0009EE700BF1C6100203476002034770020E2
:10B8F000E47500206C760020C06000207076002087
:10B9000000000000E0750020DC750020F0ED00E094
:10B91000EC3603002DE9F04FDFF8209399F8003062
:10B92000FF2B8DB031D004464FF47A720023800291
:10B93000A10D05F0B9F9012838BF0120BA4DDFF893
:10B9400000A3DFF800B30646671C286800F0CE802D
:10B95000002C14BF3246002209A902F067FDA0B1F5
:10B960009DF82530013B072B00F2AB83DFE803F0A5
:10B97000B3AAA1968E3D10040A9B0BB10B98984771
:10B98000286803F02BF80028DED10DB0BDE8F08F59
:10B990009DF82810A54B01F07F0703EB470303EB4D
:10B9A000D11393F826006FF3000083F8260093F874
:10B9B00026006FF3820083F82600002F00F0A58098
:10B9C0009B4A1B7D12789342C0F09280501D984292
:10B9D000C0F294809B1A0AEB43139F699DF82920BB
:10B9E0000B9B9DF82400B847CAE7924A1378002BB6
:10B9F00000F084801378013BDBB21370137803F0FE
:10BA0000FF00002BBCD1894F9DF824803B7843F088
:10BA100001033B7097F8263060F3000387F8263067
:10BA200097F8263060F3820387F8263097F827309E
:10BA300060F3000387F8273097F8273060F382031C
:10BA400087F8273000F05EFE9DF8283003F0600292
:10BA5000602A0BD0402A00F0F78003F01F03012B6F
:10BA600000F0AD80022B79D0002B56D0724B1B68B2
:10BA7000DF0700D500BE9DF82400002101F094FAF4
:10BA80009DF82400802101F08FFA79E7674B1B783D
:10BA9000D9077FF575AFFFF7A1FE71E7634B1A7801
:10BAA000D0077FF56DAF1878C0F3C000FFF794FEA4
:10BAB00066E75E4BDB78DA077FF562AF0A98FFF73F
:10BAC00081FE5DE79DF82400FFF736FE00F010FED2
:10BAD000FFF780FE54E79DF82400FFF72DFE00F0ED
:10BAE00007FE524B9DF828209A7049E7224633E71B
:10BAF000DBF8002012EB43137FF46FAF4E4B1B6853
:10BB0000DC077FF542AF00BE3FE70B9B9DF8292085
:10BB10009DF8240000F008FE32E7202A00F0A38000
:10BB2000002AA3D19DF82930092B9FD801A252F8F1
:10BB300023F000BFBDBD0200A1BD02006DBA02002E
:10BB400085BD02006DBA02006BBD0200F5BD0200AA
:10BB50006DBA0200DFBD02008FBC02009DF82C1000
:10BB600001F07F03082B81D807EB430000EBD110D5
:10BB7000DFF8BCC090F814E09CF800000190C80900
:10BB80000290019886454FEA430380F08381DBF8F9
:10BB9000000000EB4E100190002A00F059810028AF
:10BBA0003FF469AF019F786900F0ACFD7B694046C6
:10BBB0000AAA0121984700287FF4E2AE5BE79DF8CE
:10BBC0002C300F2B3FF657AF3B44194A1B7917789F
:10BBD000BB4280F05781DBF8007017EB43173FF44E
:10BBE0004AAF786900F08EFD7B690AAA01214046C0
:10BBF000984700287FF4C4AE9DF8287017F06007BE
:10BC00007FF439AF9DF829300A3B012B3FF633AF63
:10BC100000F078FD9DF829300A2B0AA9404600F073
:10BC2000B58100F0F1FCABE67076002034760020A0
:10BC3000E075002034770020F0ED00E01C6100206A
:10BC4000EC360300DC750020BF4800283FF413AF3A
:10BC500000F058FD40460AAA0121FCF787FE0028A3
:10BC60007FF48EAE07E79DF82C300F2B3FF603AF25
:10BC70003B44B64A1B791778BB4280F04A81DBF817
:10BC8000007017EB43173FF4F6AE78698CE79DF828
:10BC90002A207B789A4200F046817B78002B40F086
:10BCA00094817A70002A00F03C81501EC0B2FCF7EB
:10BCB0009FFC002800F05D814378022B40F0598101
:10BCC000C2793978C2F340131B01C2F3801221F00C
:10BCD000300143EA42130B433B704388CDF8188090
:10BCE000CDE90164C318049300F10901049B8B4260
:10BCF00040F28F814B780B2B03BF0B7891F80380B8
:10BD0000C9184FF001084B78042B40F03081049B98
:10BD10005A1A8E4B002692B21B78059203961CE0AD
:10BD2000DBF8004014EB461400F021812369059AEA
:10BD30000698079198470828079906F101030246DB
:10BD400003D90598904280F0F380DEB27F4B0396D2
:10BD50001B785A1D964200F30A81039AB342A2EB64
:10BD60000303DDD80AEB4314E0E70AA800F0D0FC97
:10BD70009DF82A10404600F09DFE3B7843F00203F8
:10BD80003B70FDE5BDF82A30012B7FF474AE3B78A3
:10BD9000404643F008030AA93B7000F035FCEFE58C
:10BDA000BDF82A30012B7FF466AE3B7840466FF336
:10BDB000C3030AA93B7000F027FCE1E53B789F082C
:10BDC00007F00207C3F340131F43404602230DF15F
:10BDD00022020AA9ADF8227000F030FCD0E57B7891
:10BDE0008DF82230404601230DF122020AA900F00D
:10BDF00025FCC5E5BDF82A00030A5A1EC0B20E2A6A
:10BE00003FF639AE01A151F822F000BF5FC0020039
:10BE10004FC002003FC0020077BA020077BA0200AA
:10BE200021C002004FC0020077BA020077BA0200B8
:10BE300077BA020077BA020077BA020077BA020036
:10BE400077BA0200EDBF0200002A7FF414AE01921F
:10BE50009DF8292002F0FD00012827D0002A7FF458
:10BE600005AE029A3B441344404693F826700DF108
:10BE70002202C7F3400702230AA9ADF8227000F09E
:10BE8000DDFB7DE57A1D9A42FFF6F5ADDB1B0AEB83
:10BE90004317A6E600F1050CF445D5DBAEEB000038
:10BEA0000AEB40100190002AD2D07BE6BDF82A00B0
:10BEB0000390B0B9012A71D099F80000039301F002
:10BEC00073F8039B029A3B44134493F8262042F0F4
:10BED000020283F8262093F8262042F0010283F81C
:10BEE0002620019B002B3FF44BAD586900F00AFC63
:10BEF000019B0AAA5B69012140469847002000F097
:10BF000001FC97F82730DB073FF53AAD0AA9404618
:10BF100087E67A1D9A42FFF6AEADDB1B0AEB4317AC
:10BF2000B3E6FFF757FC40460AA900F06DFB27E592
:10BF3000B8F1010F00F0B380B8F1000F00F09E805F
:10BF400091F802E0002307E06D890200E07500200F
:10BF5000A045067140F292800EEB030057FA80F084
:10BF6000013390F804C0BCF1FF0FDCB2F0D0DDE982
:10BF70000164574B1B68D90700D500BE544B1B68A2
:10BF8000DA0700D500BE00237B7074E501230DF1B4
:10BF900022028DF8227000F051FBF1E499F80000C4
:10BFA000049301F025F8049B029A03993B4413443F
:10BFB00093F8262061F3410283F8262093F8262087
:10BFC00061F3000283F826208BE7002140460292AD
:10BFD00000F082FD404600F027FEBB78019340460A
:10BFE000FFF7AAFB019B029ABB705AE6394B002B64
:10BFF0003FF441ADFCF7B6FC024600283FF43BADF0
:10C00000538840460AA900F019FB00287FF4B8AC19
:10C0100031E5DDE90164DDF81880FFF7D9FB82E73F
:10C02000FFF7D2FB024600283FF425AD13784046C7
:10C030000AA900F003FB00287FF4A2AC1BE5BDF8C1
:10C040002C10FCF7DBFA02460028EFD113E5022B97
:10C0500031D0FFF7BBFB02460028D1D10BE5FCF73E
:10C06000C3FA024600283FF401AD404612230AA954
:10C0700000F0E4FA00287FF483ACFCE43346164871
:10C080000792059101F0D2FD144B079A05991B7890
:10C090001144039A05339A427FF728AE67E7236974
:10C0A0000F4C1048A34208BF4FF00208834208BF5C
:10C0B0004FF0020844E7FCF79BFA024600289FD1A4
:10C0C000D4E4034B1B68DB077FF55AAC00BE57E492
:10C0D000F0ED00E06589020048760020E075002060
:10C0E0004D8D0200419502002DE9F0434378023B5B
:10C0F00085B005460E46042B0CD8DFE803F0485CFB
:10C10000037D3E007E4B1A78D70715D51A7842F08A
:10C1100004021A707B4B18688EB933464FF0FF3219
:10C12000294601F01FFF003818BF0120E8B16978E7
:10C1300028783246FFF744FB05B0BDE8F0830023C2
:10C1400001AA2946019302F0F3F8019B43B16E4B1B
:10C150004FF080525A6040BFBFF34F8FBFF36F8FD5
:10C16000003818BF01200028E1D1684B1B68DB07AD
:10C17000E2D500BE05B0BDE8F083654A137801330F
:10C18000DBB213705F4B1868002ED8D1C5E75C4B4B
:10C190001A786FF300021A701A7800216FF34102C7
:10C1A0001A7059701A7861F382021A70554B186828
:10C1B000002EC4D1B1E7574FDFF85C813978DFF842
:10C1C0005C91002423460AE0D9F8003013EB4413B5
:10C1D0000AD10134E4B24A1DA242234615DB8C4247
:10C1E000F2D35B1A08EB4313DB69002BF1D06968CB
:10C1F000287898473978ECE7414B1A78D4079BD5D3
:10C200001A786FF382021A7084E73D4C237858073E
:10C210002BD523783B4A6FF382032370297810686B
:10C2200000230522CDE9013303938DF804108DF826
:10C23000052001A9002E51D06A46009302F078F83B
:10C24000009B43B1304B4FF080525A6040BFBFF368
:10C250004F8FBFF36F8F003818BF0120002846D1E1
:10C260002A4B1B68D90700D500BEE378DA077FF5B3
:10C2700063AF244A6B682978106802930322002375
:10C28000019303938DF804108DF8052001A9E6B100
:10C290006A46009302F04CF8009B43B11A4B4FF0F2
:10C2A00080525A6040BFBFF34F8FBFF36F8F00388B
:10C2B00018BF012000283FF458AF9DF805109DF8E5
:10C2C00004003246FFF77CFA36E733464FF0FF3280
:10C2D00001F048FE003818BF0120EBE733464FF06D
:10C2E000FF3201F03FFE003818BF0120B6E79DF88D
:10C2F00005109DF804003246FFF762FAB5E700BF6B
:10C30000347600207076002000ED00E0F0ED00E0D3
:10C3100034770020E0750020EC360300DC75002047
:10C320002DE9F84F0A9F002A3ED0DFF88890DFF809
:10C3300088800C461E4615464FF0000B18E098F812
:10C34000021099F800A001F03DFC0346214650463A
:10C35000E3B100F0D5FBF0B1A378DA0916BF0B9A70
:10C360003B70137023780BF1010BAB451C441BD0C1
:10C370006378052B20460ED1E17801F00301B1422C
:10C3800009D1A37803F07F03082BD8D9084B1B6889
:10C39000DA0700D500BE064B1B68DB0702D400207D
:10C3A000BDE8F88F00BEFAE70120BDE8F88F00BFB6
:10C3B000F0ED00E01C6100203476002070B51D4EC9
:10C3C00084B000230825CDE90201019330688DF87F
:10C3D0000550144682B9134601A94FF0FF3201F00F
:10C3E000C1FD003818BF0120D8B9134B1B68DB070B
:10C3F00000D500BE04B070BD6A4601A9009301F0EB
:10C4000097FF009B43B10D4B4FF080525A6040BFE5
:10C41000BFF34F8FBFF36F8F003818BF0120002884
:10C42000E3D09DF805109DF804002246FFF7C8F9F7
:10C4300004B070BD70760020F0ED00E000ED00E08B
:10C4400038B58B7803F07F03082B06D90B4B1B689C
:10C45000DB0700D500BE002038BD094A094B0C4659
:10C46000204691781D7801F0ADFB0028EED02146E2
:10C470002846BDE8384000F043BB00BFF0ED00E0C7
:10C48000347600201C610020CB090548054A26337C
:10C4900001F07F0103EB41010844116801F048BB42
:10C4A000347600206C760020CB090548054A2633F7
:10C4B00001F07F0103EB41010844116801F064BB06
:10C4C000347600206C760020154838B501F07F05E1
:10C4D00000EB450000EBD1142034A079C00706D54D
:10C4E000104B1B68DA0700D500BE002038BDA579C7
:10C4F0000D4845F001050078A57100F049FC0028C1
:10C50000F4D1A379074A60F30003A371A37960F320
:10C510008203A3711368DB07E7D500BE38BD00BFF7
:10C5200034760020F0ED00E01C610020054B01F0A6
:10C530007F0203EB420303EBD11191F8260000F0D8
:10C54000010070473476002010B50C4B18780C466B
:10C5500000F02AFD0A4B04F07F0103EB410303EBDB
:10C56000D41191F8263043F0020381F8263091F877
:10C57000263043F0010381F8263010BD1C610020F5
:10C5800034760020054B01F07F0203EB420303EBFE
:10C59000D11191F82600C0F3400070473476002096
:10C5A000144BFBB110B5144B18780C4600F086FB09
:10C5B000124B04F07F0103EB410303EBD41191F81C
:10C5C00026306FF3410381F8263091F826306FF35F
:10C5D000000381F8263091F826306FF3820381F84A
:10C5E000263010BD064B1B68DB0701D500BE704727
:10C5F000704700BFBDCC02001C61002034760020D3
:10C60000F0ED00E0704700BF0B4630B40A4C4968BB
:10C6100005461868224603C293F9002000239A4277
:10C62000C4E902332846A8BF802130BCB8BF1946F0
:10C630001A46FFF749BF00BF38770020F0B50C4617
:10C64000284F496806462068BA603D4603C5002168
:10C65000F981E588AB4228BF2B4683B0BB81A5B1E9
:10C660001BB352B397F90000402B28BF402300288A
:10C670002ADB1D4A3046FFF727FF98B91B4B1B6882
:10C68000DB071ED500BE03B0F0BD94F90030002BCF
:10C69000ACBF8021002130462B462A46FFF714FF0D
:10C6A0000028EBD0012003B0F0BD97F90020002A4C
:10C6B000ACBF194680211A46DCE70C4B1B68D90732
:10C6C0000CD4002003B0F0BD1146074801931A4670
:10C6D00004F0AEFC044A019B8021CBE700BE10466B
:10C6E000E1E700BF387700204C770020F0ED00E054
:10C6F000034B0022C3E90022C3E902221A617047FA
:10C7000038770020014B1861704700BF3877002050
:10C710000346044A59680068134603C30023C2E96C
:10C720000233704738770020F0B5404C2578C909AE
:10C73000B1EBD51F83B01F4606461FD03BB13C4B23
:10C740001B68DA0700D500BE002003B0F0BD21460B
:10C75000FFF758FF236973B12246304603219847FB
:10C76000012003B0F0BD0146304600F01DFC30460C
:10C77000802100F019FC012003B0F0BD94F90020E5
:10C78000002A06DBA0680028DED02A491A4604F0F9
:10C790004FFCE589A168E2883D44ADB23944AA4224
:10C7A000E581A16015D03F2F13D9A28994F900002B
:10C7B000531B9BB2402B28BF4023002824DB95420B
:10C7C00030D01C4A00213046FFF77EFE0028D2D12F
:10C7D00014E023692BB1154A0221304698470028FE
:10C7E000C1D094F9002000239A42ACBF80211946A1
:10C7F00030461A46FFF768FE0028BCD10C4B1B6878
:10C80000DB07A1D500BEA0E7954208D01A4609482B
:10C81000019304F00DFC074A019B8021D3E780219E
:10C820000022D0E700210A46CDE700BF387700207C
:10C83000F0ED00E04C77002042DF704743DF7047A7
:10C8400044DF704712DF7047F0B4364CBFF35B8FA4
:10C85000014604F590730125D3E84F2FC3E8405FEC
:10C860000028F9D1BFF35B8F12F0FF0F3CD10829EC
:10C870002CD004EB41122C482C4F01F5947301EBA2
:10C88000810C50F823609388D2889A1A93B2B6B27A
:10C8900000EB8C024FEA411CB34208B228BF33467A
:10C8A00054F80C60C2F8006707EB8101C2F8043746
:10C8B00047F82050BFF36F8FBFF34F8F1C4B994247
:10C8C00009D0043B994206D0F0BC7047164BD3F810
:10C8D000C024D10313D5BFF35B8F002384F820312C
:10C8E000BFF35B8FF0BC7047124B13485A68C2F31A
:10C8F0000802003AF0BC18BF0122FFF75FBD94F8B0
:10C900000B110029E7D00D49D4F80001C3F8A007A6
:10C91000C3F8A4270D60BFF36F8FBFF34F8FF0BC38
:10C92000704700BF8C7700200070024028700240E2
:10C930005070024000ED00E0B5C9020048700240AE
:10C94000174BBFF35B8F01460122D3E84F0FC3E8BB
:10C950004C2FBCF1000FF8D1BFF35B8F10F0FF0F2D
:10C9600014D10A60BFF36F8FBFF34F8F0D4B994205
:10C9700003D0043B994200D070470B4BBFF35B8F51
:10C98000002283F82021BFF35B8F7047074B0848D4
:10C990005A68C2F30802003A18BF0122FFF70EBD21
:10C9A000AC780020507002408C77002000ED00E051
:10C9B00041C90200F0B4344CBFF35B8FC1B204F53F
:10C9C00090730125D3E84F2FC3E8405F0028F9D1C9
:10C9D000BFF35B8F12F0FF0F39D1082929D02B4804
:10C9E0002B4F01F5947304EB411250F823609388A8
:10C9F000D28801EB810C9A1A93B2B6B200EB8C028A
:10CA00004801B3422058C2F8000728BF3346C2F895
:10CA1000043707EB810047F82150BFF36F8FBFF356
:10CA20004F8F1C4B984209D0043B984206D0F0BC73
:10CA30007047164BD3F8C024D10313D5BFF35B8FD7
:10CA4000002384F82031BFF35B8FF0BC7047124B9A
:10CA500012485A68C2F30802003AF0BC18BF01221B
:10CA6000FFF7ACBC94F80B110029E7D00C49D4F8BF
:10CA70000001C3F8A007C3F8A4270D60BFF36F8FB0
:10CA8000BFF34F8FF0BC70478C77002000700240DE
:10CA9000287002405070024000ED00E0B5C902006D
:10CAA00048700240704700BF014B80225A607047B7
:10CAB00000E100E0074BD3F80014D3F80024002075
:10CAC0000A434FF48001C3F80024C3F85801C3F8A7
:10CAD0000413704700700240074B4FF4001229B155
:10CAE000C3F80423054B83F821117047C3F80823CA
:10CAF000024B83F821117047007002408C770020B0
:10CB000030B48A788C88C878434D02F07F014B009E
:10CB100003EBD21305EB031300F00300C4F30A0484
:10CB200001281C814FEAD2142FD0DCB13B488C1C69
:10CB3000012303FA04F4C0F80443D0F8104503FAC3
:10CB400001F12143C0F81015344B42F48071C3F851
:10CB50001825C3F80C15BFF36F8FBFF34F8F01205B
:10CB600030BC70472D4801F10C05012303FA05F58F
:10CB7000C0F80453D0F814558B4001F594712B4341
:10CB8000C0F8143540F82140DEE7082907D0244BCF
:10CB9000186810F00100E3D000BE0020E0E7ECB917
:10CBA000B5F818311BB11D4B8022C3F81C251B4A58
:10CBB0000023C2F85031D2F8003313F4001308BF39
:10CBC000C2F85431154B4FF44012C3F80423D3F884
:10CBD000142542F48072C3F81425BCE7B5F8082187
:10CBE0000E4B0021C3F82C1112B18022C3F81C2572
:10CBF0000A4AD2F8003313F4001308BFC2F85431C4
:10CC0000064B084AC3F80423D3F8102542F4807277
:10CC1000C3F810259FE700BF8C770020007002400A
:10CC2000F0ED00E0000820001E4B80222DE9F041CD
:10CC3000C3F88420BFF34F8FBFF36F8F1A4D1B4F84
:10CC40000D244FF0010800261949A000A4F10A03A1
:10CC5000014408FA04F208FA03F31343C7F808334F
:10CC600028464E6001348E622022002104F008FA2A
:10CC7000142C05F12005E7D10E4BC7F8083320220C
:10CC8000C7F81C6500217E620B48BE6404F0F8F909
:10CC9000C7F81485C7F81085024B80225A60BDE89A
:10CCA000F08100BF00E100E0AC770020007002409E
:10CCB000D06F0240000830008C78002001F07F0324
:10CCC000082B30B44FEAD1112DD0D9B12E4A2F48BC
:10CCD00001219C1C01FA04F4C2F80843D2F8104563
:10CCE00001FA03F524EA0504C2F8104501EB4303F9
:10CCF00000EB03130022DA72BFF36F8FBFF34F8F85
:10CD000030BC7047204C2148012203F10C0502FA87
:10CD100005F5C4F80853D4F814559A4025EA0202E0
:10CD2000C4F81425E2E7194800EB01130022A3F828
:10CD30000821154BD9B14FF40062C3F80823D3F88A
:10CD4000102522F48072C3F81025B0F81821B0F82D
:10CD500008410D4BE2424FF0000508BF4FF40012AE
:10CD6000C3F81C5508BFC3F808230823BEE74FF4D7
:10CD70008012C3F80823D3F8142522F48072C3F874
:10CD80001425C3F85011E0E7007002408C770020B2
:10CD900001F07F00F0B57B4E440004EBD11406EBAC
:10CDA000041C0D469CF80B1085B0002940F0A280B1
:10CDB000240101F0FF0732514FEAD51EACF80430D0
:10CDC000ACF8067000283ED1002B53D16E4AD2F841
:10CDD0008024C2F3C01272454CD06C4F7968019325
:10CDE000C1F3080100394FF0070218BF012101A863
:10CDF000CDE902338DF805208DF809308DF8085003
:10CE0000FFF772F9BFF35B8F06F590720123D2E84A
:10CE10004F1FC2E8403F0028F9D1BFF35B8FCCB26F
:10CE2000002C40F08E805A4A1360BFF36F8FBFF31F
:10CE30004F8FBFF35B8F1C4686F82011BFF35B8FCB
:10CE4000204605B0F0BDBEF1000F16D106EB40162E
:10CE50000123F372BFF36F8FBFF34F8FB37A2BB100
:10CE6000F37A03F0FF04002B40F083800124204676
:10CE700005B0F0BDBEF1000F46D006EB401100EB4F
:10CE80008003CD8A8A8A0C8B0969521B9B0092B25F
:10CE900003F1804303F51C33A24228BF22463D4DD7
:10CEA000C3F80016C3F804263B4BBFF35B8F05EBBA
:10CEB0008001012200B2D3E84F4FC3E8472F002F73
:10CEC000F9D1BFF35B8FE4B2002C47D145F82020A5
:10CED000BFF36F8FBFF34F8F2D4B994202D0043BAE
:10CEE0009942C3D1BFF35B8F002386F82031BFF393
:10CEF0005B8FBBE7294B1C6814F00104A0D000BE77
:10CF00000024204605B0F0BD0123234AF372BFF38D
:10CF10005B8FD2E84F4FC2E8413F0029F9D1BFF300
:10CF20005B8FE4B254BB1E4A1360BFF36F8FBFF335
:10CF30004F8FBFF35B8F86F820E11C46BFF35B8FFA
:10CF40007EE77A6812491748C2F30802003A18BF10
:10CF50000122FFF733FA204605B0F0BD0B4B114814
:10CF60005A68C2F30802003A18BF0122FFF726FAF6
:10CF700066E786F80AE0FFF767FC61E7034B0849BC
:10CF80005A68E0E78C7700200070024000ED00E076
:10CF90005070024004700240AC780020F0ED00E0D8
:10CFA0004C70024041C9020011F07F0008B507D162
:10CFB0000D4B01225A65BFF36F8FBFF34F8F08BD32
:10CFC0000828F8D0084B41F48072C909C3F8182525
:10CFD000F1D1064B03EB40139A7A002AEBD09972F9
:10CFE000FFF732FCE7E700BF007002408C770020BB
:10CFF00011F0770F12D00A4B41F48072C3F80C1570
:10D00000C3F80C25CA09C3F8181504BF01F59471BB
:10D0100043F82120BFF36F8FBFF34F8F704700BFDE
:10D02000007002402DE9F04F974B9848D3F8001359
:10D03000002389B01D461E46012421FA03F2D207BF
:10D040000BD550F8232042B104FA03F240F82360D4
:10D050001543BFF36F8FBFF34F8F0133192BECD103
:10D06000EF0700F14682DFF834B22E0508D5864B73
:10D07000D3F8A83601229BB2ABF816318BF81C21ED
:10D08000AC0200F1EB8105F4800404B37E4AD2F8CF
:10D09000004440F201732340E705C2F8003400F178
:10D0A0009382660510D5784B0122C3F808259A654E
:10D0B000D3F8002312F4001208BFC3F85421724BB6
:10D0C0004FF40012C3F80423A00500F17082290276
:10D0D00040D56D4BD3F880E4D3F88414D3F888643A
:10D0E000D3F88C44D3F89074D3F89404D3F89824EC
:10D0F000D3F89C341EF07F0F5FFA80F8C9B2F6B205
:10D10000E4B25FFA87FC5FFA82F9D8B25FFA8EFA6E
:10D1100001D105291ED000273B463A466AF3070392
:10D120006CF3070261F30F2368F30F2266F31743D2
:10D1300069F3174264F31F6360F31F624FF4C06426
:10D14000012105A8CDE90632ADF81670ADF81440FE
:10D15000FEF7CAFF4E4B2B40002B40F01082DFF849
:10D160003C81494EC346C14608F5907700241FE034
:10D170005B44DA7A002A00F0A082DA88A9F8042059
:10D180000022DA72DB8806929BB2079305A8072378
:10D19000012105928DF819208DF818A08DF8153011
:10D1A000FEF7A2FFBAF1080F4BD0013409F12009B4
:10D1B00004F10C0325FA03F3DA075FFA84FAF1D5D8
:10D1C00004EB840206EB8202D9F80030D2F808178B
:10D1D0000BEB441213FA81F3C9F80030D38889B2FB
:10D1E00011FA83F39BB2082CD3804FEA4413BFD0CB
:10D1F000B9F808008842BBD1D288B9F8041092B2BD
:10D200009142B5D9BAF1000FCCD10122BFF35B8FA7
:10D21000D7E84F3FC7E8412F0029F9D1BFF35B8F13
:10D2200013F0FF0F40F06F821A490A60BFF36F8F4F
:10D23000BFF34F8FBFF35B8F8BF82031BFF35B8F52
:10D24000B3E7154B2B40002B00F005810E4BD3F8B4
:10D250006C94C3F86C94BFF36F8FBFF34F8F15F4CA
:10D26000806500F0A181D3F88024D3F8803483F066
:10D270008003C3F3C0130393C2F3C0130293DFF818
:10D2800008A0002414E000BF0070024000710240BA
:10D29000FCFB1F004C700240000400018C77002052
:10D2A000002C00F02181072F56D0013408F120080E
:10D2B00029FA04F104EB840311F0010F0AEB830354
:10D2C0000BEB4412E7B24FEA840EE9D0D3F808061C
:10D2D000D8F81060C0B20644C8F81060D18A10FABD
:10D2E00081F189B2D182D18AB8F8145089B2A942A9
:10D2F000BE497144019167F07F0100914FF0000C2D
:10D300004FF0010105A880F0DD80D18AB8F818201F
:10D31000C3F800666D1AADB2954228BF1546C3F832
:10D320000456B34ABFF35B8F01231946D2E84F3F3F
:10D33000C2E8401F0028F9D1BFF35B8F13F0FF0F45
:10D3400040F02581A94B01224EF80320BFF36F8FD7
:10D35000BFF34F8F072FA8D119F4803F01D1039B52
:10D360006BB19BF80B303BB1BBF80630BBF8042027
:10D370009BB29A4200F2A88101238BF80A3019F47B
:10D38000003F0DD09BF82B303BB1BBF82630BBF8EB
:10D3900024209BB29A4200F29B8101238BF82A3011
:10D3A00019F4802F0DD09BF84B303BB1BBF84630C1
:10D3B000BBF844209BB29A4200F2C38101238BF850
:10D3C0004A3019F4002F0DD09BF86B303BB1BBF8FD
:10D3D0006630BBF864209BB29A4200F2C2810123FE
:10D3E0008BF86A3019F4801F0DD09BF88B303BB15D
:10D3F000BBF88630BBF884209BB29A4200F26C8165
:10D4000001238BF88A3019F4001F40F0198119F4B8
:10D41000800F0DD09BF8CB303BB1BBF8C630BBF8CA
:10D42000C4209BB29A4200F25F8101238BF8CA307C
:10D4300019F4000F0FD09BF8EB30002B00F039816E
:10D44000BBF8E630BBF8E4209BB29A4240F231814F
:10D450000720FFF7F9F909B0BDE8F08F654BD3F865
:10D460001425D0050ED515F4800400F0F780D3F80C
:10D470000024D20740F1F280D3F81035DB0500F12B
:10D48000C5800DE0D3F81025D10500F1BD809BF8D3
:10D4900021211AB94FF40012C3F8082305F48004BF
:10D4A00005AE544A0023D2F8202573603046069218
:10D4B00001214FF440720593B360ADF81420FEF7DC
:10D4C00013FEE2E5D38ACDF814C09BB2CDE906C3C2
:10D4D0004FF007038DF81530009B8DF818308DF84C
:10D4E00019C0FEF701FEDEE6029900293FF4DDAE29
:10D4F000ECE63E4B3F4ADFF80CB13F4800240127E1
:10D50000C2F81475C2F81075546094625C609C6235
:10D510009C60DC62DC601C631C615C635C619C631E
:10D520009C61DC63DC611C6454629464C2F8584101
:10D53000D2F80034D2F800140B43C2F80034D2F809
:10D540000033C2F808332146C2F8040358464FF4AA
:10D55000927203F095FD05AE40234FF48072394678
:10D560003046ABF81830ABF80830C6E901440594F2
:10D570008DF81840ADF81420FEF7B6FD75E50023D0
:10D58000BFF35B8F8BF82031BFF35B8FE7E51B4B5D
:10D590001B485A680199C2F30802B2EB0C0218BF8B
:10D5A0000122FEF70BFF7EE6CDE9025567E6002378
:10D5B0004FF4A06205A80121CDE905330793ADF82A
:10D5C0001420FEF791FD82E500230121C2F82C15FD
:10D5D00005A8CDE9053307934FF48063ADF8143007
:10D5E000FEF782FD66057FF56FAD5CE504700240D5
:10D5F000AC780020007002400514C00100ED00E08E
:10D6000041C902008C77002005F480049BF81C318E
:10D61000002B3FF445AFBBF8163105AE00229BB29C
:10D6200005928BF81C217260304607220793012176
:10D6300088238DF81520ADF81830FEF755FD30E73A
:10D640009BF8AB3033B1BBF8A630BBF8A4209BB23B
:10D650009A4245D801238BF8AA30D8E6434BBFF352
:10D660005B8F0122D3E84F1FC3E8402F0028F9D178
:10D67000BFF35B8F11F0FF0F51D13D4BD3F8C004C6
:10D68000C60335D49BF80B1101F0FF0600295CD0CE
:10D690003849DBF80061C3F8A067C3F8A4070A6043
:10D6A000BFF36F8FBFF34F8FD3F81035D905ADD4CB
:10D6B000F6E601238BF8EA30CDE62F4B1B68DB073B
:10D6C0007FF5C9AE00BEC6E60020FFF7BDF856E6FE
:10D6D0000120FFF7B9F863E60420FFF7B5F892E6FA
:10D6E0000520FFF7B1F892E60620FFF7ADF89FE6B8
:10D6F000BFF35B8F8BF82011BFF35B8FD3F810352E
:10D70000D80583D4CCE61D4B1D485A681D49C2F389
:10D710000802003A18BF0122FEF750FE45E5174BFC
:10D7200019485A68C2F30802003A18BF01220821BA
:10D73000FEF744FE0E4BD3F81035DF053FF566AF1C
:10D74000AEE60220FFF780F83BE6BFF35B8F8BF875
:10D750002061BFF35B8FD3F81035DA053FF556AF84
:10D760009EE60320FFF770F83CE600BFAC7800208F
:10D770000070024048700240F0ED00E000ED00E073
:10D7800041C902004C700240B5C90200F0B5012841
:10D7900085B006D0022800F08B80002843D005B069
:10D7A000F0BDB34BD3F80025002AF8D00022C3F80F
:10D7B0000425BFF36F8FBFF34F8FAE498020C1F8B0
:10D7C0008400BFF34F8FBFF36F8FD3F80013C3F8FC
:10D7D0000813C3F80025BFF36F8FBFF34F8F43F2D9
:10D7E000040103F18D53096803F5772303F2DB533A
:10D7F000994201AC00F07A819F4B01221A609F4B45
:10D800005968C1F3080100394FF000034FF400726A
:10D8100018BF01212046C4E901330193ADF804206B
:10D82000FEF762FCBBE7924BD3F80025002AB6D185
:10D830004FF480014FF40062C3F80813C3F80024CA
:10D84000BFF36F8FBFF34F8F8D4B1B68082B00F01A
:10D85000CC80874B0122C3F80025BFF36F8FBFF345
:10D860004F8F43F2040203F18D53126803F57723BF
:10D8700003F2DB539A4200F0E2804FF08043D3F88A
:10D880000C24D3F80C34DF0300F1ED8043F20402E2
:10D890007C4B12689A4200F007817B4B00221A6091
:10D8A0001B6801934FF08043012201991A6076E7CB
:10D8B0006F4BD3F80435002B4AD16D4AD2F80034AF
:10D8C0001805FBD54FF40063C2F80034BFF36F8F27
:10D8D000BFF34F8F6A4B1B68082B4BD0644B654DD1
:10D8E00080240122C3F81C45C3F80423C5F88441F1
:10D8F000FDF786FF002876D1624E43F204054FF013
:10D9000080442B68B34211D0D4F80C24D4F80C34E2
:10D91000D903F6D5D307F4D5554B0122C3F8042516
:10D92000BFF36F8FBFF34F8F05B0F0BD01A8002785
:10D930008DF80470FEF786FF9DF80430002BE3D0CD
:10D9400001A80197FEF77CFF019B002BD9D0E3E7EC
:10D9500043F204024B4B12689A4200F0B3804FF03E
:10D960008043D3F80C24D3F80C34DD03A5D5D407B9
:10D97000A3D514E7454B1B68032BAFD8444B1A685B
:10D98000002A40F0C080434849F2753119600260B6
:10D9900019603B4A3D4B12681B68082A9ED1032B35
:10D9A0009CD83D4AD35C93B1394B1A68002A40F0A9
:10D9B000B2803A4849F27531196002601960304A04
:10D9C000324B12681B68082A88D1032B86D8344949
:10D9D000344B40F2E370402208601A60BFF36F8F4F
:10D9E000BFF34F8F7AE76C6086E7284B1B68032BE9
:10D9F0003FF62FAF284AD35CABB1254B1A68002AFB
:10DA000040F08D80254949F2753203201A60086084
:10DA10001A601B4A1D4B12681B68082A7FF419AF55
:10DA2000032B3FF616AF1A4B1A68002A6FD119491B
:10DA300049F27532C0201A6008601A6009E701A82F
:10DA400000248DF80440FEF7FDFE9DF80430002B05
:10DA50003FF413AF01A80194FEF7F2FE019B002BE7
:10DA60007FF49DAE12E7D6073FF599AE0EE700BFF3
:10DA70000070024000E100E00400004000ED00E022
:10DA800030010010DBE5B15100010040340100100D
:10DA900000EC064014EC0640AC37030014ED0640E1
:10DAA0000078024004780240002301A88DF8043079
:10DAB000FEF7C8FE9DF80430002B3FF4EEAEFEF7F3
:10DAC000BBFE6CE601A800248DF80440FEF7BAFE08
:10DAD0009DF80430002B3FF442AF01A80194FEF7FB
:10DAE000AFFE019B002B7FF45AAEE6E620468DF890
:10DAF0000420FEF7A7FE9DF80430002B3FF47CAE17
:10DB0000FEF79CFE7BE6084B00221A6041E7064BBD
:10DB1000C0221A609DE6054B00221A604FE7034BB6
:10DB200003221A6075E700BF14EC064014ED0640AE
:10DB3000F8B5037813F001041AD103785A070546A3
:10DB4000C3F3800701D52046F8BD0E4630464FF09E
:10DB5000FF3100F0C7FD2B7813F001040BD12B78B7
:10DB60005B0709D42B7843F004032B70012403E0F6
:10DB700000242046F8BD3C46002330461A4619468C
:10DB800000F0F0F92046F8BD70B504460D46084691
:10DB90004FF0FF3100F0A6FD2378C3F380065B074A
:10DBA00008D5237813F0010205BF237862F38203BE
:10DBB00000262370002328461A46194600F0D2F9A1
:10DBC000304670BDC378828803F003000228C2F398
:10DBD0000A0205D0032819D0012807D00020704779
:10DBE00002291CD0402A09D801207047022940F29E
:10DBF000FF3308BF4FF480639342F6D20A4B186894
:10DC000010F00100F1D000BE0020704702290CBFC7
:10DC10004FF4806340239342F0D30120E5E7B2F54F
:10DC2000007FE1D0EAE700BFF0ED00E00A44914256
:10DC300016D230B44C78052C05D00C7821448A4299
:10DC4000F8D830BC70478C7804F07F0500EB4505B0
:10DC5000E4092B550C7821448A42EBD830BC70473C
:10DC6000704700BF0F49104A1048114B70B4CD687F
:10DC70008C6815730125106008691571CE6C94735A
:10DC800050738C6C086D0B4D1E7300219C73587380
:10DC9000D17311821971D97319821D60916070BCA2
:10DCA00099607047B0370300B078002000F0024060
:10DCB000C47800200030024008B50121152002F090
:10DCC000B3FE0121152002F033FF0121162002F0DE
:10DCD000ABFEBDE808400121162002F029BF00BFBD
:10DCE000F8B5174682B105460E46002402E001341D
:10DCF000A74207D02B6816F8011B1B6828469847D7
:10DD00000028F4D12046F8BD1446FBE72DE9F04782
:10DD10000768DFF894A0D7F8049004460E4600295F
:10DD20003AD0084603F0C2FDD145804622D10028F2
:10DD300036D0002503E00135A845276820D03B6890
:10DD400016F8011B204698470028F4D12768D7F819
:10DD50000490D14518D13B680D212046984730B139
:10DD6000236820461B680A219847B8B10235284627
:10DD7000BDE8F087024631462046C8472768054679
:10DD8000D7F80490D145E6D0064920460222C8477C
:10DD900005442846BDE8F0870D46DAE70135E6E799
:10DDA0000546D6E70C380300E1DC02002DE9F0431C
:10DDB0001B4B1C4FD3F80463DFF86C80DFF86C90CA
:10DDC00085B000250123AC00AB4004F18044334210
:10DDD00004F5C0440FD0D4F8003163B1EB570133E0
:10DDE00006D058F825201AB115F809307BB99047AC
:10DDF0000023C4F800310135082DE3D1BFF34F8F64
:10DE000000BF00BF00BF00BF05B0BDE8F083002128
:10DE10000091084603AB039102F030FDE8E700BF34
:10DE20000060004000790020E0780020D8780020D1
:10DE300008B501F06DF94FF47A73A0FB0323900A43
:10DE400040EA835008BD00BF014638B54FF47A72EE
:10DE500000238002890D02F027FF044601F058F9E3
:10DE60000546FAF71FF801F053F9431B9C4200D80E
:10DE700038BD2C44201ABDE8384001F081BA00BFFB
:10DE800038B51C469DF8105043B3002908BF1A4608
:10DE90000123C4E90F01226084F8463001F092FFAB
:10DEA000D4E90F132268A26001FB03F1CB1A1344DB
:10DEB00000200A44FF21A063E36084F844106260FC
:10DEC00084F8451004F1100002F050FE04F1240023
:10DED00002F04CFE01F080FF84F84C50204638BD23
:10DEE000F8B5064617460D4669B100FB01F0503003
:10DEF00002F0B8FE044690B3002200F1500380F80F
:10DF00004620036007E0502002F0ACFE044630B328
:10DF100084F846502460C4E90F6501F053FFD4E94A
:10DF20000F132268A26001FB03F1CB1A13440020F7
:10DF30000A44FF21A063E36084F84410626084F81F
:10DF4000451004F1100002F011FE04F1240002F06B
:10DF50000DFE01F041FF84F84C702046F8BD00240E
:10DF60002046F8BD2DE9F047044684B01F460192D3
:10DF7000884600F1240601F025FFA26BE36BDFF871
:10DF800040939A424FF0000A7CD3022F00F0E880C1
:10DF9000019D002D00F0128102ADBAF1000F00F0DA
:10DFA000DB8001F019FF01F0ABF801F00BFF94F8F2
:10DFB0004430FF2B04BF002384F8443094F84530EC
:10DFC000FF2B04BF002384F8453001F005FF2846ED
:10DFD00001A901F0DBFB002840F0F68001F0F2FE21
:10DFE000A26BE36B9A4261D001F0F6FE01F0EAFE0B
:10DFF00094F845506DB2002D05DC12E06B1E13F055
:10E00000FF0F5DB20DD0636A304653B101F060FB83
:10E010000028F3D001F0EEFB6B1E13F0FF0F5DB292
:10E02000F1D1FF2384F8453001F0D6FE01F0CAFE9D
:10E0300094F844506DB2002D15DD04F1100A04E08F
:10E040006B1E13F0FF0F5DB20DD02369504653B124
:10E0500001F03EFB0028F3D001F0CCFB6B1E13F067
:10E06000FF0F5DB2F1D1FF2384F8443001F0B4FE1C
:10E0700001F0F6F801F0A6FEA26BE36B9A424FF0B6
:10E08000010A82D2226CA56B002A40F0E780266844
:10E09000002E00F0F9800135A563636A002B7CD166
:10E0A00001F09AFE012004B0BDE8F08704F1100AE7
:10E0B00001F092FE0199504601F08EFA01F082FEC5
:10E0C00094F845506DB2002D05DC12E06B1E13F084
:10E0D000FF0F5DB20DD0636A304653B101F0F8FA1C
:10E0E0000028F3D001F086FB6B1E13F0FF0F5DB22A
:10E0F000F1D1FF2384F8453001F06EFE01F062FE9D
:10E1000094F844506DB2002D05DC12E06B1E13F044
:10E11000FF0F5DB20DD02369504653B101F0D8FA1C
:10E120000028F3D001F066FB6B1E13F0FF0F5DB209
:10E13000F1D1FF2384F8443001F04EFE01F090F855
:10E14000002897D14FF08053C9F8043040BFBFF387
:10E150004F8FBFF36F8F8DE7284601F00BFB20E751
:10E16000226CA56B002A92D04146E06802F060FF65
:10E17000226CE36821689B1A8B42E360C2F10002C3
:10E1800004D263681A44E260022F84D1002D83D147
:10E190000123A363636A002B82D004F1240001F001
:10E1A00097FA00283FF47CAF454B4FF080525A60FD
:10E1B00040BFBFF34F8FBFF36F8F71E701F00CFECD
:10E1C000284604B0BDE8F08701F0FCFD94F8455006
:10E1D0006DB2002D15DD04F1240604E06B1E13F072
:10E1E000FF0F5DB20DD0636A304653B101F070FA93
:10E1F0000028F3D001F0FEFA6B1E13F0FF0F5DB2A2
:10E20000F1D1FF2384F8453001F0E6FD01F0DAFD9D
:10E2100094F844506DB2002D15DD04F1100604E0B1
:10E220006B1E13F0FF0F5DB20DD02369304653B162
:10E2300001F04EFA0028F3D001F0DCFA6B1E13F067
:10E24000FF0F5DB2F1D1FF2384F8443001F0C4FD2B
:10E2500001F006F8002004B0BDE8F087414607BB96
:10E26000A06802F0E5FEA368216C62680B4493424B
:10E27000A360FFF410AF0135A563636A2268A26052
:10E28000002B3FF40DAF88E76068013501F02AFBF1
:10E29000A563636A6660002B7FF47FAF002883D19B
:10E2A000FEE6E06802F0C4FE226CE36821689B1A77
:10E2B0008B42E360C2F10002BFF466AF61E700BFCA
:10E2C00000ED00E0F8B50C4679B30025012321608C
:10E2D000C1E90F3581F84630064601F073FDD4E9F7
:10E2E0000F322168A56303FB02F39A1A0A440B4418
:10E2F000FF27C4E90131E26084F8447004F11000A2
:10E3000084F8457002F032FC04F1240002F02EFC87
:10E3100001F062FDC4E90055E56084F84C602B46CD
:10E320002A4629462046FFF71DFE2046F8BD00BFBD
:10E330002DE9F043044683B016469946EFF3118861
:10E34000402282F31188806BE26B90421ED3022B35
:10E3500005D0002088F3118803B0BDE8F08394F85D
:10E360004550226CA76B6DB232BB2368002B47D09F
:10E3700001376B1CA76335D001356DB284F8455069
:10E38000012088F3118803B0BDE8F08394F845506C
:10E39000226CA76B6DB2002AE7D0002B38D1A068A1
:10E3A00002F046FEA368216C62680B449342A360AE
:10E3B00024BF2368A360DBE7E06802F039FE226C2B
:10E3C000E0682168801A8842E060C2F1000205D24C
:10E3D00061680A44E260B9F1020FC9D1012F38BF68
:10E3E0000127C6E7636A002BCAD004F1240001F0BC
:10E3F0006FF90028C4D0002EC2D001203060A9E7F8
:10E400006068019301F06EFA019B63600137B0E729
:10E41000E06802F00DFE226CE0682168801A8842F4
:10E42000E060C2F10002D6D2D2E700BF2DE9F0438E
:10E43000044685B00F46019201F0C4FCA56B002D87
:10E4400040F02781019B002B00F0D28002A801F050
:10E4500091F9DFF88C8204F1240601F0BDFC00F094
:10E460004FFE01F0AFFC94F84430FF2B04BF0023B3
:10E4700084F8443094F84530FF2B04BF002384F81F
:10E48000453001F0A9FC01A902A801F07FF900289C
:10E490005BD101F097FCA36B002B40F0AF8001F043
:10E4A0009BFC0199304601F097F801F08BFC94F841
:10E4B00045506DB2002D05DC12E06B1E13F0FF0F0E
:10E4C0005DB20DD0636A304653B101F001F9002806
:10E4D000F3D001F08FF96B1E13F0FF0F5DB2F1D195
:10E4E000FF2384F8453001F077FC01F06BFC94F8D1
:10E4F00044506DB2002D15DD04F1100904E06B1ECF
:10E5000013F0FF0F5DB20DD02369484653B101F0FF
:10E51000DFF80028F3D001F06DF96B1E13F0FF0F48
:10E520005DB2F1D1FF2384F8443001F055FC00F0D6
:10E5300097FE002853D14FF08053C8F8043040BFF5
:10E54000BFF34F8FBFF36F8F49E001F03BFC94F8AE
:10E5500045506DB2002D05DC12E06B1E13F0FF0F6D
:10E560005DB20DD0636A304653B101F0B1F80028B6
:10E57000F3D001F03FF96B1E13F0FF0F5DB2F1D144
:10E58000FF2384F8453001F027FC01F01BFC94F8D0
:10E5900044506DB2002D15DD04F1100904E06B1E2E
:10E5A00013F0FF0F5DB20DD02369484653B101F05F
:10E5B0008FF80028F3D001F01DF96B1E13F0FF0F48
:10E5C0005DB2F1D1FF2384F8443001F005FC00F086
:10E5D00047FE01F0F7FBA36B53B101F0FDFB01F027
:10E5E000F1FBA56B002D54D1019B002B7FF435AFBF
:10E5F00001F0F2FB002005B0BDE8F08301F0ECFB78
:10E6000001F0E0FB94F845506DB2002D05DC12E0FE
:10E610006B1E13F0FF0F5DB20DD0636A304653B12D
:10E6200001F056F80028F3D001F0E4F86B1E13F067
:10E63000FF0F5DB2F1D1FF2384F8453001F0CCFB30
:10E6400001F0C0FB94F844506DB2002D15DD04F1CB
:10E65000100904E06B1E13F0FF0F5DB20DD02369AB
:10E66000484653B101F034F80028F3D001F0C2F865
:10E670006B1E13F0FF0F5DB2F1D1FF2384F844301D
:10E6800001F0AAFB00F0ECFD01F09CFBA56B002D56
:10E69000AAD0226C52B1E168636811449942E160EA
:10E6A00024BF2168E160384602F0C2FC013DA56349
:10E6B00023692BB901F090FB012005B0BDE8F08380
:10E6C00004F1100001F004F80028F3D0044B4FF0DF
:10E6D00080525A6040BFBFF34F8FBFF36F8FE9E79F
:10E6E00000ED00E02DE9F043044685B000F124067A
:10E6F000019101F067FBA36BDFF8DC820027B946CC
:10E70000002B40F0D780019D002D00F0418102AD2B
:10E71000B9F1000F00F0DE8001F05EFB00F0F0FCCC
:10E7200001F050FB94F84430FF2B04BF002384F821
:10E73000443094F84530FF2B04BF002384F8453063
:10E7400001F04AFB284601A901F020F800285FD11A
:10E7500001F038FBA36B002B40F0C88001F03CFBBC
:10E760002368002B00F01B810199304600F034FF34
:10E7700001F028FB94F845506DB2002D05DC12E045
:10E780006B1E13F0FF0F5DB20DD0636A304653B1BC
:10E7900000F09EFF0028F3D001F02CF86B1E13F060
:10E7A000FF0F5DB2F1D1FF2384F8453001F014FB77
:10E7B00001F008FB94F844506DB2002D15DD04F112
:10E7C000100904E06B1E13F0FF0F5DB20DD023693A
:10E7D000484653B100F07CFF0028F3D001F00AF85E
:10E7E0006B1E13F0FF0F5DB2F1D1FF2384F84430AC
:10E7F00001F0F2FA00F034FD002853D14FF08053BD
:10E80000C8F8043040BFBFF34F8FBFF36F8F49E0AC
:10E8100001F0D8FA94F845506DB2002D05DC12E0F5
:10E820006B1E13F0FF0F5DB20DD0636A304653B11B
:10E8300000F04EFF0028F3D000F0DCFF6B1E13F059
:10E84000FF0F5DB2F1D1FF2384F8453001F0C4FA27
:10E8500001F0B8FA94F844506DB2002D15DD04F1C2
:10E86000100904E06B1E13F0FF0F5DB20DD0236999
:10E87000484653B100F02CFF0028F3D000F0BAFF57
:10E880006B1E13F0FF0F5DB2F1D1FF2384F844300B
:10E8900001F0A2FA00F0E4FC01F094FAA36BEBB1F2
:10E8A00001F09AFA01F08EFAA36B4FF00109002BE8
:10E8B0003FF429AF2268013BA363002A00F088805F
:10E8C0002369002B74D101F087FA0127384605B07F
:10E8D000BDE8F083284600F04DFF1DE701F07CFA0B
:10E8E000002F4AD1384605B0BDE8F08301F074FA34
:10E8F00001F068FA94F845506DB2002D05DC12E085
:10E900006B1E13F0FF0F5DB20DD0636A304653B13A
:10E9100000F0DEFE0028F3D000F06CFF6B1E13F059
:10E92000FF0F5DB2F1D1FF2384F8453001F054FAB6
:10E9300001F048FA94F844506DB2002D15DD04F151
:10E94000100904E06B1E13F0FF0F5DB20DD02369B8
:10E95000484653B100F0BCFE0028F3D000F04AFF57
:10E960006B1E13F0FF0F5DB2F1D1FF2384F844302A
:10E9700001F032FA00F074FC94E701F023FA616AC6
:10E9800019B1236B1968C1F10501606800F0DAFF65
:10E9900001F022FA0027384605B0BDE8F08301F007
:10E9A00011FA606800F058FF074601F015FADBE63F
:10E9B00004F1100000F08CFE002884D0064B4FF0CC
:10E9C00080525A6040BFBFF34F8FBFF36F8F7AE71B
:10E9D00000F0F2FF606073E700ED00E010B5044660
:10E9E00082B001F0EFF9A06B019001F0F5F9019808
:10E9F00002B010BD104B5A68904208D0DA689042BD
:10EA000008BF012204D090F8463093B1704700222D
:10EA1000002110B403EBC20443F8321090F84630E2
:10EA2000616013B15DF8044B70475DF8044B02F070
:10EA30002DB902F02BB900BFA4850020074B1A683E
:10EA40001AB19A6802B17047012210B403EBC204F4
:10EA500043F8321060605DF8044B7047A4850020D5
:10EA600070B504460E46154601F0ACF994F84430F2
:10EA7000FF2B04BF002384F8443094F84530FF2B6B
:10EA800004BF002384F8453001F0A6F9A36B002BE6
:10EA900045D001F097F994F845506DB2002D15DD81
:10EAA00004F1240604E06B1E13F0FF0F5DB20DD0DD
:10EAB000636A304653B100F00BFE0028F3D000F03B
:10EAC00099FE6B1E13F0FF0F5DB2F1D1FF2384F8A6
:10EAD000453001F081F901F075F994F844506DB2B8
:10EAE000002D15DD04F1100604E06B1E13F0FF0F7E
:10EAF0005DB20DD02369304653B100F0E9FD002826
:10EB0000F3D000F077FE6B1E13F0FF0F5DB2F1D172
:10EB1000FF2384F84430BDE8704001F05DB92A4617
:10EB2000314604F1240000F093FDB2E72DE9F041F5
:10EB3000044601F047F9344A344D13680133136039
:10EB40002B68002B30D0324E336833B3E36A314840
:10EB5000314907680A689F4238BF03602F48013275
:10EB600003EB83030A6000EB8300E263211D02F0E4
:10EB70000DF801F031F933686BB12A68E36AD26AA3
:10EB80009A4208D2264B4FF080525A6040BFBFF3E2
:10EB90004F8FBFF36F8FBDE8F0812A68E36AD26AB6
:10EBA0009A4298BF2C60D2E72C601368012B02D0E8
:10EBB000E36A174ECBE71948DFF89080194F144EDF
:10EBC00001F0D4FF184801F0D1FF184801F0CEFF42
:10EBD000174801F0CBFF174801F0C8FF404601F08D
:10EBE000C5FF384601F0C2FF134801F0BFFF1348CC
:10EBF00001F0BCFF124801F0B9FF124B124AC2F8F3
:10EC000000801F60E36AA2E778790020087900207D
:10EC1000D87900208C790020887900201479002090
:10EC200000ED00E0A4790020287900203C79002044
:10EC30005079002064790020C4790020F079002008
:10EC4000DC790020107900200C79002090790020D8
:10EC50002DE9F843DDE909C4002C66D0BCF1000FB2
:10EC600060D00D46960098460223324684F8513013
:10EC7000A5210746C4F830C0604602F001FA2A78A0
:10EC800084F83420236B2978321F1A4422F00706B7
:10EC900001B36B7884F835306B78DBB1AB7884F8EE
:10ECA0003630AB78B3B1EB7884F83730EB788BB192
:10ECB0002B7984F838302B7963B16B7984F839304B
:10ECC0006B793BB1AB7984F83A30AB7913B1EB791E
:10ECD00084F83B30089D042D28BF04254FF000091F
:10ECE000E5626564201D84F83B90C4F8489001F00B
:10ECF00049FFC5F1050504F1180001F043FFC4F810
:10ED00004C9042463946A561246184F85090646273
:10ED1000304601F01BF820602046FFF707FF204631
:10ED2000BDE8F8836046BDE8F8832046BDE8F88377
:10ED30002DE9F0479600804630460D46994601F091
:10ED400091FF002862D00746542001F08BFF044653
:10ED500000285FD000230763324684F851303846DC
:10ED6000A52102F08DF92B7884F834302B78D4F873
:10ED700030A003B36B7884F835306B78DBB1AB78B7
:10ED800084F83630AB78B3B1EB7884F83730EB7871
:10ED90008BB12B7984F838302B7963B16B7984F897
:10EDA00039306B793BB1AB7984F83A30AB7913B138
:10EDB000EB7984F83B30089D042D28BF04250027FB
:10EDC000E5626564201D84F83B70A764043E01F091
:10EDD000D9FEC5F1050504F11800564401F0D2FE34
:10EDE000E764A56126F0070084F85070246164622E
:10EDF0004A46414600F0AAFF099B206003B11C600F
:10EE00002046FFF793FE0120BDE8F0874FF0FF306A
:10EE1000BDE8F087384601F039FF4FF0FF30F3E7E7
:10EE200070B50446534E00F0CDFF002C00F08280F8
:10EE3000251D284601F0D2FEA36A1BB104F118007B
:10EE400001F0CCFE29464C484C4D01F09FFE94F851
:10EE50005030012B04BF002384F8503000F0BCFF79
:10EE60002B68002B57D13368A34200D070BD2B68AC
:10EE7000002B66D14049424A0968126891426AD023
:10EE8000404B1B68002B68D13F4A136032683368DF
:10EE900012681B6B9A4266D93C4C3D4B226802EBD0
:10EEA000820080009100185828BB501E00EB80059E
:10EEB000AD0081005D59002D53D1901E00EB8005FF
:10EEC000AD0081005D59002D4BD1D01E00EB8005B7
:10EED000AD0081005D59002D43D1101F00EB80056E
:10EEE000AD0081005D59002D3BD1053A02EB820057
:10EEF000800091001858114403EB810003464168DB
:10EF0000496841600833994204BF49684160CB6851
:10EF10003360226070BD00F055FF1E4B1A68126806
:10EF200052B11A681C4BD268D26852681A6000F05D
:10EF300053FF98E734687BE7174B4FF0FF321A60B6
:10EF4000F5E7164B4FF080525A6040BFBFF34F8F2A
:10EF5000BFF36F8F70BD336070BD0B4B01221A6021
:10EF600070BD0246C7E730683168343101F0B6FB46
:10EF700092E700BF08790020DC790020D8790020D2
:10EF80007879002084790020087A00208C7900208C
:10EF9000147900200C790020BC79002000ED00E0FD
:10EFA00098B130B51D4D2B68834283B004460AD01A
:10EFB00000F008FF1A4B62699A4207D003B0BDE81F
:10EFC000304000F009BF03B030BD7047A36A154A56
:10EFD0009342F3D0002BF1D1211D0846019101F09D
:10EFE000FDFD114AE36A1068019983420F4888BF0A
:10EFF000136003EB830300EB830001F0C7FD2B6874
:10F00000E26ADB6A9A42D9D3094B4FF080525A60C8
:10F0100040BFBFF34F8FBFF36F8FCFE7087900205A
:10F02000DC790020C47900208C790020147900203C
:10F0300000ED00E070B584B0002503AA02A901A884
:10F04000CDE9015501F04EFB019C002C46D0029801
:10F05000002843D0039E20630223B6003246A52138
:10F0600084F8513002F00CF8206B1F4B6363043EB0
:10F070000644C4E91155201D84F8385084F83B50EB
:10F08000E56201F07FFD04F1180001F07BFD26F040
:10F09000070605231549A3612A46E5643046246125
:10F0A000646284F8505000F051FE20602046FFF763
:10F0B0003DFD0F4B1C6000F0EFFD012811D14023F6
:10F0C00083F311880B490C4A0C4B4FF0FF340C6052
:10F0D00010601D6000F050FE04B070BD044B0022B3
:10F0E0001A6004B070BD00BF49444C4505F40200ED
:10F0F000B8790020BC790020D8790020047A00205B
:10F10000024A136801331360704700BF84790020FE
:10F11000014B1868704700BF047A0020024A136848
:10F1200018441060704700BF047A00202DE9F04FAA
:10F13000404B1B6883B0002B46D13F4B1E68013605
:10F140001E60002E4ED0DFF808B1DBF80030B3426D
:10F150005FD83A4F3B681D68002D65D0DFF8F4801A
:10F16000DFF8F4A0DFF8F490002522E0019101F02F
:10F1700035FDA36A019904F1180013B101F02EFDC9
:10F180000199E36AD8F8002003EB830093420AEB6D
:10F19000800088BFC8F8003001F0F8FCD9F80020E2
:10F1A0003B68E16AD26A1B68914228BF0125002BA7
:10F1B0003AD03B68DB68DC686368211D9E420846E4
:10F1C000D4D2CBF8003004E01D4A13680133136039
:10F1D00000251C4B1B68002B0CBF2846012003B0E8
:10F1E000BDE8F08F154B184A1868184914681C6060
:10F1F00010600A6801320A601A6812685AB9DFF8AA
:10F2000050B04FF0FF33CBF80030DBF80030B342A2
:10F210009FD90025DDE71B68DFF834B0DB68DB68C9
:10F220005B68CBF8003090E74FF0FF33CBF800304D
:10F23000CFE700BF84790020047A00200C790020F9
:10F2400080790020087A002010790020C079002001
:10F25000BC7900208C7900201479002008790020E6
:10F260002DE9F04F83B000F0ADFD3A4B1A68013A3A
:10F270001A601B68002B55D1374B1B68002B51D0EF
:10F28000364D2B68002B62D0354EDFF8EC80354FC1
:10F29000DFF8E8904FF0010AEB68DC6804F1040B3A
:10F2A00004F1180001F09AFC584601F097FCE36A5B
:10F2B000326803EB83009342594608EB800088BF15
:10F2C000336001F063FC3B68E26ADB6A9A4231D347
:10F2D000C9F800A02B68002BDED1234B1A681268F6
:10F2E000002A2FD01A68214BD268D26852681A605F
:10F2F0001F4E346844B10125FFF718FF08B1C9F863
:10F300000050013CF8D13460D9F8003053B1194BAA
:10F310004FF080525A6040BFBFF34F8FBFF36F8FE3
:10F32000012000E00020019000F056FD019803B09C
:10F33000BDE8F08F2B68002BAED10B4B1A6812681A
:10F34000002ACFD1094B4FF0FF321A60D0E7DFF827
:10F350002C90CDE78479002078790020C4790020B2
:10F360008C790020087900200C790020BC790020DD
:10F370008079002000ED00E014790020087A002058
:10F3800070B548B9184B4FF080525A6040BFBFF378
:10F390004F8FBFF36F8F70BD144A15491368154D19
:10F3A000013313600E6804462868043001F016FC2F
:10F3B0002B68A4195C600FD20F4B186829680431C0
:10F3C00001F0F4FB0D4B1A68944238BF1C60FFF744
:10F3D00047FF0028D6D070BD094B18682968043152
:10F3E00001F0E4FBF3E700BF00ED00E084790020CA
:10F3F000047A0020087900200C790020BC790020D4
:10F40000107900202DE9F84F3A4CDFF804913A4D7D
:10F410003A4EDFF800813A4FDFF8FCB02368EBB1D9
:10F4200000F0D0FCD9F80C30D3F80CA00AF104009D
:10F4300001F0D4FB2B68013B2B602368013B236068
:10F4400000F0CAFC9AF85130002B34D0012BE5D1E2
:10F45000504601F01BFC2368002BE1D13368012BDF
:10F4600008D94FF08053CBF8043040BFBFF34F8F23
:10F47000BFF36F8F00F056FED8F800301BBB3B681F
:10F48000DB6A002BCAD13368012BC7D81D4B1E4A3B
:10F490001B6812689B1A012BC0D91C4A13680133E0
:10F4A0001360D8F80030A3B13B68DB6A03B9336856
:10F4B000FFF7D6FEB2E7DAF8300001F0E7FB50467E
:10F4C00001F0E4FBAAE73B68DB6A002BA6D13368B6
:10F4D000A4E73B68DB6A002BEAD13368012BE7D84D
:10F4E000084B1868084B1B68C01A0128E0D900F0C7
:10F4F000E3FCDDE77C790020787900201479002096
:10F5000008790020BC790020047A0020847900204A
:10F51000F07900208C79002000ED00E0294B1B6879
:10F520001BB1294B01221A607047274A70B5274C3E
:10F5300013602268236812681B6B9A423CD9244DE1
:10F54000244B2A6802EB820080009100185808BB07
:10F55000501E00EB8006B60081009E5956BB901EDF
:10F5600000EB8006B60081009E591EBBD01E00EB4A
:10F570008006B60081009E59E6B9101F00EB800698
:10F58000B60081009E59AEB9053A02EB82008000B8
:10F5900091001858114403EB810003464168496803
:10F5A00041600833994204BF49684160CB682360D9
:10F5B0002A6070BD0246EDE720682168343101F011
:10F5C0008DF8BCE784790020087A002008790020B3
:10F5D0008C7900201479002070B5174D2B680C46EB
:10F5E00003F1180101F0E2FA144B1E682868043098
:10F5F00001F0F4FA631C17D02B68A4195C6007D3E0
:10F600000F4B18682968BDE87040043101F0CEBA8C
:10F610000C4B18682968043101F0C8FA0A4B1A68C3
:10F62000944238BF1C6070BD29680848BDE870402E
:10F63000043101F0ABBA00BF08790020047A002041
:10F64000107900200C790020BC790020DC790020A2
:10F6500070B5194D2B6816460C4603F1180101F0E0
:10F6600095FA164B5EB11B682868043001F0B6FAB3
:10F6700029681348BDE87040043101F087BA1E685C
:10F680002868043001F0AAFA2B68A4195C6007D33B
:10F690000C4B18682968BDE87040043101F086BA47
:10F6A000094B18682968043101F080FA074B1A6881
:10F6B000944238BF1C6070BD08790020047A002095
:10F6C000DC790020107900200C790020BC79002022
:10F6D00030B5C368DC6804F1180583B0284601F032
:10F6E0007DFA1C4B1B683BBB211D0846019101F0B4
:10F6F00075FA194AE36A106801998342174888BF6E
:10F70000136003EB830300EB830001F03FFA144B1B
:10F71000E26A1B68DB6A9A4282BF124B01201860C2
:10F72000114B1A68126898BF002052B90F4B4FF066
:10F73000FF321A6003B030BD0D48294601F026FAA9
:10F74000E5E71A68094BD268D26852681A6003B0BC
:10F7500030BD00BF847900208C790020147900200E
:10F7600008790020087A00200C790020BC7900205C
:10F77000C4790020034A044B12681B68C0E90023C7
:10F78000704700BFC0790020047A0020F0B50D4614
:10F7900083B0044600F016FB2B68144A591C10680D
:10F7A0001DD0DFF84CC0D4E90061DCF80070BE4227
:10F7B00008D0814206D80120019000F00DFB01988D
:10F7C00003B0F0BD471ABB420BD91B1A0B44DCF83F
:10F7D000001012682B600020C4E90012ECE7002042
:10F7E000EAE700232B600120E6E700BF047A00204F
:10F7F000C0790020014B01221A607047087A00206E
:10F80000094B186818B9094B1B6813B170470020E1
:10F810007047074A074B10681B68013B984214BFAA
:10F8200001200220704700BFC4790020087A002020
:10F83000DC79002078790020054B1B6833B1054B3B
:10F840001B68002B0CBF022000207047012070476E
:10F85000D87900208479002070B5044682B0C8B100
:10F860001D4DC36A2A68D26A934215D28269002A62
:10F8700004DB2A68D26AC2F105028261174E62690E
:10F8800003EB830306EB83039A420ED02B68DB6AFB
:10F89000E362012002B070BD2B68406CDC6AA042BC
:10F8A0002CBF0020012002B070BD211D084601912F
:10F8B00001F094F92A680A4BD06A1A680199E0624B
:10F8C000904200D9186000EB800006EB800001F048
:10F8D0005DF90120DEE700BF0879002014790020DF
:10F8E0008C79002068B130B5836CC16A426C013BF1
:10F8F000914283B00446836400D023B1002003B05A
:10F9000030BD00207047011D0846019101F066F9E5
:10F910000A4A636C1068E3628342094888BF136037
:10F92000C3F1050503EB830300EB83000199A56197
:10F9300001F02CF9012003B030BD00BF8C7900200C
:10F940001479002070B130B5426CC36A914238BF5F
:10F9500011468B4283B0044602D0826C012A02D049
:10F9600003B030BD70478269114DC162002A03EBBC
:10F9700083034269A8BFC1F1050105EB8303A8BF5A
:10F9800081619A42ECD1011D0846019101F026F9EE
:10F99000084BE06A1A680199904288BF186000EB32
:10F9A000800005EB800003B0BDE8304001F0EEB808
:10F9B000147900208C790020044B1A681AB1196858
:10F9C0008A6C01328A641868704700BF0879002089
:10F9D0002DE9F0431D4EDFF87C9085B04FF0000814
:10F9E0000CE0DB68DC681F68251D284601F0F6F88E
:10F9F000636A20469847E369012B0AD033681A6886
:10FA0000002AEED1124A11683160136005B0BDE8DA
:10FA1000F083A3693B449F42294610D3D9F80030B4
:10FA2000002BEBD0CDE900870294FFF705FF002300
:10FA3000D9F800001A466946FEF794FADEE7306806
:10FA40006360246101F0B2F8D8E700BF0C7A0020AF
:10FA5000107A0020907C00202DE9F04F894E8A4CCE
:10FA6000DFF82C82894DDFF82CA28BB03368D3F8F5
:10FA700000B0BBF1000F00F0A980DB68D3F800B044
:10FA8000FFF73EFBFFF744FB22688242814600F20B
:10FA9000AE808345206040F2BF8000222868ABEB37
:10FAA0000901FEF7DDFFFFF7DBFB40B94FF08053A4
:10FAB000CAF8043040BFBFF34F8FBFF36F8F286881
:10FAC000002202A9FEF7B2FC0028CFD0029B002B37
:10FAD00073DBDDF81090D9F814301BB109F1040084
:10FAE00001F07CF8FFF714FB236898420746C0F04A
:10FAF0008580029B2760092BE1D801A252F823F0F0
:10FB000029FB020029FB020029FB0200BFFA0200C8
:10FB100083FB0200ABFB020029FB020029FB020071
:10FB2000BFFA020083FB02000398D9F81830C9F825
:10FB30001090C2182CBF01210021BA42C9F804203C
:10FB40005FD8381A834228D8D9F8243048469847D5
:10FB5000D9F81C302868012BB2D10028B0D0D9F8D0
:10FB60001820039B00211344CDE907390691FFF7C4
:10FB700063FE002328681A4606A9FEF7F3F92868F1
:10FB80009EE7039BC9F81090DA19BA42C9F81830F9
:10FB9000C9F8042039D8002B91D0D8F8000009F119
:10FBA000040101F003F828688AE799F82C30002B4B
:10FBB00085D1484601F06AF881E7039BDDE904013D
:10FBC0009847029B002BFFF67AAF82E7FFF798FA7F
:10FBD000FFF79EFA22689042814608D3D8F80020A9
:10FBE000C4F800901268B2FA82F2520956E7FFF7A1
:10FBF000EFFEC4F80090FFF733FB60E7FFF7E8FE85
:10FC000077E7B84201D900299ED0306809F1040194
:10FC100000F0CCFF286853E7FFF722FB3268D26878
:10FC2000D768391D0846019100F0D8FFF86901999D
:10FC3000012803D07B6A3846984740E7BA693F619C
:10FC40000BEB02004845786003D9306800F0AEFF46
:10FC5000F0E7A9EB0B039A420FD82B68002BE9D0F1
:10FC60000023CDE9063B0897FFF7E6FD002328684F
:10FC70001A4606A9FEF776F9DCE7D8F8000000F08E
:10FC800095FFD7E70C7A00203C7C0020907C002078
:10FC9000107A002000ED00E0F0B51F4C89B000F0B4
:10FCA00091F82568F5B100F097F82068C0B10024FC
:10FCB00007AA06A905A8CDE9054400F021FDDDE964
:10FCC00005310222CDE900210293079A1349144815
:10FCD0002346FEF7BDFF134B1860001B18BF012021
:10FCE00009B0F0BD104F114E384600F03FFF3046CE
:10FCF00000F03CFF0E4A0F4900950F4B17600E6055
:10FD00000E4A10212020FEF7BBF820600028CAD040
:10FD10000B49FEF793FEC6E7907C002018380300DD
:10FD200059FA0200947C0020147C0020287C0020DA
:10FD30000C7A0020107A0020407C0020147A0020E9
:10FD400010380300402383F31188FEE730B46FF0CE
:10FD50000203084C40F80C4C4FF0807540F8045CEE
:10FD600040F8081C40F8202C40F8243C30BC4438B3
:10FD7000704700BF45FD02000F4C08B5E02384F832
:10FD8000223000F07BF80D4B0D4A00211960D4F8A9
:10FD9000883043F47003C4F88830536843F040431C
:10FDA0005360236943F01003236100F069F9402395
:10FDB00083F31188FEE700BF00ED00E0987C00208F
:10FDC00030EF00E0402383F31188024A13680133C7
:10FDD00013607047987C0020034A1368013B13604E
:10FDE0000BB983F311887047987C002041DF70477E
:10FDF00012DF704770B51D4B00221A6082B01B687D
:10FE00000193019BEFF31186402383F31188184976
:10FE1000184BD1F804451A601B680093009BFFF74C
:10FE200077F9201A20F07F4323F0010320F07F456B
:10FE30009BB96C1E6DB10025FFF778F9013C631C7E
:10FE400045EA0005F8D125B10B4B4FF080525A60BE
:10FE500040BF86F3118802B070BDFFF7EDFC0228A9
:10FE6000E7D0FFF763F90546EDE700BF4011014019
:10FE7000001001400011014000ED00E00B4B0C4967
:10FE800030B41F200B4DC3F8080501220224E020E6
:10FE9000C3F804232A601A60C3F8444381F81103AD
:10FEA0004FF400330B6030BC704700BF00100140BE
:10FEB00000E100E0081001402DE9F041054684B062
:10FEC000EFF3108272B6634CA36883B9624B634848
:10FED0000121A160D3F8801001402160C3F88000A7
:10FEE000D3F8841061604FF0FF31C3F8841002B979
:10FEF00062B65B4ED6F80485FFF782FC78B3594FA3
:10FF0000594AAF4228BF2F4607EB080323F07F432F
:10FF100001214FF0000CC6F80813C6F84035C2F8AE
:10FF200000C0136801934FF480330198C6F804337E
:10FF3000BFF34F8F25BBC6F80833156012684B4BD3
:10FF40000392039A1D601B680293434B029AC6F802
:10FF500004134FF40032D6F80415C3F88021A368C7
:10FF60005BB1EFF3108272B63B4B21681960616898
:10FF700059600023A36002B962B604B0BDE8F08105
:10FF8000F1EE103A23F09F03E1EE103AF1EE103A51
:10FF9000314D4FF480634022C5F8842103A8C5F891
:10FFA00084318DF80CC0FFF723FF9DF80C30002B37
:10FFB0004DD12B4620BFD3F80011D3F804210A43BA
:10FFC000F8D0274B2848294A4FF48031C3F808134A
:10FFD000002101600068039003981160126802928A
:10FFE00001220299C3F80423D3F804351A4AA3EB7B
:10FFF000080828F07F48474528BF47464FF400339C
:020000023000CC
:10000000012FC2F8803120D9781EFFF787F8184BEE
:10001000DB68DA010FD5174A1368DB070BD5164BDF
:10002000516803FB07F7A7F57427A7F51077BF0AF8
:1000300001EB87175760FFF779F800288FD00F4B37
:100040004FF080525A6040BF89E7F4D087E7FFF74E
:10005000CDFEB6E7B885002000E100E0FC06FFBD5C
:1000600000100140FDFFFF00401101400011014060
:10007000F0ED00E0001000E040420F0000ED00E075
:100080000748006880F3088862B661B6BFF34F8FF7
:10009000BFF36F8F4FF0E00080F3118800DF00BFE7
:1000A00000700200064B19680868B0E8F04F80F352
:1000B0000988BFF36F8F4FF0000080F311887047FD
:1000C00008790020EFF30980BFF36F8F144B1A6893
:1000D0001EF0100F08BF20ED108A20E9F04F1060CD
:1000E0004DF8043D4FF0400080F31188BFF34F8F6F
:1000F000BFF36F8FFFF712FA4FF0000080F3118803
:1001000008BC19680868B0E8F04F1EF0100F08BF6F
:10011000B0EC108A80F30988BFF36F8F704700BF7F
:1001200008790020704700BF0A490B4A0B4B9B1A05
:1001300003DD043BC858D050FBDC094809494FF0A7
:10014000AD32026004300439FBD100F0A5F9F7F7B5
:100150007FF80000D43A0300006000200C63002008
:1001600000F8032000080000FEE7FEE7FEE7FEE7D8
:10017000FEE7FEE7FEE7FEE7FEE7FEE708B5002044
:10018000F7F78AFEF7F79EF8114BBBB1114B63B13D
:10019000F7F7D2F800F092FAAFF30080F7F7CCF857
:1001A00000F08CFAAFF30080F2E7F7F7C5F800F043
:1001B00085FAF7F7C1F800F081FAF6E7F7F7BCF82F
:1001C00000F07CFAF7F7B8F800F078FAF6E700BF2D
:1001D000000000000000000000B583B000F0E0FB6C
:1001E000FDF76AFD0E4B019301230E4900934FF476
:1001F000806200230C48FEF79BFD4FF4407000F036
:1002000083FBFEF717FFBFF34F8F0849084BCA68FF
:1002100002F4E0621343CB60BFF34F8F00BFFDE7F2
:100220009C7C0020203803007D01030000ED00E0ED
:100230000400FA05114B1A78EAB90178104810B495
:100240000A464FF0804402F00102C1F34001C4F8B5
:100250008015C4F878250268D20706D4E02101226F
:1002600080F80013C0F880210260012205485DF883
:10027000044B1A7070470448704700BFB4850020D3
:1002800000E100E00000AD0B0C00AD0B044B026878
:100290004FF080414FF46070C1F808031A60704756
:1002A000A87C00204FF080434FF46072C3F8042311
:1002B000704700BF10B54FF0804386B0D3F80443B9
:1002C000620705D5D3F8082103F58473002A4ED1BF
:1002D000A30603D52A4B1A68002A3FD1600603D52E
:1002E000284B1A68002A2FD1210602D5264B1A68FE
:1002F0000ABBE20502D5254B1A6892B9A3050ED5B3
:10030000234B1A685AB100221A601A68214B0592D1
:10031000059A1B68022006B0BDE81040184706B0D9
:1003200010BD00221A601B4A1B6804930120136849
:10033000049A9847E2E700201860164A1B68039366
:100340001368039A9847D4E700221A60124A1B6880
:10035000029301201368029A9847C5E700201860AD
:100360000D4A1B6801931368019A9847B6E700226B
:100370001A600A4A1B6800931368009A9847A7E717
:1003800014010040180100401C0100402001004001
:1003900024010040A87C0020A47C0020A07C002038
:1003A000194BD3F8182102B970470021174AC3F836
:1003B0001811D3F81811D37F82B0FF2B0191019946
:1003C0000DD0917F99B11F2B8ABF11484FF0A040EB
:1003D00003F01F03012101FA03F3C0F80C350023D9
:1003E00053771372D2E900310A4802B018471F2B25
:1003F0008ABF07484FF0A04003F01F03012101FA14
:1004000003F3C0F80835EAE700300240AC7C002076
:1004100000030050B47C00201B4BD3F8182102B914
:1004200070470021194AC3F81811D3F8181192F82F
:10043000433082B0FF2B019101990ED092F8421007
:10044000A9B11F2B8ABF12484FF0A04003F01F0331
:10045000012101FA03F3C0F80C35002382F8413082
:1004600082F82C30D2E909310A4802B018471F2B14
:100470008ABF07484FF0A04003F01F03012101FA93
:1004800003F3C0F80835E8E700F00240AC7C002038
:1004900000030050D87C0020764B1B6810B45C1C15
:1004A00000F0B880744A082B126822D0714B1B6888
:1004B000082B72D0591C15D06F4A1268082B00F017
:1004C000CB806E4AD2F8883043F47003C2F888308B
:1004D000BFF34F8FBFF36F8F694B6A4A5DF8044BD0
:1004E0001A607047684A694B12681B78C2F303129E
:1004F000E4E7032A40F2A1805F4A1268082BD5D1B5
:10050000032AD3D84FF08052614BD2F80414C3F8B9
:100510002015D2F80814C3F82415D2F80C14C3F827
:100520002815D2F81014C3F82C15D2F81414C3F8F7
:100530003015D2F81814C3F83415D2F81C14C3F8C7
:100540004015D2F82014C3F84415D2F82414C3F887
:100550004815D2F82814C3F84C15D2F82C14C3F857
:100560005015D2F83014C3F85415D2F83414C3F827
:100570006015D2F83814C3F86415D2F83C14C3F8E7
:100580006815D2F84014C3F86C15D2F84424C3F8A7
:100590007025384B1B68082B8CD1374B1A68032AFF
:1005A0008FD83C4B9B5C13B13B4B3C4919603C4B97
:1005B0009B5C6BB12F4B3B491B682F4AFB20C1F85A
:1005C0001805082B12687FF475AF032A3FF679AF40
:1005D000354B9B5CA3B1354B354C19682068264AD6
:1005E000A3F5947320F00F001B68126801F00F014F
:1005F0000143082B21607FF45DAF032A3FF661AF12
:100600002C4B9B5C5BB31B4B2B4A1B684FF400715C
:1006100011604FE71D4A1C4B12781B68082A4FEAED
:1006200013137FF443AF13F00C0F06D0164A174B89
:1006300012681B78C2F3031260E70E4B1B684FF081
:1006400080420021581CC2F80C11C2F81011C2F8E7
:1006500038157FF451AFE9E7032A3FF632AF4FF088
:100660008043D3F80024D20744BF6FF00102C3F8DF
:10067000002426E7300100103401001000ED00E0F6
:10068000206100200090D003E80F00F0E00F00F0A0
:1006900000C00040283803008C5600404881030009
:1006A0002838030000F000402838030058020010EA
:1006B000E40E0040283803004096024008B5F7F7E2
:1006C000F1FB054B4FF080525A6040BFBFF34F8F94
:1006D000BFF36F8F08BD00BF00ED00E0704700BFA3
:1006E000704700BF044B036010B46423034C0C60DC
:1006F0005DF8044B13607047F47C0020487D0020B7
:10070000054B036010B44FF48073044C0C605DF82B
:10071000044B1360704700BFD87E00202C7F002060
:1007200070B51F4D84B028684FF0FF3203A9FDF764
:100730007DFE0028F7D0039C237A6668052B0CD831
:10074000DFE803F02629211B1403D4E90523D4E9AB
:100750000301E4690094B047039C206810B100F0E5
:100760006BFA039C204600F067FADCE7D4E9052326
:10077000D4E90301B047039CEFE7D4E90412E06831
:10078000B047039CE9E7D4E90301B047039CE4E7E1
:10079000B047039CE1E7E068B047039CDDE700BF9A
:1007A000308300202DE9F043304B314D5B6885B03C
:1007B000C3F30803019001AF53B100232868394601
:1007C0001A46FDF7B5FD012809D105B0BDE8F08353
:1007D000286839466422FDF7C5FB0128F5D0DFF80B
:1007E0009480D8F80000002240000421FDF778FB37
:1007F00006460028E9D0DFF88090D9F80000FEF71F
:100800000FFBFFF7DFFA01E0FDF7ACFB002203A9C5
:100810002868FDF70BFE04460023642203A9304636
:10082000002CF1D12868FEF7E5F82E60FFF7D4FA26
:10083000D9F80000FEF7B4FBD8F800300B4A28685E
:100840005B00C8F800305368C3F30803394633B17E
:1008500023462246FDF76CFD05B0BDE8F083642217
:10086000FDF780FB05B0BDE8F08300BF00ED00E0C0
:10087000308300202C830020348300202DE9F843AE
:100880009DF8206005460F46904699469EB1B000FF
:100890000C3000F0B7F9044658B10023C0F80480CA
:1008A0000672036005B147B90EBB2046FFF77AFF19
:1008B0000120BDE8F8831020EBE7384600F0A2F9EC
:1008C00080462060D0B13A46294600F0B1FB002EA8
:1008D000EBD0711EC9B209EB8101A9F1040252F8F3
:1008E000043FAB4208BFC2F800809142F7D1B2008A
:1008F000494604F10C0000F09BFBD6E7204600F0CF
:100900009BF94046D5E700BF70B540230B4D82B040
:1009100004460022184604212B60FDF7E1FA084D39
:10092000084B019306460223009307492E60A2B2AA
:1009300000230648FEF7FCF902B070BD2C830020AE
:1009400030830020348300202C380300210703006B
:1009500011DF704708B50446FFF7FAFF0D4B4FF063
:1009600080414FF0FF32C3F88020C3F88021C3F8E4
:100970008420C3F88421C1F81C45BFF34F8F06497A
:10098000064BCA6802F4E0621343CB60BFF34F8F9B
:1009900000BFFDE700E100E000ED00E00400FA0523
:1009A0004FF08043194AD3F80014194830B411604D
:1009B000D3F80054D3F80024164C17492A43C3F83F
:1009C0000024D4F84025026001224FF40030C3F81F
:1009D00018259A60C1F88000BFF34F8FBFF36F8F67
:1009E0000E4C03F588334FF0A0454FF480304FF0A4
:1009F000FF31C3F84803C3F808035A609A60C5F88A
:100A00000815C4F8081530BC704700BF38830020B3
:100A10003C83002000A0004000E100E00003005003
:100A200008B54E20FFF796FF16281BD83C4B53F80D
:100A300020301F2B86BF3B4A03F01F034FF0A0421C
:100A40000E290FD8DFE801F0655F59534D47403953
:100A5000322B241D160F080003F5E07340F20371DA
:100A600042F82310704703F5E07340F2036142F847
:100A70002310704703F5E07340F2035142F823104E
:100A8000704703F5E07340F2034142F823107047CA
:100A900003F5E07340F2033142F82310704703F589
:100AA000E07340F2032142F82310704703F5E0732E
:100AB00040F2031142F82310704703F5E0734FF43E
:100AC000403142F82310704703F5E0734FF40031D2
:100AD00042F82310704703F5E073134942F82310DE
:100AE000704703F5E073114942F82310704703F58E
:100AF000E073042142F82310704703F5E0730C21E2
:100B000042F82310704703F5E073032142F82310E5
:100B1000704703F5E073002142F82310704700BFCF
:100B2000B037030000030050040002000C00030073
:100B300016280FD80B4B53F820301F2B86BF0A4ABC
:100B400003F01F034FF0A04229B1012101FA03F382
:100B5000C2F808357047012101FA03F3C2F80C35D9
:100B6000704700BFB03703000003005000F10803D6
:100B70004FF0FF310022C0E903338160026043601F
:100B8000704700BF00230361704700BF43680268DD
:100B900010B49C688C609C684B6001326160996005
:100BA0005DF8044B08610260704700BF30B40D6807
:100BB0006B1C10D000F108031C465B681A68AA423F
:100BC000FAD902684B60013299608C6061600861FB
:100BD00030BC0260704704696368F2E7036910B4CF
:100BE000D0E901125C688A608442516008BF5A6093
:100BF0001A685DF8044B0021013A01611A60186817
:100C0000704700BF10B50446FEF716FE022804D058
:100C10002046BDE8104000F0FBB9FEF771FA20460F
:100C200000F0F6F90446FEF71BFB0CB1204610BDA0
:100C3000FFF756FDFAE700BF10B50446FEF7FCFDCE
:100C400002280AD144B1FEF75BFA204600F0E8F929
:100C5000BDE81040FEF704BB10BD2046BDE81040C3
:100C600000F0DEB910B582B00190FEF749FA0198A4
:100C700000F0CEF90446FEF7F3FA14B1204602B0B4
:100C800010BDFFF72DFD204602B010BD50B110B5CC
:100C90000446FEF735FA204600F0C2F9BDE81040E0
:100CA000FEF7DEBA704700BF53B94AB9002908BF42
:100CB00000281CBF4FF0FF314FF0FF3000F06EB93D
:100CC000ADF1080C6DE904CE00F006F8DDF804E0A3
:100CD000DDE9022304B070472DE9F047089D044682
:100CE0008C46002B40F083808A42174647D9B2FADF
:100CF00082F242B1C2F1200024FA00F09140974004
:100D000040EA010C94404FEA1748230CBCFBF8F66C
:100D10001FFA87FE08FB16C143EA014306FB0EF1EA
:100D2000994209D9FB1806F1FF3080F019819942E8
:100D300040F21681023E3B445B1AA4B2B3FBF8F0CA
:100D400008FB103344EA034400FB0EFEA64509D914
:100D50003C1900F1FF3380F00581A64540F2028185
:100D600002383C4440EA0640A4EB0E0400261DB1C4
:100D7000D4400023C5E900433146BDE8F08702B9FD
:100D8000FFDEB2FA82F2002A50D1CB1B4FEA174E97
:100D90001FFA87F80126B3FBFEFC210C0EFB1C3367
:100DA00041EA034108FB0CF38B4207D979180CF197
:100DB000FF3002D28B4200F2E9808446C91AA3B206
:100DC000B1FBFEF00EFB101143EA014408FB00F8F2
:100DD000A04507D93C1900F1FF3302D2A04500F22B
:100DE000D9801846A4EB080440EA0C40BFE78B42C8
:100DF00009D9002D00F0B1800026C5E90001304678
:100E00003146BDE8F087B3FA83F6002E4AD18B4213
:100E100002D3824200F2B880841A61EB0301012000
:100E20008C46002DA8D0C5E9004CA5E7C2F12003EF
:100E300020FA03F6974001FA02F04FEA174ED94024
:100E40003043030CB1FBFEF61FFA87F80EFB1611B8
:100E500043EA014306FB08F1994204FA02F409D976
:100E6000FB1806F1FF3C80F08D80994240F28A80A9
:100E7000023E3B445B1A81B2B3FBFEF00EFB103323
:100E800041EA034100FB08F38B4207D9791800F1CE
:100E9000FF3C73D28B4271D902383944CB1A40EAF5
:100EA000064678E7C6F1200C03FA06F422FA0CF3A2
:100EB0001C4320FA0CF701FA06F34FEA144E21FA0C
:100EC0000CF11F433B0CB1FBFEF91FFA84F80EFB3B
:100ED000191143EA014109FB08FA8A4502FA06F2B0
:100EE00000FA06F308D9611809F1FF3048D28A45A3
:100EF00046D9A9F102092144A1EB0A01BFB2B1FB15
:100F0000FEF00EFB101147EA014700FB08F8B84558
:100F100007D9E71900F1FF312ED2B8452CD9023894
:100F2000274440EA0940A7EB0807A0FB02894F4588
:100F3000C64649461AD317D05DB1B3EB0E0267EB34
:100F4000010707FA0CFCF2404CEA0202F740C5E93F
:100F5000002700263146BDE8F0872E4628460BE7DD
:100F60000646E9E61846FDE64345E5D2B8EB020E33
:100F700069EB04010138DFE70846D2E760468DE7F8
:100F80008146B9E7664675E730464AE7ACF1020CA0
:100F9000394413E702383C4424E700BF704700BFE0
:100FA00008B5074B044613B10021AFF30080054B91
:100FB0001868836A03B19847204602F0CBFA00BF55
:100FC000000000003838030070B50D4D0D4C641B57
:100FD000A4100026A64209D10B4D0C4C02F0BCFA1D
:100FE000641BA4100026A64205D170BD55F8043B31
:100FF00098470136EEE755F8043B98470136F2E78B
:10100000F4620020F4620020F462002008630020F3
:10101000024B0146186800F09BB800BF2461002015
:10102000024B0146186800F043B800BF246100205D
:101030000A44914200F1FF3300D1704710B511F816
:10104000014B03F8014F9142F9D110BD884210B510
:1010500001EB020402D98442234607D8431EA14271
:1010600008D011F8012B03F8012FF8E702440146DC
:101070008A4200D110BD13F8014D02F8014DF7E787
:1010800002440346934200D1704703F8011BF9E77D
:1010900013B54A431146019200F05AF8044618B1BC
:1010A000019A0021FFF7ECFF204602B010BD0000BE
:1010B00037B5002948D051F8043C0190002BA1F12C
:1010C0000404B8BFE41801F06BFA204A01981368D1
:1010D000154633B96360146003B0BDE8304001F0D9
:1010E00065BAA3420BD921686218934204BF1A68FB
:1010F0005B68636004BF521822602C60ECE71A46FC
:101100005B680BB1A342FAD911685518A5420BD1FF
:10111000246821445418A3421160DDD11C685B6827
:10112000536021441160D7E702D90C230360D3E751
:10113000256861198B4204BF19685B68636004BF4E
:10114000491921605460C7E703B030BD40830020D7
:10115000F8B5CD1C25F0030508350C2D38BF0C253E
:10116000002D064601DBA94203D90C233360002081
:10117000F8BD01F015FA21490A6814469CB9204FC0
:101180003B6823B92146304600F080FB3860294691
:10119000304600F07BFB431C23D10C2333603046E8
:1011A00001F004FAE3E723685B1B17D40B2B03D988
:1011B00023601C44256004E06368A2420CBF0B60FE
:1011C0005360304601F0F2F904F10B00231D20F0CA
:1011D0000700C21ACCD01B1AA350C9E72246646884
:1011E000CCE7C41C24F00304A042E3D0211A30460B
:1011F00000F04CFB0130DDD1CFE700BF4083002081
:10120000448300202DE9FF4755EC104B002D0E467E
:1012100019462B46BBBF05F100431D4600232D2375
:101220000B700D9BDDF830A0914623F02008BCBF69
:1012300022461446B8F1460F05D0B8F1450F00D14B
:101240000136022100E0032103AB019302AB0093BE
:1012500045EC104B5346324600F0BEFBB8F1470F49
:10126000074602D119F0010F22D0B8F1460F07EB63
:10127000060910D13B78302B0AD1002200232046EA
:10128000294602F0E9F818B9C6F10106CAF800606B
:10129000DAF800309944002200232046294602F063
:1012A000DBF808B1CDF80C903022039B4B4507D3F7
:1012B000039B0E9ADB1B3846136004B0BDE8F08731
:1012C000591C03911A70F0E7F7B503460029B8BF1F
:1012D000494203F8022BB4BF2D222B220929427068
:1012E0002ADD0DF10704A4460A27A6460A4691FB0B
:1012F000F7F607FB16153035632A04F1FF340EF8B4
:10130000015C3146F1DC3031AEF1020504F8011C1C
:10131000441C294661450AD30DF10902A2EB0E02D5
:10132000654588BF00221344181A03B0F0BD11F8B8
:10133000012B04F8012FEDE7302330318370C170A9
:10134000031DF1E72DE9F04F2DED028B8DB00C461A
:10135000DDF8608016461F46054601F01BF9D0F8FF
:1013600000A0504600F0A2FA00230A9323680593D8
:10137000D8F8003094F818B0073323F0070303F1CE
:101380000802C8F80020D3E90023C4E91223D4E9F5
:10139000128929F000430793CDF8188008EE100A4F
:1013A0009F4BDDE906014FF0FF3202F087F888BB62
:1013B000DDE906019A4B4FF0FF3202F061F848BBBD
:1013C000002200234046494602F050F810B12D2378
:1013D00084F84330934B9448BBF1470F94BF984631
:1013E000804603232361059B23F0040222604FF013
:1013F0000009009733460BAA2146284600F0D8F989
:10140000013040F090804FF0FF300DB0BDEC028B0A
:10141000BDE8F08F42464B464046494602F04EF842
:1014200040B14B46002BBCBF2D2384F843307F488E
:101430007F4BD1E763680BF0DF0206925A1C3FD165
:1014400006236360059B616843F480620023039375
:101450000AABCDE901B309AB49EC108B00932260D4
:101460000DF123032846FFF7CDFE069B0999472B74
:10147000804608D1C81C02DB6368994241DDABF1AC
:10148000020B5FFA8BFBBBF1650F20D801395A467E
:1014900004F150000991FFF717FF0A9A1318012A67
:1014A0008146236102DC2268D20701D50133236122
:1014B0009DF82330002B9CD02D2384F8433098E7EF
:1014C000069A472ABED1002BBCD10123B9E7BBF154
:1014D000660F18D1002963680BDD216113B92268FA
:1014E000D00702D501330B442361A1654FF00009F9
:1014F000DEE713B92268D20701D50233F4E70123EE
:10150000F2E74FF0670B0A9B994205DB23682161E4
:10151000D807EAD54B1CE7E70029D4BFC1F1020286
:1015200001221344E0E723685A0507D423694246A1
:1015300031462846B84701302CD164E7BBF1650F2E
:1015400040F2E080D4E912010022002301F084FF80
:10155000002834D0374A012331462846B8470130A5
:101560003FF451AFDDE909239A4202DB2368D80733
:1015700010D518EE103A524631462846B847013089
:101580003FF441AF4FF0000804F11A090A9B013BF8
:10159000434509DC23689B0700F10581E0680B9B4C
:1015A0009842B8BF184630E701234A4631462846DC
:1015B000B84701303FF427AF08F10108E6E7099B7F
:1015C000002B39DC1B4A012331462846B84701303D
:1015D0003FF419AFDDE90923134302D12368D9078A
:1015E000D8D518EE103A524631462846B847013051
:1015F0003FF409AF4FF0000904F11A0A099B5B425E
:101600004B4501DC0A9B92E70123524631462846AE
:10161000B84701303FF4F7AE09F10109EEE700BF2A
:10162000FFFFEF7F3C3803004038030048380300D9
:10163000443803004C3803000A9AA36D9A42A8BFAD
:101640001A46002A914637DC4FF0000B29EAE97967
:1016500004F11A02A36D0593A3EB09035B4533DC88
:10166000DDE909239A423BDB2368DA0738D40A9A7A
:10167000059B0999D31AA2EB01099945A8BF994680
:10168000B9F1000F35DC4FF0000829EAE97904F1DF
:101690001A0ADDE909239B1AA3EB090343457FF7E7
:1016A00079AF0123524631462846B84701303FF40E
:1016B000AAAE08F10108ECE7134631464246284637
:1016C000B8470130C0D19EE6012331462846059235
:1016D000B84701303FF497AE059A0BF1010BB9E71B
:1016E00018EE103A524631462846B8470130BED16E
:1016F00089E6059A4B46424431462846B8470130B0
:10170000C1D180E60A9A012A01DCDB0738D5012322
:10171000424631462846B84701303FF474AE18EED1
:10172000103A524631462846B84701303FF46BAE76
:10173000D4E912010022002301F08EFED8B90A9BE1
:1017400008F10102013B31462846B84701300ED16D
:1017500059E60123524631462846B84701303FF446
:1017600052AE08F101080A9B013B4345F1DC4B46B0
:1017700004F15002DCE64FF0000804F11A0AF2E727
:1017800001234246DFE701234A4631462846B8474F
:1017900001303FF438AE08F10108E3680B995B1A99
:1017A0004345F0DCFAE64FF0000804F11909F4E7CC
:1017B0002DE9F047164699468A680B69DDF82080C6
:1017C0009342B8BF1346336091F8432007460C4656
:1017D0000AB1013333602368990642BF336802338C
:1017E0003360256815F0060506D104F1190AE3688F
:1017F00032689B1AAB4226DC94F84320131E226801
:1018000018BF012392062BD404F1430249463846FF
:10181000C04701301ED02368E568326803F0060334
:10182000042B08BFAD1AA36822690CBF25EAE57531
:1018300000259342C4BF9B1AED1800261A34B54206
:101840001AD1002008E00123524649463846C047D5
:10185000013003D14FF0FF30BDE8F0870135C6E716
:10186000E1185A1C302081F84300224494F84510B6
:1018700082F843100233C7E701232246494638461F
:10188000C0470130E6D00136D9E7000038B5064D33
:101890000023044608462B6001F04EFE431C02D193
:1018A0002B6803B1236038BDD0850020034613F8B0
:1018B000012B002AFBD1181A013870472DE9F74F88
:1018C00003690C69A3420746C0F28180013C01F123
:1018D000140800F1140505EB8403019358F8243033
:1018E00055F8242001339A424FEA840B08EB84090F
:1018F000B2FBF3F631D34FF0000E4046AC46F24651
:1019000050F8042B93B206FB03E34FEA134E9BB24D
:10191000AAEB0303120CDCF800A006FB02E213FAA8
:101920008AF34FEA124E1FFA82FADCF80020CAEB63
:10193000124202EB23429BB243EA024381454CF838
:10194000043B4FEA224ADBD255F80B302BB9019BFE
:10195000043B9D421A462ED33C61384601F057F8AD
:10196000002824DB013628464FF0000C58F8042BE1
:10197000D0F800E093B2ACEB0303120C13FA8EF331
:10198000C2EB1E4202EB23429BB243EA0243C14533
:1019900040F8043B4FEA224CE8D255F8242005EBEE
:1019A000840322B9043B9D421A460AD33C61304667
:1019B00003B0BDE8F08F1268043B002ACCD1013C93
:1019C000C7E71268043B002AF0D1013CEBE7002096
:1019D000EEE70000000000002DE9F04F2DED028B36
:1019E00057EC106B95B0456ADDF880800591CDE924
:1019F0000267044609920F933DB91020FFF702F9E0
:101A0000C0E9015560620560C560636A196851B13B
:101A10005A684A60012393408B60204600F000FE24
:101A2000636A00221A603B1EB9BF23F00043039390
:101A30000023C8F80030DDF80C90B74BBCBF012282
:101A4000C8F8002033EA09031BD10F9A42F20F7342
:101A50001360C9F31303334300F07585219B63B909
:101A6000AE4B25E0AE4B00930833219A13600098EB
:101A700015B0BDEC028BBDE8F08FA84B009303338B
:101A8000F3E79DED027B002251EC170B00238DED57
:101A90000A7B01F0E1FC804660B10F9A01231360DC
:101AA000219B002B00F04C859E4B219A1360013B3B
:101AB0000093DCE79DED0A0B12AA13A9204601F062
:101AC00038F8C9F30A558246002D7ED00B9BCDF81D
:101AD0004080C3F31303DDE90A6743F07F5747F4FF
:101AE0004017A5F2FF35904B00223046394601F0F1
:101AF00093F883A3D3E9002301F046FA82A3D3E944
:101B0000002301F08BF8064628460F4601F0D2F973
:101B10007FA3D3E9002301F037FA02460B46304693
:101B2000394601F07BF806460F4601F0DDFC002245
:101B3000814600233046394601F098FC48B14846BA
:101B400001F0B8F932463B4601F086FC08B909F1CC
:101B5000FF39B9F1160F56D8744B03EBC903D3E91B
:101B60000023DDE90A0101F081FC00284DD009F1D4
:101B7000FF3900230E93129B5D1B6B1E049343BF22
:101B80000023C5F1010804934FF00008B9F1000FDC
:101B90003DDB049BCDF834904B4404930023069323
:101BA000059B092B00F29A80052BC4BF043B0593CB
:101BB000059BA3F10203CCBF00250125032B00F2F6
:101BC0009980DFE803F02C7D7B89DDE912531D4409
:101BD00005F23243202BC1BFC3F1400305F212408E
:101BE00009FA03F326FA00F0DABFC3F1200306FA7C
:101BF00003F0184301F04EF901230646A1F1F877EE
:101C0000013D10936FE70123B4E70E90B3E7C9F1EC
:101C1000000306930023A8EB09080D93C0E70023F7
:101C20000893099B002B00F385804FF0010BCDF842
:101C300004B05B46CDF824B0666A002272600422CC
:101C400002F11400984271687AD9204600F0B4FC81
:101C5000636A30601B680093019B0E2B00F2F580D5
:101C6000002D00F0F280B9F1000F7DDD2F4A09F060
:101C70000F0302EBC30393ED007B19F4807F4FEA5F
:101C80002917B0EE478AF0EE678A5DD0284BDDE970
:101C90000A01D3E9082301F0A1FACDE9020107F016
:101CA0000F070325224E002F50D1DDE9020153EC2E
:101CB000182B01F093FACDE902016FE00123AFE7A1
:101CC00000230893099B09EB030B0BF10103012B84
:101CD0000193B8BF0123AFE70123F2E701250023F9
:101CE000059308954FF0FF3B0022CDF804B0122376
:101CF0000992A1E701230893F4E700BFAFF3008046
:101D000061436F63A787D23FB3C8608B288AC63F01
:101D1000FB799F501344D33F0000F07F57380300F6
:101D20004E3803004D3803000000F83FE838030048
:101D3000C0380300DDF824B0CDF804B05B467BE783
:101D40000131716052007BE70225ABE7F90708D546
:101D500051EC180BD6E9002301F016F941EC180BF1
:101D600001357F1008369EE700F0AB80C9F1000610
:101D7000AA4BAB4F06F00F0203EBC203D3E90023DB
:101D8000DDE90A0101F000F9CDE902013611002375
:101D90000225002E40F08A80002B8CD10E9B002B58
:101DA00000F09180DDE902679E4B00223046394603
:101DB00001F05CFB002800F08680019B002B00F006
:101DC0008280BBF1000F3CDD09F1FF330793002255
:101DD000954B3046394601F0D7F8CDE9020101357F
:101DE000CDF830B0DDE90267284601F063F83246ED
:101DF0003B4601F0C9F88D4B002200F00FFFA1F126
:101E00005073CDE9020103930C9B002B60D1884BEA
:101E100000223046394600F0FFFEDDE90223064687
:101E20000F4601F041FB002840F09982DDE90221D4
:101E3000304601F10043394601F018FB002840F01C
:101E40008B82DDE90A23CDE90223139B002BC0F22C
:101E50005B81B9F10E0F00F35781704B03EBC9039F
:101E600093ED007B099BB0EE478AF0EE678A002B6A
:101E700080F2E280019B002B00F3DE8040F06C8258
:101E80006B4B51EC170B002201F07EF8DDE90223C9
:101E900001F000FB019E3746002840F04282009D81
:101EA000312305F8013B09F101093EE2F20705D5AE
:101EB000D7E9002301F068F80135012376100837CF
:101EC00067E702256AE7019BCDF81C900C9389E730
:101ED00000990C980C9A514B9DED027B01440291A4
:101EE0000899B0EE478AF0EE678A03EBC20353E924
:101EF0000223002945D04F49002001F06FF953EC2F
:101F0000182B00F089FE009D41EC180B3946304635
:101F100001F0EAFA0C9000F0CDFF02460B46304685
:101F2000394600F079FE0C9B303305F8013B53EC49
:101F3000182B06460F4601F099FA002865D1324663
:101F40003B463849002000F067FE53EC182B01F0A7
:101F50008DFA002840F0B880029B9D423FF471AF9B
:101F6000314B51EC180B002201F00EF82E4B41ECD6
:101F7000180B00223046394601F006F806460F4697
:101F8000C4E751EC170B00F0FFFF029B009D0C9380
:101F900041EC180B3946304601F0A6FA119000F0DA
:101FA00089FF02460B463046394600F035FE119B4C
:101FB000303305F8013B029B9D4206460F464FF029
:101FC000000225D11B4B51EC180B00F027FE0246F6
:101FD0000B463046394601F067FA002874D153ECBD
:101FE000182B1449002000F017FE02460B4630461D
:101FF000394601F03BFA00283FF423AF0C9D6B1EDD
:102000000C9315F8013C302BF8D0DDF81C9049E01A
:10201000054B00F0B9FF06460F46BBE7E838030062
:10202000C03803000000F03F0000244000001C40C6
:10203000000014400000E03FDDE90267009D53EC22
:10204000182B3046394601F0C9F801F04DFA8046A8
:1020500000F030FF53EC182B00F096FF02460B46C1
:102060003046394608F1300600F0D6FD05F8016B20
:10207000009E019FAE1BB74202460B4637D100F0CF
:10208000CDFD53EC182B06460F4601F00DFAC8B9EA
:1020900053EC182B3046394601F0DEF910B118F038
:1020A000010F0FD12046514600F0BAFA00232B70E1
:1020B0000F9B09F101001860219B002B3FF4D7AC66
:1020C0001D60D4E4CDF81C902B461D4613F8012D5D
:1020D000392A08D1009A9A42F7D1079A0099013219
:1020E000079230220A701A7801321A708DE79E4BDF
:1020F000002200F049FF0022002306460F4601F0AF
:10210000ABF900289BD0CDE7089A002A00F0C680E2
:10211000059A012A00F3AA80109A002A00F0A280F2
:1021200003F23343069E4546049A01211A44204691
:102130009844049200F019FB0746002D0BDD049B28
:10214000002B08DDAB42049AA8BF2B46A8EB03087E
:10215000ED1AD31A0493069BFBB1089B002B00F0E9
:10216000A180002E11DD39463246204600F0A2FB48
:10217000524601460746204600F000FB51460790B4
:10218000204600F04DFA079B9A46069B9A1B04D006
:102190005146204600F08EFB82460121204600F089
:1021A000E4FA0D9B002B06467EDD1A4601462046CA
:1021B00000F080FB059B012B064678DD002306938B
:1021C000336906EB8303186900F07FFAC0F1200041
:1021D000049B184410F01F0000F08880C0F1200319
:1021E000042B40F38180C0F11C00049B0344804415
:1021F00005440493B8F1000F05DD514642462046E0
:1022000000F0A6FB8246049B002B05DD31461A46F2
:10221000204600F09DFB06460E9B002B68D0314601
:10222000504600F0F4FB002862DA002351460A22EF
:10223000204600F00CFA089B09F1FF398246002B7A
:1022400000F08881394600230A22204600F0FFF979
:10225000BBF1000F074600F38F80059B022B40F374
:102260008B804DE0129BC3F136035BE7019B5E1E42
:10227000069BB342BFBF069B0696F21A0D9BB6BFE4
:102280009B189E1B0D93019BB8BF0026002BB5BF6A
:10229000A8EB0305019B0023454645E7069E089FE2
:1022A00045464AE7069A73E7059B012B18DC029B1B
:1022B000B3B9039BC3F31303A3B9039B23F00043F8
:1022C0001B0D1B052BB1049B0133049308F101087E
:1022D000012306930D9B002B7FF472AF012077E75B
:1022E0000023F6E7029BF4E784D018461C307CE715
:1022F000019B002B3ADC059B022B37DDDDF804B097
:10230000BBF1000F0DD131465B460522204600F09F
:102310009EF901460646504600F079FB00283FF73B
:10232000BEAD099B009D6FEA03094FF000083146DE
:10233000204600F075F9002F3FF4B4AEB8F1000F5D
:1023400005D0B84503D04146204600F069F939462A
:10235000204600F065F9A5E600263746E1E70C9E29
:10236000DDF81C9037469AE500002440089BDDF814
:1023700004B0002B00F0F580002D05DD39462A461B
:10238000204600F0E5FA0746069B002B55D07968F9
:10239000204600F011F93A6902320546920007F131
:1023A0000C010C30FEF744FE01222946204600F0C5
:1023B000CFFA009B01330193009B5B440793029B80
:1023C00003F00103B84606930746019B3146504689
:1023D00003F1FF3BFFF772FA0346303302904146A8
:1023E0005046089300F013FB3A46049031462046CD
:1023F00000F029FBC268089B054602BB0146504617
:1024000000F005FB089B024629462046CDE908322C
:1024100000F006F9059B099A019D43EA0201069B1B
:102420000B43089B0DD1392B27D0049A002A01DDDC
:10243000029B31338BF8003079E73846B9E7012247
:10244000E2E70499002904DB05980143069801435B
:1024500020D1002AEEDD514601222046019300F0F2
:1024600077FA3146824600F0D2FA0028019B02DC5E
:10247000E0D1DA07DED5392BDAD139238BF80030F9
:102480002B461D46013B15F8012C392A50D001324C
:102490001A704CE7002A03DD392BEED00133C9E76F
:1024A000019A079902F8013C8A422AD0514600233A
:1024B0000A22204600F0CBF8B84582464FF00003D0
:1024C0004FF00A024146204607D100F0C0F880468E
:1024D0000746019B0133019377E700F0B8F83946CE
:1024E000804600230A22204600F0B1F80746F0E7B4
:1024F000BBF1000F009ACCBF5D46012515444FF09B
:102500000008514601222046019300F021FA31468D
:10251000824600F07CFA0028B2DC02D1019BDB0786
:10252000AED42B461D4613F8012D302AFAD0FEE614
:10253000009A9A42A5D1312309F101091370F6E6F8
:10254000124BFFF7B5BA219B002B7FF48BAA104BDF
:10255000FFF7AEBABBF1000F03DC059B022B3FF780
:10256000CFAE009D31465046FFF7A8F900F1300389
:1025700005F8013B009AAA1A9345B9DD514600239C
:102580000A22204600F063F88246EBE74C3803004D
:102590004E3803000048704778620020704770474B
:1025A0000148FFF7FBBF00BFC88500200148FFF7C7
:1025B000F6BF00BFC885002070B5466A04460D46C8
:1025C0003EB91020FEF71EFBC0E90166606206609E
:1025D000C660666AF36883B1636ADB6853F82500F6
:1025E000B8B9012101FA05F6721D92002046FEF7E6
:1025F0004FFD60B1C0E901560EE0212204212046C2
:10260000FEF746FD636AF060DB68002BE4D1002032
:1026100070BD026843F825200023C0E90333F7E7C3
:1026200070B5466A05460C463EB91020FEF7EAFA38
:10263000C0E9016668620660C6603CB16B6A6268A8
:10264000DB6853F82210216043F8224070BD2DE969
:10265000F0410E69074698460C4601F1140000232C
:102660000568A9B202FB01814FEA114C2D0C02FB57
:1026700005C589B2013301EB05419E4240F8041BB8
:102680004FEA1548ECDCB8F1000F1BD0A368B34249
:1026900012DC616838460131FFF78EFF2269023291
:1026A00004F10C01054692000C30FEF7C1FC2146F6
:1026B0003846FFF7B5FF2C4604EB86030136C3F816
:1026C000148026612046BDE8F081030C1B04D3B9B9
:1026D0000004102310F07F4F04BF0002083310F0F5
:1026E000704F04BF0001043310F0404F04BF80005E
:1026F0000233002805DB10F0804F03F1010308BF0F
:102700002023184670470023E4E7036813F007020C
:1027100001460BD0DA0724D4980749BF5B089B0811
:1027200001200B605CBF0B600220704798B2B0B90B
:102730001B0C102013F0FF0F04BF1B0A08301A07F0
:1027400004BF1B0904309A0704BF9B080230DA0754
:1027500003D45B0800F1010005D00B607047104600
:10276000E8E7002070472020704710B50C46012193
:10277000FFF722FF01224461026110BD2DE9F04FF5
:1027800015460A692B699A42B8BF0B460C46BCBF76
:102790002C461D462769D5F81090A368616807EBA1
:1027A0000906B342B8BF013185B0FFF705FF00F15C
:1027B000140101EB86080B46002243451DD304F1AA
:1027C000140305F1140203EB870702EB890302935C
:1027D0003B1B153B23F00303043304F11505AF4203
:1027E00038BF04230193029B0392934208D8002E22
:1027F0005ADC066105B0BDE8F08F43F8042BDCE736
:10280000B2F800A0BAF1000F24D004F1140E8946EA
:102810004FF0000C5EF8045BD9F800B0ABB21FFAC1
:102820008BFB0AFB03B34FEA154BD9F80050634406
:102830004FEA154C0AFB0BC505EB13459BB243EA67
:102840000543774549F8043B4FEA154CE2D8019B14
:1028500041F803C0039BB3F802900432B9F1000FB2
:1028600020D00B6804F1140C8E464FF0000ABCF81F
:102870000050BEF802B009FB05B5AA449BB243EA7A
:102880000A434EF8043B5CF8043BBEF800501B0CB6
:1028900009FB035303EB1A4367454FEA134AE6D893
:1028A000019D4B5104319EE758F8043D002BA0D107
:1028B000013E9CE72DE9F843154612F00302064657
:1028C0000F4607D0214C013A002354F82220FFF78D
:1028D000BEFE0746AD1035D0746A3CB91020FEF735
:1028E00091F9C0E9014470620460C460D6F82480A4
:1028F000D8F808404CB940F271213046FFF735FF57
:102900000023C8F80800044603604FF00009EB07F5
:102910000AD5394622463046FFF730FF3946804611
:102920003046FFF77DFE47466D100BD0206838B962
:10293000224621463046FFF721FF2060C0F8009074
:102940000446E4E73846BDE8F88300BFB039030029
:102950002DE9F0470C464968236903EB6218A36828
:10296000074691464FEA621A08F10106B3423FDB7F
:102970003846FFF721FE0023054600F1140100F15F
:1029800010021846534536DB20692AEAEA7A04F138
:10299000140319F01F0901EB8A0103EB800C2ED000
:1029A000C9F1200E8A460022186800FA09F0024395
:1029B0004AF8042B53F8042B9C4522FA0EF2F3D864
:1029C000ACEB0403153B23F00303043304F11500BF
:1029D000604588BF0423CA500AB108F10206013ECF
:1029E00038462E612146FFF71BFE2846BDE8F087DA
:1029F00001315B00BAE742F8040F0133C2E7043942
:102A000053F8042B41F8042F9C45F9D8E7E730B57B
:102A100002690C69121B0ED100F11403143103EB8F
:102A2000840001EB840150F8045D51F8044DA54287
:102A300003D005D30122104630BD8342F3D3FAE719
:102A40004FF0FF32F7E72DE9F84F0C4606461146E6
:102A500020461746FFF7DBFF051E08D12946304602
:102A6000FFF7AAFD0123C0E90435BDE8F88FA4BF34
:102A70003B46274630467968A6BF1C4600250125FF
:102A8000FFF79AFD3E69C560256907F1140104F15D
:102A9000140900F1140E07F1100201EB860C09EB8A
:102AA0008505F246002759F8043B52F804BF1FFA87
:102AB00083F817FA8BF71B0CA7EB0808C3EB1B4333
:102AC00003EB28431FFA88F81F144D4548EA0343D7
:102AD0004AF8043BE7D82B1B153B23F003030433D0
:102AE0001534A54238BF0423194473449E460D464D
:102AF00065450ED30CF10302521A22F0030203398A
:102B00008C4538BF00221A4452F8043D7BB106615F
:102B1000ABE755F8048B17FA88F4221402EB18423D
:102B2000A4B244EA02444EF8044B1714E0E7013E15
:102B3000EAE72DE9F7438946012157EC106B9046EF
:102B4000FFF73AFDC7F30A550446C7F3130335BB35
:102B5000002E019328D068460096FFF7D6FD009915
:102B600000B3019AC0F1200302FA03F30B43C24001
:102B700063610192019BA361002B14BF0222012219
:102B80002261D5B1A5F233450544C9F80050C0F122
:102B90003500C8F80000204603B0BDE8F08343F4D8
:102BA0008013D5E76161E5E701A8FFF7AEFD019B62
:102BB0006361012222612030E3E704EB8203A0F28B
:102BC0003240C9F800001869FFF77FFDC0EB4210E2
:102BD000DFE782B001B901A942B14BB113780B60B4
:102BE0001278101E18BF012002B070471046FBE794
:102BF0006FF00100F8E749B1FF2A85BF8A2303601F
:102C00000A704FF0FF3098BF0120704708467047A8
:102C100081F0004102E000BF83F0004330B54FEA8D
:102C200041044FEA430594EA050F08BF90EA020FFA
:102C30001FBF54EA000C55EA020C7FEA645C7FEA8D
:102C4000655C00F0E2804FEA5454D4EB5555B8BFB0
:102C50006D420CDD2C4480EA020281EA030382EA21
:102C6000000083EA010180EA020281EA0303362DB3
:102C700088BF30BD11F0004F4FEA01314FF4801C86
:102C80004CEA113102D0404261EB410113F0004F98
:102C90004FEA03334CEA133302D0524263EB43034F
:102CA00094EA050F00F0A780A4F10104D5F1200EED
:102CB0000DDB02FA0EFC22FA05F2801841F1000148
:102CC00003FA0EF2801843FA05F359410EE0A5F11C
:102CD00020050EF1200E012A03FA0EFC28BF4CF04D
:102CE000020C43FA05F3C01851EBE37101F0004503
:102CF00007D54FF0000EDCF1000C7EEB00006EEB10
:102D00000101B1F5801F1BD3B1F5001F0CD3490899
:102D10005FEA30004FEA3C0C04F101044FEA4452F0
:102D200012F5800F80F09A80BCF1004F08BF5FEA77
:102D3000500C50F1000041EB045141EA050130BD57
:102D40005FEA4C0C404141EB0101013C28BFB1F569
:102D5000801FE9D291F0000F04BF01460020B1FAB4
:102D600081F308BF2033A3F10B03B3F120020CDA87
:102D70000C3208DD02F1140CC2F10C0201FA0CF065
:102D800021FA02F10CE002F11402D8BFC2F1200CCA
:102D900001FA02F120FA0CFCDCBF41EA0C01904080
:102DA000E41AA2BF01EB0451294330BD6FEA0404C9
:102DB0001F3C1CDA0C340EDC04F11404C4F12002B4
:102DC00020FA04F001FA02F340EA030021FA04F3C6
:102DD00045EA030130BDC4F10C04C4F1200220FA1D
:102DE00002F001FA04F340EA0300294630BD21FA5B
:102DF00004F0294630BD94F0000F83F4801306BF21
:102E000081F480110134013D4EE77FEA645C18BF14
:102E10007FEA655C29D094EA050F08BF90EA020FAB
:102E200005D054EA000C04BF1946104630BD91EAA3
:102E3000030F1EBF0021002030BD5FEA545C05D1A6
:102E40004000494128BF41F0004130BD14F58004E5
:102E50003CBF01F5801130BD01F0004545F0FE4159
:102E600041F470014FF0000030BD7FEA645C1ABF8E
:102E7000194610467FEA655C1CBF0B46024650EAC5
:102E8000013406BF52EA033591EA030F41F40021F1
:102E900030BD00BF90F0000F04BF0021704730B577
:102EA0004FF4806404F132044FF000054FF000014C
:102EB00050E700BF90F0000F04BF0021704730B50D
:102EC0004FF4806404F1320410F0004548BF4042E2
:102ED0004FF000013EE700BF42004FEAE2014FEA37
:102EE00031014FEA02701FBF12F07F4393F07F4F12
:102EF00081F06051704732F07F4208BF704793F015
:102F00007F4F04BF41F40021704730B54FF4607427
:102F100001F0004521F000411CE700BF50EA01022A
:102F200008BF704730B54FF000050AE050EA0102D3
:102F300008BF704730B511F0004502D5404261EB43
:102F400041014FF4806404F132045FEA915C3FF484
:102F5000D8AE4FF003025FEADC0C18BF03325FEA21
:102F6000DC0C18BF033202EBDC02C2F1200300FAD2
:102F700003FC20FA02F001FA03FE40EA0E0021FAF7
:102F800002F11444BDE600BF70B54FF0FF0C4CF4E5
:102F9000E06C1CEA11541DBF1CEA135594EA0C0F97
:102FA00095EA0C0F00F0DEF82C4481EA030621EAD2
:102FB0004C5123EA4C5350EA013518BF52EA03350D
:102FC00041F4801143F4801338D0A0FB02CE4FF0BF
:102FD0000005E1FB02E506F00042E0FB03E54FF0EF
:102FE0000006E1FB03569CF0000F18BF4EF0010EE7
:102FF000A4F1FF04B6F5007F64F5407404D25FEAE3
:103000004E0E6D4146EB060642EAC62141EA555195
:103010004FEAC52040EA5E504FEACE2EB4F1FD0CD7
:1030200088BFBCF5E06F1ED8BEF1004F08BF5FEA55
:10303000500E50F1000041EB045170BD06F0004607
:1030400046EA010140EA020081EA0301B4EB5C04B4
:10305000C2BFD4EB0C0541EA045170BD41F48011AC
:103060004FF0000E013C00F3AB8014F1360FDEBFD1
:10307000002001F0004170BDC4F10004203C35DAAD
:103080000C341BDC04F11404C4F1200500FA05F330
:1030900020FA04F001FA05F240EA020001F00042D1
:1030A00021F0004110EBD37021FA04F642EB060147
:1030B0005EEA430E08BF20EAD37070BDC4F10C0471
:1030C000C4F1200500FA04F320FA05F001FA04F235
:1030D00040EA020001F0004110EBD37041F1000121
:1030E0005EEA430E08BF20EAD37070BDC4F120052C
:1030F00000FA05F24EEA020E20FA04F301FA05F294
:1031000043EA020321FA04F001F0004121FA04F23B
:1031100020EA020000EBD3705EEA430E08BF20EA0B
:10312000D37070BD94F0000F0FD101F00046400045
:1031300041EB010111F4801F08BF013CF7D041EAC7
:10314000060195F0000F18BF704703F000465200CB
:1031500043EB030313F4801F08BF013DF7D043EA9C
:103160000603704794EA0C0F0CEA135518BF95EA52
:103170000C0F0CD050EA410618BF52EA4306D1D1D9
:1031800081EA030101F000414FF0000070BD50EAF8
:10319000410606BF1046194652EA430619D094EA82
:1031A0000C0F02D150EA013613D195EA0C0F05D16C
:1031B00052EA03361CBF104619460AD181EA0301C0
:1031C00001F0004141F0FE4141F470014FF0000078
:1031D00070BD41F0FE4141F4780170BD70B54FF013
:1031E000FF0C4CF4E06C1CEA11541DBF1CEA135593
:1031F00094EA0C0F95EA0C0F00F0A7F8A4EB050475
:1032000081EA030E52EA03354FEA013100F088806B
:103210004FEA03334FF0805545EA131343EA126334
:103220004FEA022245EA111545EA10654FEA0026E9
:103230000EF000419D4208BF964244F1FD0404F5A2
:10324000407402D25B084FEA3202B61A65EB0305FE
:103250005B084FEA32024FF480104FF4002CB6EBBB
:10326000020E75EB030E22BFB61A754640EA0C003B
:103270005B084FEA3202B6EB020E75EB030E22BF7B
:10328000B61A754640EA5C005B084FEA3202B6EBBC
:10329000020E75EB030E22BFB61A754640EA9C007B
:1032A0005B084FEA3202B6EB020E75EB030E22BF4B
:1032B000B61A754640EADC0055EA060E18D04FEA09
:1032C000051545EA16754FEA06164FEAC30343EAA9
:1032D00052734FEAC2025FEA1C1CC0D111F4801F76
:1032E0000BD141EA00014FF000004FF0004CB6E76F
:1032F00011F4801F04BF01430020B4F1FD0C88BF0E
:10330000BCF5E06F3FF6AFAEB5EB030C04BFB6EB18
:10331000020C5FEA500C50F1000041EB045170BD0B
:103320000EF0004E4EEA113114EB5C04C2BFD4EB38
:103330000C0541EA045170BD41F480114FF0000EBC
:10334000013C90E645EA060E8DE60CEA135594EA38
:103350000C0F08BF95EA0C0F3FF43BAF94EA0C0F3B
:103360000AD150EA01347FF434AF95EA0C0F7FF4B0
:1033700025AF104619462CE795EA0C0F06D152EA04
:1033800003353FF4FDAE1046194622E750EA4106E8
:1033900018BF52EA43067FF4C5AE50EA41047FF4F9
:1033A0000DAF52EA43057FF4EBAE12E74FF0FF3C5E
:1033B00006E000BF4FF0010C02E000BF4FF0010C2F
:1033C0004DF804CD4FEA410C7FEA6C5C4FEA430CA8
:1033D00018BF7FEA6C5C1BD001B050EA410C0CBFF7
:1033E00052EA430C91EA030F02BF90EA020F002059
:1033F000704710F1000F91EA030F58BF994208BFC0
:1034000090422CBFD8176FEAE37040F0010070477C
:103410004FEA410C7FEA6C5C02D150EA013C07D1D3
:103420004FEA430C7FEA6C5CD6D152EA033CD3D01E
:103430005DF8040B704700BF8446104662468C4618
:103440001946634600E000BF01B5FFF7B7FF00284B
:1034500048BF10F1000F01BD4DF808EDFFF7F4FF74
:103460000CBF012000205DF808FB00BF4DF808EDFF
:10347000FFF7EAFF34BF012000205DF808FB00BF22
:103480004DF808EDFFF7E0FF94BF012000205DF844
:1034900008FB00BF4DF808EDFFF7CEFF94BF0120F9
:1034A00000205DF808FB00BF4DF808EDFFF7C4FFF2
:1034B00034BF012000205DF808FB00BF4FEA410C3B
:1034C0007FEA6C5C02D150EA013C0AD14FEA430C1E
:1034D0007FEA6C5C02D152EA033C02D14FF000005B
:1034E00070474FF0010070474FEA410212F5001299
:1034F00015D211D56FF47873B3EB625212D94FEA3B
:10350000C12343F0004343EA505311F0004F23FA24
:1035100002F018BF404270474FF00000704750EA79
:10352000013005D111F0004008BF6FF00040704736
:103530004FF00000704700BF044A05491368002B94
:1035400008BF0B4618441060184670474883002097
:10355000D4850020FEE700BFF8B500BFF8BC08BC6A
:103560009E467047F8B500BFF8BC08BC9E46704741
:10357000524144494F204841524457415245204608
:1035800041494C454420544F20494E495449414CEF
:10359000495A4521000000002D2D2D205452414E46
:1035A000534D4954544552205354415254494E4767
:1035B000202D2D2D000000005472616E736D697412
:1035C00074696E672070756C73652E2E2E00000076
:1035D00044454352595054204641494C0000000094
:1035E0000338FDD87047000054696E795553422066
:1035F00053657269616C000000000000000000006B
:10360000E5800200597F0200497F0200C57E02006A
:10361000117F0200E57E02003D7F0200A17F0200D3
:10362000F0FFFFFF000000005181020047656E655A
:103630007269630053757065724D696E69206E52D0
:103640004635323834300000303132333435363795
:10365000383941424344454600000000120100024F
:103660000000004009128552000101020301000020
:1036700009020900000100A03200000041646166F7
:1036800072756974000000004D6173732053746F8C
:103690007261676500000000312E3000757362644E
:1036A00000000000050F3900021810050038B608A8
:1036B00034A909A0478BFDA0768815B665000101E5
:1036C000011C100500DF60DDD88945C74C9CD26520
:1036D0009D9E648A9F00000306B200020001030061
:1036E0005F757362645F71646566000000000000CE
:1036F000418C0200D58C0200018D02004D8D02002C
:103700000D8E0200D18E02000000000000000000BB
:10371000C998020000000000D9980200E998020050
:103720007D990200B19A0200000000000000000034
:103730003190020041900200459002005590020035
:103740003D910200619302000000000000000000B3
:1037500015A9020031A9020035A9020051A90200F1
:10376000B1AA020069B202000000000000000000DF
:1037700079940200ED94020019950200419502002F
:103780007196020075960200000000000000000023
:103790007DA20200F1A202001DA302003DA30200CF
:1037A0006D8902000DA4020000000000000101016B
:1037B00006000000080000001100000014000000D6
:1037C0001600000018000000200000000B000000A0
:1037D0002400000026000000090000000A0000008C
:1037E0002B0000002D0000002F0000000200000050
:1037F0001D0000001F00000021000000220000004A
:10380000270000000D0000000F0000000D0A00005E
:10381000546D725100000000546D722053766300A5
:103820006C6F6F70000000000100000043616C6C61
:103830006261636B0000000028610020494E460071
:10384000696E66004E414E006E616E003000496E3A
:1038500066696E697479004E614E000000000000D8
:103860000000000000000000000000000000000058
:103870000000000000000000000000000000000048
:103880000000000000000000000000000000000038
:103890000000000000000000000000000000000028
:1038A0000000000000000000000000000000000018
:1038B0000000000000000000000000000000000008
:1038C0000080E03779C34143176E05B5B5B893461C
:1038D000F5F93FE9034F384D321D30F94877825AE8
:1038E0003CBF737FDD4F1575000000000000F03F06
:1038F00000000000000024400000000000005940CB
:103900000000000000408F40000000000088C3401D
:1039100000000000006AF8400000000080842E4192
:1039200000000000D01263410000000084D79741DE
:103930000000000065CDCD41000000205FA00242E4
:10394000000000E876483742000000A2941A6D4259
:10395000000040E59C30A2420000901EC4BCD6424C
:1039600000003426F56B0C430080E03779C34143F7
:1039700000A0D8855734764300C84E676DC1AB436D
:10398000003D9160E458E143408CB5781DAF15448B
:1039900050EFE2D6E41A4B4492D54D06CFF0804466
:1039A000F64AE1C7022DB544B49DD9794378EA447B
:1039B00005000000190000007D0000004300504F8A
:1039C000534958002E0000202020202020202020B5
:1039D00028282828282020202020202020202020BF
:1039E00020202020202020881010101010101010EF
:1039F0001010101010101004040404040404040433
:103A000004101010101010104141414141410101BA
:103A10000101010101010101010101010101010196
:103A200001011010101010104242424242420202A4
:103A30000202020202020202020202020202020266
:103A40000202101010102000000000000000000012
:103A50000000000000000000000000000000000066
:103A60000000000000000000000000000000000056
:103A70000000000000000000000000000000000046
:103A80000000000000000000000000000000000036
:103A90000000000000000000000000000000000026
:103AA0000000000000000000000000000000000016
:103AB0000000000000000000000000000000000006
:0C3AC000000000000000000000000000FA
:083ACC008437FF7F01000000B8
:103AD4002A00000011223344550000000A000000AF
:103AE40000000306B200080001000000A80008005E
:103AF40002000000A0001400030057494E55534231
:103B04000000000000000000000084000400070022
:103B14002A004400650076006900630065004900DE
:103B24006E00740065007200660061006300650049
:103B340047005500490044007300000050007B001A
:103B440039003700350046003400340044003900A1
:103B54002D0030004400300038002D0034003300C4
:103B6400460044002D0038004200330045002D007B
:103B74003100320037004300410038004100460064
:103B840046004600390044007D00000000000000AB
:103B940010000C0074760020E036030000000000E2
:103BA4000000000000000000000000000000000011
:103BB4000000000000000000000000000000000001
:103BC40000000000000000000000000000000000F1
:103BD40000000000000000000000000000000000E1
:103BE400000000000000000000000000FF000000D2
:103BF4000090D00328610020000000007C380300FE
:103C04009C3803005C380300000000000000000042
:103C140000000000000000000000000000000000A0
:103C24000000000000000000000000000000000090
:103C34000000000000000000000000000000000080
:103C44000000000000000000000000000000000070
:103C5400000000000000000043000000000000001D
:103C64000000000000000000000000000000000050
:103C740000000000000000004300000000000000FD
:103C84000000000000000000000000000000000030
:103C940000000000000000004300000000000000DD
:103CA4000000000000000000000000000000000010
:103CB40000000000000000004300000000000000BD
:103CC40000000000000000000000000000000000F0
:103CD400000000000000000043000000000000009D
:103CE40000000000000000000000000000000000D0
:103CF400000000000000000043000000000000007D
:103D040000000000000000000000000000000000AF
:103D1400000000000000000043000000000000005C
:103D2400000000000000000000000000000000008F
:103D34000000000000000000F72B0300D32B030059
:103D440000000000C6390300C4390300C53903006C
:103D5400C5390300C5390300C5390300C53903005B
:103D6400C5390300C5390300C5390300C53903004B
:103D7400FFFFFFFFFFFFFFFFFFFFFFFFFFFF00004D
:103D840001004153434949000000000000000000C5
:103D9400000000000000000000000000000000001F
:103DA40000004153434949000000000000000000A6
:103DB40000000000000000000000000000000000FF
:103DC40000000000017202003572020071730200EB
:0C3DD400F582020065DC020011720200A2
:04000003300001299F
:00000001FF
